{
"type": "FeatureCollection",
"name": "Equipos FEN por OC",
"crs": { "type": "name", "properties": { "name": "urn:ogc:def:crs:OGC:1.3:CRS84" } },
"features": [
{ "type": "Feature", "properties": { "Nemonico OC": "AHO2", "tipo": "PE", "id_emplazamiento": 110702, "nombre_emplazamiento": "ALTO HOSPICIO II", "id_nodo": 405, "nombre_nodo": "ALTO HOSPICIO - PE80AHOS21-L", "Longitud": -70.102555590887505, "Latitud": -20.273046071872098, "title_nodo": null }, "geometry": { "type": "Point", "coordinates": [ -70.102555590887505, -20.273046071872098 ] } },
{ "type": "Feature", "properties": { "Nemonico OC": "MATN", "tipo": "PE", "id_emplazamiento": 510502, "nombre_emplazamiento": "MAITENCILLO", "id_nodo": 412, "nombre_nodo": "MAITENCILLO - PE204MAIT01-L HL4 (CLI DIR)", "Longitud": -71.431949882585002, "Latitud": -32.645996126409599, "title_nodo": null }, "geometry": { "type": "Point", "coordinates": [ -71.431949882585002, -32.645996126409599 ] } },
{ "type": "Feature", "properties": { "Nemonico OC": "VENT", "tipo": "PE", "id_emplazamiento": 1111117, "nombre_emplazamiento": "VENTANA", "id_nodo": 455, "nombre_nodo": "VENTANA - PE80VENT01-L", "Longitud": -71.4857127969468, "Latitud": -32.743100059249599, "title_nodo": null }, "geometry": { "type": "Point", "coordinates": [ -71.4857127969468, -32.743100059249599 ] } },
{ "type": "Feature", "properties": { "Nemonico OC": "LAVE", "tipo": "SW", "id_emplazamiento": 510106, "nombre_emplazamiento": "LAGUNA VERDE", "id_nodo": 1804, "nombre_nodo": "OLT-LAVE-1", "Longitud": -71.667618527656401, "Latitud": -33.104357893669999, "title_nodo": "LAVE_OLT_1" }, "geometry": { "type": "Point", "coordinates": [ -71.667618527656401, -33.104357893669999 ] } },
{ "type": "Feature", "properties": { "Nemonico OC": "LAVE", "tipo": "PE", "id_emplazamiento": 510106, "nombre_emplazamiento": "LAGUNA VERDE", "id_nodo": 413, "nombre_nodo": "LAGUNA VERDE - PE204LAVE01-L HL4 (CLI DIR)", "Longitud": -71.667618527656401, "Latitud": -33.104357893669999, "title_nodo": null }, "geometry": { "type": "Point", "coordinates": [ -71.667618527656401, -33.104357893669999 ] } },
{ "type": "Feature", "properties": { "Nemonico OC": "SRLA", "tipo": "SW", "id_emplazamiento": 1330202, "nombre_emplazamiento": "SANTA ROSA DE LAMPA", "id_nodo": 1687, "nombre_nodo": "OLT-SRLA01", "Longitud": -70.766584504517795, "Latitud": -33.244296132942601, "title_nodo": "SRLA_OLT_1" }, "geometry": { "type": "Point", "coordinates": [ -70.766584504517795, -33.244296132942601 ] } },
{ "type": "Feature", "properties": { "Nemonico OC": "SRLA", "tipo": "SW", "id_emplazamiento": 1330202, "nombre_emplazamiento": "SANTA ROSA DE LAMPA", "id_nodo": 1521, "nombre_nodo": "OLT-SRLA03", "Longitud": -70.766584504517795, "Latitud": -33.244296132942601, "title_nodo": "SRLA_OLT_3" }, "geometry": { "type": "Point", "coordinates": [ -70.766584504517795, -33.244296132942601 ] } },
{ "type": "Feature", "properties": { "Nemonico OC": "SRLA", "tipo": "PE", "id_emplazamiento": 1330202, "nombre_emplazamiento": "SANTA ROSA DE LAMPA", "id_nodo": 407, "nombre_nodo": "SANTA ROSA DE LAMPA - PE204SRLA01-L HL4 (CLI DIR)", "Longitud": -70.766584504517795, "Latitud": -33.244296132942601, "title_nodo": null }, "geometry": { "type": "Point", "coordinates": [ -70.766584504517795, -33.244296132942601 ] } },
{ "type": "Feature", "properties": { "Nemonico OC": "CASA", "tipo": "SW", "id_emplazamiento": 510201, "nombre_emplazamiento": "CASABLANCA", "id_nodo": 856, "nombre_nodo": "CBLA01-SW9303", "Longitud": -71.409694546324104, "Latitud": -33.317978584388499, "title_nodo": "SW93CBLA01" }, "geometry": { "type": "Point", "coordinates": [ -71.409694546324104, -33.317978584388499 ] } },
{ "type": "Feature", "properties": { "Nemonico OC": "CASA", "tipo": "PE", "id_emplazamiento": 510201, "nombre_emplazamiento": "CASABLANCA", "id_nodo": 355, "nombre_nodo": "CASABLANCA - PE96CBLA01 HL5 solo L2", "Longitud": -71.409694546324104, "Latitud": -33.317978584388499, "title_nodo": null }, "geometry": { "type": "Point", "coordinates": [ -71.409694546324104, -33.317978584388499 ] } },
{ "type": "Feature", "properties": { "Nemonico OC": "CASA", "tipo": "SW", "id_emplazamiento": 510201, "nombre_emplazamiento": "CASABLANCA", "id_nodo": 1537, "nombre_nodo": "OLT-CASA01", "Longitud": -71.409694546324104, "Latitud": -33.317978584388499, "title_nodo": null }, "geometry": { "type": "Point", "coordinates": [ -71.409694546324104, -33.317978584388499 ] } },
{ "type": "Feature", "properties": { "Nemonico OC": "CASA", "tipo": "SW", "id_emplazamiento": 510201, "nombre_emplazamiento": "CASABLANCA", "id_nodo": 921, "nombre_nodo": "CBLA69-HUAWEI", "Longitud": -71.409694546324104, "Latitud": -33.317978584388499, "title_nodo": null }, "geometry": { "type": "Point", "coordinates": [ -71.409694546324104, -33.317978584388499 ] } },
{ "type": "Feature", "properties": { "Nemonico OC": "CASA", "tipo": "SW", "id_emplazamiento": 510201, "nombre_emplazamiento": "CASABLANCA", "id_nodo": 1347, "nombre_nodo": "CBLA70-HUAWEI", "Longitud": -71.409694546324104, "Latitud": -33.317978584388499, "title_nodo": null }, "geometry": { "type": "Point", "coordinates": [ -71.409694546324104, -33.317978584388499 ] } },
{ "type": "Feature", "properties": { "Nemonico OC": "ALGR", "tipo": "SW", "id_emplazamiento": 560201, "nombre_emplazamiento": "ALGARROBO", "id_nodo": 1456, "nombre_nodo": "OLT-ALGR-1", "Longitud": -71.669272131395203, "Latitud": -33.365001501530799, "title_nodo": "ALGR-1- OLT" }, "geometry": { "type": "Point", "coordinates": [ -71.669272131395203, -33.365001501530799 ] } },
{ "type": "Feature", "properties": { "Nemonico OC": "ALGR", "tipo": "SW", "id_emplazamiento": 560201, "nombre_emplazamiento": "ALGARROBO", "id_nodo": 1719, "nombre_nodo": "ALGA02-PE40-L", "Longitud": -71.669272131395203, "Latitud": -33.365001501530799, "title_nodo": "PE40ALGA02-L" }, "geometry": { "type": "Point", "coordinates": [ -71.669272131395203, -33.365001501530799 ] } },
{ "type": "Feature", "properties": { "Nemonico OC": "QUIS", "tipo": "SW", "id_emplazamiento": 560401, "nombre_emplazamiento": "EL QUISCO", "id_nodo": 841, "nombre_nodo": "EQUI01-SW9303", "Longitud": -71.693920895057005, "Latitud": -33.398061785861103, "title_nodo": "SW93EQUI01" }, "geometry": { "type": "Point", "coordinates": [ -71.693920895057005, -33.398061785861103 ] } },
{ "type": "Feature", "properties": { "Nemonico OC": "QUIS", "tipo": "PE", "id_emplazamiento": 560401, "nombre_emplazamiento": "EL QUISCO", "id_nodo": 464, "nombre_nodo": "EL QUISCO - PE80EQUI01-L", "Longitud": -71.693920895057005, "Latitud": -33.398061785861103, "title_nodo": null }, "geometry": { "type": "Point", "coordinates": [ -71.693920895057005, -33.398061785861103 ] } },
{ "type": "Feature", "properties": { "Nemonico OC": "CART", "tipo": "SW", "id_emplazamiento": 560301, "nombre_emplazamiento": "CARTAGENA", "id_nodo": 1689, "nombre_nodo": "OLT-CART01", "Longitud": -71.602183811900701, "Latitud": -33.5479628283504, "title_nodo": "CART_OLT_1" }, "geometry": { "type": "Point", "coordinates": [ -71.602183811900701, -33.5479628283504 ] } },
{ "type": "Feature", "properties": { "Nemonico OC": "CART", "tipo": "PE", "id_emplazamiento": 560301, "nombre_emplazamiento": "CARTAGENA", "id_nodo": 336, "nombre_nodo": "CARTAGENA - PE96CART01 HL4 (CLI DIR)", "Longitud": -71.602183811900701, "Latitud": -33.5479628283504, "title_nodo": null }, "geometry": { "type": "Point", "coordinates": [ -71.602183811900701, -33.5479628283504 ] } },
{ "type": "Feature", "properties": { "Nemonico OC": "LBRI", "tipo": "SW", "id_emplazamiento": 1111113, "nombre_emplazamiento": "LAS BRISAS", "id_nodo": 1773, "nombre_nodo": "OLT-LBRI-1", "Longitud": 71.628040520719793, "Latitud": -33.698348296489499, "title_nodo": "LBRI_OLT_1" }, "geometry": { "type": "Point", "coordinates": [ 71.628040520719793, -33.698348296489499 ] } },
{ "type": "Feature", "properties": { "Nemonico OC": "LBRI", "tipo": "PE", "id_emplazamiento": 1111113, "nombre_emplazamiento": "LAS BRISAS", "id_nodo": 432, "nombre_nodo": "LAS BRISAS - PE80LBRI01-L", "Longitud": 71.628040520719793, "Latitud": -33.698348296489499, "title_nodo": null }, "geometry": { "type": "Point", "coordinates": [ 71.628040520719793, -33.698348296489499 ] } },
{ "type": "Feature", "properties": { "Nemonico OC": "SPED", "tipo": "SW", "id_emplazamiento": 810802, "nombre_emplazamiento": "SAN PEDRO", "id_nodo": 1460, "nombre_nodo": "OLT-SPED-3", "Longitud": -73.107631764393105, "Latitud": -36.839779725928103, "title_nodo": "SPED_OLT_3" }, "geometry": { "type": "Point", "coordinates": [ -73.107631764393105, -36.839779725928103 ] } },
{ "type": "Feature", "properties": { "Nemonico OC": "SPED", "tipo": "SW", "id_emplazamiento": 810802, "nombre_emplazamiento": "SAN PEDRO", "id_nodo": 1292, "nombre_nodo": "OLT-SPED-4", "Longitud": -73.107631764393105, "Latitud": -36.839779725928103, "title_nodo": "SPED_OLT_4" }, "geometry": { "type": "Point", "coordinates": [ -73.107631764393105, -36.839779725928103 ] } },
{ "type": "Feature", "properties": { "Nemonico OC": "SPED", "tipo": "SW", "id_emplazamiento": 810802, "nombre_emplazamiento": "SAN PEDRO", "id_nodo": 1815, "nombre_nodo": "OLT-SPED-5", "Longitud": -73.107631764393105, "Latitud": -36.839779725928103, "title_nodo": "SPED_OLT_5" }, "geometry": { "type": "Point", "coordinates": [ -73.107631764393105, -36.839779725928103 ] } },
{ "type": "Feature", "properties": { "Nemonico OC": "SPED", "tipo": "SW", "id_emplazamiento": 810802, "nombre_emplazamiento": "SAN PEDRO", "id_nodo": 1814, "nombre_nodo": "OLT-SPED-6", "Longitud": -73.107631764393105, "Latitud": -36.839779725928103, "title_nodo": "SPED_OLT_6" }, "geometry": { "type": "Point", "coordinates": [ -73.107631764393105, -36.839779725928103 ] } },
{ "type": "Feature", "properties": { "Nemonico OC": "SPED", "tipo": "SW", "id_emplazamiento": 810802, "nombre_emplazamiento": "SAN PEDRO", "id_nodo": 549, "nombre_nodo": "SPED01-SW9303", "Longitud": -73.107631764393105, "Latitud": -36.839779725928103, "title_nodo": "SW93SPED01" }, "geometry": { "type": "Point", "coordinates": [ -73.107631764393105, -36.839779725928103 ] } },
{ "type": "Feature", "properties": { "Nemonico OC": "SPED", "tipo": "SW", "id_emplazamiento": 810802, "nombre_emplazamiento": "SAN PEDRO", "id_nodo": 716, "nombre_nodo": "SPED02-SW9303", "Longitud": -73.107631764393105, "Latitud": -36.839779725928103, "title_nodo": "SW93SPED02" }, "geometry": { "type": "Point", "coordinates": [ -73.107631764393105, -36.839779725928103 ] } },
{ "type": "Feature", "properties": { "Nemonico OC": "SPED", "tipo": "PE", "id_emplazamiento": 810802, "nombre_emplazamiento": "SAN PEDRO", "id_nodo": 131, "nombre_nodo": "SAN PEDRO - AG76SPED01", "Longitud": -73.107631764393105, "Latitud": -36.839779725928103, "title_nodo": null }, "geometry": { "type": "Point", "coordinates": [ -73.107631764393105, -36.839779725928103 ] } },
{ "type": "Feature", "properties": { "Nemonico OC": "SPED", "tipo": "PE", "id_emplazamiento": 810802, "nombre_emplazamiento": "SAN PEDRO", "id_nodo": 400, "nombre_nodo": "SAN PEDRO - PE96SPED01-L HL4 (CLI DIR)", "Longitud": -73.107631764393105, "Latitud": -36.839779725928103, "title_nodo": null }, "geometry": { "type": "Point", "coordinates": [ -73.107631764393105, -36.839779725928103 ] } },
{ "type": "Feature", "properties": { "Nemonico OC": "SPED", "tipo": "PE", "id_emplazamiento": 810802, "nombre_emplazamiento": "SAN PEDRO", "id_nodo": 162, "nombre_nodo": "SAN PEDRO - SPED69 Huawei", "Longitud": -73.107631764393105, "Latitud": -36.839779725928103, "title_nodo": null }, "geometry": { "type": "Point", "coordinates": [ -73.107631764393105, -36.839779725928103 ] } },
{ "type": "Feature", "properties": { "Nemonico OC": "SPED", "tipo": "PE", "id_emplazamiento": 810802, "nombre_emplazamiento": "SAN PEDRO", "id_nodo": 167, "nombre_nodo": "SAN PEDRO - SPED70 Huawei", "Longitud": -73.107631764393105, "Latitud": -36.839779725928103, "title_nodo": null }, "geometry": { "type": "Point", "coordinates": [ -73.107631764393105, -36.839779725928103 ] } },
{ "type": "Feature", "properties": { "Nemonico OC": "SPED", "tipo": "PE", "id_emplazamiento": 810802, "nombre_emplazamiento": "SAN PEDRO", "id_nodo": 171, "nombre_nodo": "SAN PEDRO - SPED71 Huawei", "Longitud": -73.107631764393105, "Latitud": -36.839779725928103, "title_nodo": null }, "geometry": { "type": "Point", "coordinates": [ -73.107631764393105, -36.839779725928103 ] } },
{ "type": "Feature", "properties": { "Nemonico OC": "SPED", "tipo": "SW", "id_emplazamiento": 810802, "nombre_emplazamiento": "SAN PEDRO", "id_nodo": 676, "nombre_nodo": "SPED69-HUAWEI", "Longitud": -73.107631764393105, "Latitud": -36.839779725928103, "title_nodo": null }, "geometry": { "type": "Point", "coordinates": [ -73.107631764393105, -36.839779725928103 ] } },
{ "type": "Feature", "properties": { "Nemonico OC": "SPED", "tipo": "SW", "id_emplazamiento": 810802, "nombre_emplazamiento": "SAN PEDRO", "id_nodo": 679, "nombre_nodo": "SPED70-HUAWEI", "Longitud": -73.107631764393105, "Latitud": -36.839779725928103, "title_nodo": null }, "geometry": { "type": "Point", "coordinates": [ -73.107631764393105, -36.839779725928103 ] } },
{ "type": "Feature", "properties": { "Nemonico OC": "SPED", "tipo": "SW", "id_emplazamiento": 810802, "nombre_emplazamiento": "SAN PEDRO", "id_nodo": 1003, "nombre_nodo": "SPED71-HUAWEI", "Longitud": -73.107631764393105, "Latitud": -36.839779725928103, "title_nodo": null }, "geometry": { "type": "Point", "coordinates": [ -73.107631764393105, -36.839779725928103 ] } },
{ "type": "Feature", "properties": { "Nemonico OC": "LABR", "tipo": "SW", "id_emplazamiento": 910103, "nombre_emplazamiento": "LABRANZA", "id_nodo": 1736, "nombre_nodo": "OLT-LABR-1", "Longitud": -72.749488004671704, "Latitud": -38.765629822945002, "title_nodo": "LABR_OLT_1" }, "geometry": { "type": "Point", "coordinates": [ -72.749488004671704, -38.765629822945002 ] } },
{ "type": "Feature", "properties": { "Nemonico OC": "LABR", "tipo": "PE", "id_emplazamiento": 910103, "nombre_emplazamiento": "LABRANZA", "id_nodo": 416, "nombre_nodo": "LABRANZA - PE204LABR01-L (CLI DIR)", "Longitud": -72.749488004671704, "Latitud": -38.765629822945002, "title_nodo": null }, "geometry": { "type": "Point", "coordinates": [ -72.749488004671704, -38.765629822945002 ] } },
{ "type": "Feature", "properties": { "Nemonico OC": "LUNI", "tipo": "SW", "id_emplazamiento": 1050401, "nombre_emplazamiento": "LA UNION", "id_nodo": 1730, "nombre_nodo": "OLT-LUNI-1", "Longitud": -73.082485174121203, "Latitud": -40.290491254006398, "title_nodo": "LUNI_OLT_1" }, "geometry": { "type": "Point", "coordinates": [ -73.082485174121203, -40.290491254006398 ] } },
{ "type": "Feature", "properties": { "Nemonico OC": "LUNI", "tipo": "PE", "id_emplazamiento": 1050401, "nombre_emplazamiento": "LA UNION", "id_nodo": 462, "nombre_nodo": "LA UNION - PE80LUNI01-L", "Longitud": -73.082485174121203, "Latitud": -40.290491254006398, "title_nodo": null }, "geometry": { "type": "Point", "coordinates": [ -73.082485174121203, -40.290491254006398 ] } },
{ "type": "Feature", "properties": { "Nemonico OC": "LUNI", "tipo": "SW", "id_emplazamiento": 1050401, "nombre_emplazamiento": "LA UNION", "id_nodo": 1747, "nombre_nodo": "LUNI69-HUAWEI", "Longitud": -73.082485174121203, "Latitud": -40.290491254006398, "title_nodo": null }, "geometry": { "type": "Point", "coordinates": [ -73.082485174121203, -40.290491254006398 ] } },
{ "type": "Feature", "properties": { "Nemonico OC": "CAL4", "tipo": "SW", "id_emplazamiento": 220102, "nombre_emplazamiento": "CALAMA IV", "id_nodo": 1085, "nombre_nodo": "CALA41-PE40", "Longitud": -68.92135, "Latitud": -22.43296, "title_nodo": "PE40CALA41" }, "geometry": { "type": "Point", "coordinates": [ -68.92135, -22.43296 ] } },
{ "type": "Feature", "properties": { "Nemonico OC": "CAL4", "tipo": "SW", "id_emplazamiento": 220102, "nombre_emplazamiento": "CALAMA IV", "id_nodo": 396, "nombre_nodo": "CALA41-SW6524", "Longitud": -68.92135, "Latitud": -22.43296, "title_nodo": "SW65CALA41" }, "geometry": { "type": "Point", "coordinates": [ -68.92135, -22.43296 ] } },
{ "type": "Feature", "properties": { "Nemonico OC": "CAL4", "tipo": "SW", "id_emplazamiento": 220102, "nombre_emplazamiento": "CALAMA IV", "id_nodo": 724, "nombre_nodo": "CALA41-SW9303", "Longitud": -68.92135, "Latitud": -22.43296, "title_nodo": "SW93CALA41" }, "geometry": { "type": "Point", "coordinates": [ -68.92135, -22.43296 ] } },
{ "type": "Feature", "properties": { "Nemonico OC": "CAL4", "tipo": "SW", "id_emplazamiento": 220102, "nombre_emplazamiento": "CALAMA IV", "id_nodo": 891, "nombre_nodo": "CALA69-HUAWEI", "Longitud": -68.92135, "Latitud": -22.43296, "title_nodo": null }, "geometry": { "type": "Point", "coordinates": [ -68.92135, -22.43296 ] } },
{ "type": "Feature", "properties": { "Nemonico OC": "CAL3", "tipo": "SW", "id_emplazamiento": 220101, "nombre_emplazamiento": "CALAMA III", "id_nodo": 1395, "nombre_nodo": "OLT-CAL3-2", "Longitud": -68.92757, "Latitud": -22.45596, "title_nodo": "CAL3_OLT_2" }, "geometry": { "type": "Point", "coordinates": [ -68.92757, -22.45596 ] } },
{ "type": "Feature", "properties": { "Nemonico OC": "CAL3", "tipo": "SW", "id_emplazamiento": 220101, "nombre_emplazamiento": "CALAMA III", "id_nodo": 1381, "nombre_nodo": "OLT-CAL3-4", "Longitud": -68.92757, "Latitud": -22.45596, "title_nodo": "CAL3_OLT_4" }, "geometry": { "type": "Point", "coordinates": [ -68.92757, -22.45596 ] } },
{ "type": "Feature", "properties": { "Nemonico OC": "CAL3", "tipo": "SW", "id_emplazamiento": 220101, "nombre_emplazamiento": "CALAMA III", "id_nodo": 1434, "nombre_nodo": "OLT-CAL3-5", "Longitud": -68.92757, "Latitud": -22.45596, "title_nodo": "CAL3_OLT_5" }, "geometry": { "type": "Point", "coordinates": [ -68.92757, -22.45596 ] } },
{ "type": "Feature", "properties": { "Nemonico OC": "CAL3", "tipo": "SW", "id_emplazamiento": 220101, "nombre_emplazamiento": "CALAMA III", "id_nodo": 1720, "nombre_nodo": "OLT-CAL3-6", "Longitud": -68.92757, "Latitud": -22.45596, "title_nodo": "CAL3_OLT_6" }, "geometry": { "type": "Point", "coordinates": [ -68.92757, -22.45596 ] } },
{ "type": "Feature", "properties": { "Nemonico OC": "CAL3", "tipo": "SW", "id_emplazamiento": 220101, "nombre_emplazamiento": "CALAMA III", "id_nodo": 1063, "nombre_nodo": "CALA01-PE40", "Longitud": -68.92757, "Latitud": -22.45596, "title_nodo": "PE40CALA01" }, "geometry": { "type": "Point", "coordinates": [ -68.92757, -22.45596 ] } },
{ "type": "Feature", "properties": { "Nemonico OC": "CAL3", "tipo": "SW", "id_emplazamiento": 220101, "nombre_emplazamiento": "CALAMA III", "id_nodo": 6, "nombre_nodo": "CALA01-SW3750", "Longitud": -68.92757, "Latitud": -22.45596, "title_nodo": "SW37CALA01" }, "geometry": { "type": "Point", "coordinates": [ -68.92757, -22.45596 ] } },
{ "type": "Feature", "properties": { "Nemonico OC": "CAL3", "tipo": "SW", "id_emplazamiento": 220101, "nombre_emplazamiento": "CALAMA III", "id_nodo": 206, "nombre_nodo": "CALA02-SW3750", "Longitud": -68.92757, "Latitud": -22.45596, "title_nodo": "SW37CALA02" }, "geometry": { "type": "Point", "coordinates": [ -68.92757, -22.45596 ] } },
{ "type": "Feature", "properties": { "Nemonico OC": "CAL3", "tipo": "SW", "id_emplazamiento": 220101, "nombre_emplazamiento": "CALAMA III", "id_nodo": 342, "nombre_nodo": "CALA01-SW6524", "Longitud": -68.92757, "Latitud": -22.45596, "title_nodo": "SW65CALA01" }, "geometry": { "type": "Point", "coordinates": [ -68.92757, -22.45596 ] } },
{ "type": "Feature", "properties": { "Nemonico OC": "CAL3", "tipo": "SW", "id_emplazamiento": 220101, "nombre_emplazamiento": "CALAMA III", "id_nodo": 539, "nombre_nodo": "CALA01-SW9303", "Longitud": -68.92757, "Latitud": -22.45596, "title_nodo": "SW93CALA01" }, "geometry": { "type": "Point", "coordinates": [ -68.92757, -22.45596 ] } },
{ "type": "Feature", "properties": { "Nemonico OC": "CAL3", "tipo": "SW", "id_emplazamiento": 220101, "nombre_emplazamiento": "CALAMA III", "id_nodo": 725, "nombre_nodo": "CALA02-SW9303", "Longitud": -68.92757, "Latitud": -22.45596, "title_nodo": "SW93CALA02" }, "geometry": { "type": "Point", "coordinates": [ -68.92757, -22.45596 ] } },
{ "type": "Feature", "properties": { "Nemonico OC": "CAL3", "tipo": "SW", "id_emplazamiento": 220101, "nombre_emplazamiento": "CALAMA III", "id_nodo": 875, "nombre_nodo": "CALA03-SW9303", "Longitud": -68.92757, "Latitud": -22.45596, "title_nodo": "SW93CALA03" }, "geometry": { "type": "Point", "coordinates": [ -68.92757, -22.45596 ] } },
{ "type": "Feature", "properties": { "Nemonico OC": "CAL3", "tipo": "PE", "id_emplazamiento": 220101, "nombre_emplazamiento": "CALAMA III", "id_nodo": 192, "nombre_nodo": "CALAMA - CALA69 Huawei", "Longitud": -68.92757, "Latitud": -22.45596, "title_nodo": null }, "geometry": { "type": "Point", "coordinates": [ -68.92757, -22.45596 ] } },
{ "type": "Feature", "properties": { "Nemonico OC": "CAL3", "tipo": "PE", "id_emplazamiento": 220101, "nombre_emplazamiento": "CALAMA III", "id_nodo": 373, "nombre_nodo": "CALAMA - NB96CALA01", "Longitud": -68.92757, "Latitud": -22.45596, "title_nodo": null }, "geometry": { "type": "Point", "coordinates": [ -68.92757, -22.45596 ] } },
{ "type": "Feature", "properties": { "Nemonico OC": "CAL3", "tipo": "PE", "id_emplazamiento": 220101, "nombre_emplazamiento": "CALAMA III", "id_nodo": 1, "nombre_nodo": "CALAMA - PE06CALA01", "Longitud": -68.92757, "Latitud": -22.45596, "title_nodo": null }, "geometry": { "type": "Point", "coordinates": [ -68.92757, -22.45596 ] } },
{ "type": "Feature", "properties": { "Nemonico OC": "CAL3", "tipo": "PE", "id_emplazamiento": 220101, "nombre_emplazamiento": "CALAMA III", "id_nodo": 81, "nombre_nodo": "CALAMA - PE06CALA02 (Cerrado)", "Longitud": -68.92757, "Latitud": -22.45596, "title_nodo": null }, "geometry": { "type": "Point", "coordinates": [ -68.92757, -22.45596 ] } },
{ "type": "Feature", "properties": { "Nemonico OC": "CAL3", "tipo": "PE", "id_emplazamiento": 220101, "nombre_emplazamiento": "CALAMA III", "id_nodo": 271, "nombre_nodo": "CALAMA - PE10CALA01", "Longitud": -68.92757, "Latitud": -22.45596, "title_nodo": null }, "geometry": { "type": "Point", "coordinates": [ -68.92757, -22.45596 ] } },
{ "type": "Feature", "properties": { "Nemonico OC": "CAL3", "tipo": "PE", "id_emplazamiento": 220101, "nombre_emplazamiento": "CALAMA III", "id_nodo": 129, "nombre_nodo": "CALAMA - PE76CALA01", "Longitud": -68.92757, "Latitud": -22.45596, "title_nodo": null }, "geometry": { "type": "Point", "coordinates": [ -68.92757, -22.45596 ] } },
{ "type": "Feature", "properties": { "Nemonico OC": "CAL3", "tipo": "PE", "id_emplazamiento": 220101, "nombre_emplazamiento": "CALAMA III", "id_nodo": 389, "nombre_nodo": "CALAMA - PE96CALA01 HL4 (CLI DIR)", "Longitud": -68.92757, "Latitud": -22.45596, "title_nodo": null }, "geometry": { "type": "Point", "coordinates": [ -68.92757, -22.45596 ] } },
{ "type": "Feature", "properties": { "Nemonico OC": "CAL3", "tipo": "SW", "id_emplazamiento": 220101, "nombre_emplazamiento": "CALAMA III", "id_nodo": 892, "nombre_nodo": "CALA70-HUAWEI", "Longitud": -68.92757, "Latitud": -22.45596, "title_nodo": null }, "geometry": { "type": "Point", "coordinates": [ -68.92757, -22.45596 ] } },
{ "type": "Feature", "properties": { "Nemonico OC": "CAL3", "tipo": "SW", "id_emplazamiento": 220101, "nombre_emplazamiento": "CALAMA III", "id_nodo": 1047, "nombre_nodo": "CALA71-MMOO", "Longitud": -68.92757, "Latitud": -22.45596, "title_nodo": null }, "geometry": { "type": "Point", "coordinates": [ -68.92757, -22.45596 ] } },
{ "type": "Feature", "properties": { "Nemonico OC": "CSOM", "tipo": "PE", "id_emplazamiento": 1210108, "nombre_emplazamiento": "CERRO SOMBRERO", "id_nodo": 499, "nombre_nodo": "CERRO SOMBRERO - PE80CSOM01-L", "Longitud": -69.29091, "Latitud": -52.77586, "title_nodo": null }, "geometry": { "type": "Point", "coordinates": [ -69.29091, -52.77586 ] } },
{ "type": "Feature", "properties": { "Nemonico OC": "MELE", "tipo": "PE", "id_emplazamiento": 230201, "nombre_emplazamiento": "MARIA ELENA", "id_nodo": 469, "nombre_nodo": "MARIA ELENA - PE80MELE01-L", "Longitud": -69.66164, "Latitud": -22.3451, "title_nodo": null }, "geometry": { "type": "Point", "coordinates": [ -69.66164, -22.3451 ] } },
{ "type": "Feature", "properties": { "Nemonico OC": "POZO", "tipo": "PE", "id_emplazamiento": 110601, "nombre_emplazamiento": "POZO ALMONTE", "id_nodo": 403, "nombre_nodo": "POZO ALMONTE - PE80POZO01-L", "Longitud": -69.78631, "Latitud": -20.25917, "title_nodo": null }, "geometry": { "type": "Point", "coordinates": [ -69.78631, -20.25917 ] } },
{ "type": "Feature", "properties": { "Nemonico OC": "POZO", "tipo": "SW", "id_emplazamiento": 110601, "nombre_emplazamiento": "POZO ALMONTE", "id_nodo": 1314, "nombre_nodo": "OLT-POZO-1", "Longitud": -69.78631, "Latitud": -20.25917, "title_nodo": null }, "geometry": { "type": "Point", "coordinates": [ -69.78631, -20.25917 ] } },
{ "type": "Feature", "properties": { "Nemonico OC": "DALM", "tipo": "SW", "id_emplazamiento": 320202, "nombre_emplazamiento": "DIEGO DE ALMAGRO (COPIAPO)", "id_nodo": 1664, "nombre_nodo": "OLT-DALM-1", "Longitud": -70.04293, "Latitud": -26.39062, "title_nodo": "DALM_OLT_1" }, "geometry": { "type": "Point", "coordinates": [ -70.04293, -26.39062 ] } },
{ "type": "Feature", "properties": { "Nemonico OC": "DALM", "tipo": "SW", "id_emplazamiento": 320202, "nombre_emplazamiento": "DIEGO DE ALMAGRO (COPIAPO)", "id_nodo": 812, "nombre_nodo": "DALM01-SW9303", "Longitud": -70.04293, "Latitud": -26.39062, "title_nodo": "SW93DALM01" }, "geometry": { "type": "Point", "coordinates": [ -70.04293, -26.39062 ] } },
{ "type": "Feature", "properties": { "Nemonico OC": "DALM", "tipo": "PE", "id_emplazamiento": 320202, "nombre_emplazamiento": "DIEGO DE ALMAGRO (COPIAPO)", "id_nodo": 461, "nombre_nodo": "DIEGO DE ALMAGRO - PE80DALM01-L", "Longitud": -70.04293, "Latitud": -26.39062, "title_nodo": null }, "geometry": { "type": "Point", "coordinates": [ -70.04293, -26.39062 ] } },
{ "type": "Feature", "properties": { "Nemonico OC": "DALM", "tipo": "SW", "id_emplazamiento": 320202, "nombre_emplazamiento": "DIEGO DE ALMAGRO (COPIAPO)", "id_nodo": 914, "nombre_nodo": "DALM69-HUAWEI", "Longitud": -70.04293, "Latitud": -26.39062, "title_nodo": null }, "geometry": { "type": "Point", "coordinates": [ -70.04293, -26.39062 ] } },
{ "type": "Feature", "properties": { "Nemonico OC": "DALM", "tipo": "SW", "id_emplazamiento": 320202, "nombre_emplazamiento": "DIEGO DE ALMAGRO (COPIAPO)", "id_nodo": 1283, "nombre_nodo": "DALM70-HUAWEI", "Longitud": -70.04293, "Latitud": -26.39062, "title_nodo": null }, "geometry": { "type": "Point", "coordinates": [ -70.04293, -26.39062 ] } },
{ "type": "Feature", "properties": { "Nemonico OC": "DALM", "tipo": "SW", "id_emplazamiento": 320202, "nombre_emplazamiento": "DIEGO DE ALMAGRO (COPIAPO)", "id_nodo": 1298, "nombre_nodo": "DALM71-HUAWEI", "Longitud": -70.04293, "Latitud": -26.39062, "title_nodo": null }, "geometry": { "type": "Point", "coordinates": [ -70.04293, -26.39062 ] } },
{ "type": "Feature", "properties": { "Nemonico OC": "DALM", "tipo": "SW", "id_emplazamiento": 320202, "nombre_emplazamiento": "DIEGO DE ALMAGRO (COPIAPO)", "id_nodo": 1482, "nombre_nodo": "DALM72-HUAWEI", "Longitud": -70.04293, "Latitud": -26.39062, "title_nodo": null }, "geometry": { "type": "Point", "coordinates": [ -70.04293, -26.39062 ] } },
{ "type": "Feature", "properties": { "Nemonico OC": "DALM", "tipo": "SW", "id_emplazamiento": 320202, "nombre_emplazamiento": "DIEGO DE ALMAGRO (COPIAPO)", "id_nodo": 1544, "nombre_nodo": "DALM73-HUAWEI", "Longitud": -70.04293, "Latitud": -26.39062, "title_nodo": null }, "geometry": { "type": "Point", "coordinates": [ -70.04293, -26.39062 ] } },
{ "type": "Feature", "properties": { "Nemonico OC": "AHOS", "tipo": "SW", "id_emplazamiento": 110701, "nombre_emplazamiento": "ALTO HOSPICIO I", "id_nodo": 1301, "nombre_nodo": "OLT-AHO2-2", "Longitud": -70.09552, "Latitud": -20.26868, "title_nodo": "AHO2_OLT_2" }, "geometry": { "type": "Point", "coordinates": [ -70.09552, -20.26868 ] } },
{ "type": "Feature", "properties": { "Nemonico OC": "AHOS", "tipo": "SW", "id_emplazamiento": 110701, "nombre_emplazamiento": "ALTO HOSPICIO I", "id_nodo": 1470, "nombre_nodo": "OLT-AHO2-3", "Longitud": -70.09552, "Latitud": -20.26868, "title_nodo": "AHO2_OLT_3" }, "geometry": { "type": "Point", "coordinates": [ -70.09552, -20.26868 ] } },
{ "type": "Feature", "properties": { "Nemonico OC": "AHOS", "tipo": "SW", "id_emplazamiento": 110701, "nombre_emplazamiento": "ALTO HOSPICIO I", "id_nodo": 1818, "nombre_nodo": "OLT-AHO2-4", "Longitud": -70.09552, "Latitud": -20.26868, "title_nodo": "AHO2_OLT_4" }, "geometry": { "type": "Point", "coordinates": [ -70.09552, -20.26868 ] } },
{ "type": "Feature", "properties": { "Nemonico OC": "AHOS", "tipo": "SW", "id_emplazamiento": 110701, "nombre_emplazamiento": "ALTO HOSPICIO I", "id_nodo": 810, "nombre_nodo": "AHOS01-SW9303", "Longitud": -70.09552, "Latitud": -20.26868, "title_nodo": "SW93AHOS01" }, "geometry": { "type": "Point", "coordinates": [ -70.09552, -20.26868 ] } },
{ "type": "Feature", "properties": { "Nemonico OC": "AHOS", "tipo": "PE", "id_emplazamiento": 110701, "nombre_emplazamiento": "ALTO HOSPICIO I", "id_nodo": 309, "nombre_nodo": "ALTO HOSPICIO - PE480AHOS01", "Longitud": -70.09552, "Latitud": -20.26868, "title_nodo": null }, "geometry": { "type": "Point", "coordinates": [ -70.09552, -20.26868 ] } },
{ "type": "Feature", "properties": { "Nemonico OC": "AHOS", "tipo": "PE", "id_emplazamiento": 110701, "nombre_emplazamiento": "ALTO HOSPICIO I", "id_nodo": 360, "nombre_nodo": "ALTO HOSPICIO - PE96AHOS01 HL5 solo L2", "Longitud": -70.09552, "Latitud": -20.26868, "title_nodo": null }, "geometry": { "type": "Point", "coordinates": [ -70.09552, -20.26868 ] } },
{ "type": "Feature", "properties": { "Nemonico OC": "AHOS", "tipo": "SW", "id_emplazamiento": 110701, "nombre_emplazamiento": "ALTO HOSPICIO I", "id_nodo": 919, "nombre_nodo": "AHOS69-HUAWEI", "Longitud": -70.09552, "Latitud": -20.26868, "title_nodo": null }, "geometry": { "type": "Point", "coordinates": [ -70.09552, -20.26868 ] } },
{ "type": "Feature", "properties": { "Nemonico OC": "IQU5", "tipo": "SW", "id_emplazamiento": 110105, "nombre_emplazamiento": "IQUIQUE V", "id_nodo": 1704, "nombre_nodo": "OLT-IQU5-4", "Longitud": -70.12486, "Latitud": -20.26194, "title_nodo": "IQU5_OLT_4" }, "geometry": { "type": "Point", "coordinates": [ -70.12486, -20.26194 ] } },
{ "type": "Feature", "properties": { "Nemonico OC": "IQU5", "tipo": "SW", "id_emplazamiento": 110105, "nombre_emplazamiento": "IQUIQUE V", "id_nodo": 803, "nombre_nodo": "IQUI51-SW9303", "Longitud": -70.12486, "Latitud": -20.26194, "title_nodo": "SW93IQUI51" }, "geometry": { "type": "Point", "coordinates": [ -70.12486, -20.26194 ] } },
{ "type": "Feature", "properties": { "Nemonico OC": "IQU5", "tipo": "PE", "id_emplazamiento": 110105, "nombre_emplazamiento": "IQUIQUE V", "id_nodo": 359, "nombre_nodo": "IQUIQUE - PE96IQUI51 HL5 solo L2", "Longitud": -70.12486, "Latitud": -20.26194, "title_nodo": null }, "geometry": { "type": "Point", "coordinates": [ -70.12486, -20.26194 ] } },
{ "type": "Feature", "properties": { "Nemonico OC": "IQU5", "tipo": "SW", "id_emplazamiento": 110105, "nombre_emplazamiento": "IQUIQUE V", "id_nodo": 1002, "nombre_nodo": "IQUI77-HUAWEI", "Longitud": -70.12486, "Latitud": -20.26194, "title_nodo": null }, "geometry": { "type": "Point", "coordinates": [ -70.12486, -20.26194 ] } },
{ "type": "Feature", "properties": { "Nemonico OC": "IQU5", "tipo": "SW", "id_emplazamiento": 110105, "nombre_emplazamiento": "IQUIQUE V", "id_nodo": 1196, "nombre_nodo": "IQUI78-HUAWEI", "Longitud": -70.12486, "Latitud": -20.26194, "title_nodo": null }, "geometry": { "type": "Point", "coordinates": [ -70.12486, -20.26194 ] } },
{ "type": "Feature", "properties": { "Nemonico OC": "IQU5", "tipo": "SW", "id_emplazamiento": 110105, "nombre_emplazamiento": "IQUIQUE V", "id_nodo": 1760, "nombre_nodo": "IQUI81-HUAWEI", "Longitud": -70.12486, "Latitud": -20.26194, "title_nodo": null }, "geometry": { "type": "Point", "coordinates": [ -70.12486, -20.26194 ] } },
{ "type": "Feature", "properties": { "Nemonico OC": "IQU4", "tipo": "SW", "id_emplazamiento": 110104, "nombre_emplazamiento": "IQUIQUE IV", "id_nodo": 1325, "nombre_nodo": "OLT-IQU4-2", "Longitud": -70.12897, "Latitud": -20.24488, "title_nodo": "IQU4_OLT_2" }, "geometry": { "type": "Point", "coordinates": [ -70.12897, -20.24488 ] } },
{ "type": "Feature", "properties": { "Nemonico OC": "IQU4", "tipo": "SW", "id_emplazamiento": 110104, "nombre_emplazamiento": "IQUIQUE IV", "id_nodo": 1311, "nombre_nodo": "OLT-IQU4-3", "Longitud": -70.12897, "Latitud": -20.24488, "title_nodo": "IQU4_OLT_3" }, "geometry": { "type": "Point", "coordinates": [ -70.12897, -20.24488 ] } },
{ "type": "Feature", "properties": { "Nemonico OC": "IQU4", "tipo": "SW", "id_emplazamiento": 110104, "nombre_emplazamiento": "IQUIQUE IV", "id_nodo": 1711, "nombre_nodo": "OLT-IQU4-4", "Longitud": -70.12897, "Latitud": -20.24488, "title_nodo": "IQU4_OLT_4" }, "geometry": { "type": "Point", "coordinates": [ -70.12897, -20.24488 ] } },
{ "type": "Feature", "properties": { "Nemonico OC": "IQU4", "tipo": "SW", "id_emplazamiento": 110104, "nombre_emplazamiento": "IQUIQUE IV", "id_nodo": 615, "nombre_nodo": "IQUI41-SW9303", "Longitud": -70.12897, "Latitud": -20.24488, "title_nodo": "SW93IQUI41" }, "geometry": { "type": "Point", "coordinates": [ -70.12897, -20.24488 ] } },
{ "type": "Feature", "properties": { "Nemonico OC": "IQU4", "tipo": "SW", "id_emplazamiento": 110104, "nombre_emplazamiento": "IQUIQUE IV", "id_nodo": 874, "nombre_nodo": "IQUI42-SW9303", "Longitud": -70.12897, "Latitud": -20.24488, "title_nodo": "SW93IQUI42" }, "geometry": { "type": "Point", "coordinates": [ -70.12897, -20.24488 ] } },
{ "type": "Feature", "properties": { "Nemonico OC": "IQU4", "tipo": "PE", "id_emplazamiento": 110104, "nombre_emplazamiento": "IQUIQUE IV", "id_nodo": 506, "nombre_nodo": "IQUIQUE - PE80IQUI41", "Longitud": -70.12897, "Latitud": -20.24488, "title_nodo": null }, "geometry": { "type": "Point", "coordinates": [ -70.12897, -20.24488 ] } },
{ "type": "Feature", "properties": { "Nemonico OC": "IQU4", "tipo": "SW", "id_emplazamiento": 110104, "nombre_emplazamiento": "IQUIQUE IV", "id_nodo": 685, "nombre_nodo": "IQUI74-HUAWEI", "Longitud": -70.12897, "Latitud": -20.24488, "title_nodo": null }, "geometry": { "type": "Point", "coordinates": [ -70.12897, -20.24488 ] } },
{ "type": "Feature", "properties": { "Nemonico OC": "IQU4", "tipo": "SW", "id_emplazamiento": 110104, "nombre_emplazamiento": "IQUIQUE IV", "id_nodo": 686, "nombre_nodo": "IQUI75-HUAWEI", "Longitud": -70.12897, "Latitud": -20.24488, "title_nodo": null }, "geometry": { "type": "Point", "coordinates": [ -70.12897, -20.24488 ] } },
{ "type": "Feature", "properties": { "Nemonico OC": "IQU3", "tipo": "SW", "id_emplazamiento": 110103, "nombre_emplazamiento": "IQUIQUE III", "id_nodo": 1604, "nombre_nodo": "OLT-IQU3-3", "Longitud": -70.13577, "Latitud": -20.23359, "title_nodo": "IQU3-3- OLT" }, "geometry": { "type": "Point", "coordinates": [ -70.13577, -20.23359 ] } },
{ "type": "Feature", "properties": { "Nemonico OC": "IQU3", "tipo": "SW", "id_emplazamiento": 110103, "nombre_emplazamiento": "IQUIQUE III", "id_nodo": 1332, "nombre_nodo": "OLT-IQU3-4", "Longitud": -70.13577, "Latitud": -20.23359, "title_nodo": "IQU3-4- OLT" }, "geometry": { "type": "Point", "coordinates": [ -70.13577, -20.23359 ] } },
{ "type": "Feature", "properties": { "Nemonico OC": "IQU3", "tipo": "SW", "id_emplazamiento": 110103, "nombre_emplazamiento": "IQUIQUE III", "id_nodo": 799, "nombre_nodo": "IQUI31-SW9303", "Longitud": -70.13577, "Latitud": -20.23359, "title_nodo": "SW93IQUI31" }, "geometry": { "type": "Point", "coordinates": [ -70.13577, -20.23359 ] } },
{ "type": "Feature", "properties": { "Nemonico OC": "IQU3", "tipo": "PE", "id_emplazamiento": 110103, "nombre_emplazamiento": "IQUIQUE III", "id_nodo": 386, "nombre_nodo": "IQUIQUE - PE96IQUI31 HL4 (CLI DIR)", "Longitud": -70.13577, "Latitud": -20.23359, "title_nodo": null }, "geometry": { "type": "Point", "coordinates": [ -70.13577, -20.23359 ] } },
{ "type": "Feature", "properties": { "Nemonico OC": "IQU1", "tipo": "SW", "id_emplazamiento": 110102, "nombre_emplazamiento": "IQUIQUE II", "id_nodo": 1207, "nombre_nodo": "OLT-IQU101", "Longitud": -70.149, "Latitud": -20.21318, "title_nodo": "IQU1_OLT_1" }, "geometry": { "type": "Point", "coordinates": [ -70.149, -20.21318 ] } },
{ "type": "Feature", "properties": { "Nemonico OC": "IQU1", "tipo": "SW", "id_emplazamiento": 110102, "nombre_emplazamiento": "IQUIQUE II", "id_nodo": 1224, "nombre_nodo": "OLT-IQU102", "Longitud": -70.149, "Latitud": -20.21318, "title_nodo": "IQU1_OLT_2" }, "geometry": { "type": "Point", "coordinates": [ -70.149, -20.21318 ] } },
{ "type": "Feature", "properties": { "Nemonico OC": "IQU1", "tipo": "SW", "id_emplazamiento": 110102, "nombre_emplazamiento": "IQUIQUE II", "id_nodo": 1788, "nombre_nodo": "OLT-IQU103", "Longitud": -70.149, "Latitud": -20.21318, "title_nodo": "IQU1_OLT_3" }, "geometry": { "type": "Point", "coordinates": [ -70.149, -20.21318 ] } },
{ "type": "Feature", "properties": { "Nemonico OC": "IQU1", "tipo": "SW", "id_emplazamiento": 110102, "nombre_emplazamiento": "IQUIQUE II", "id_nodo": 1334, "nombre_nodo": "IQUI02-PE40", "Longitud": -70.149, "Latitud": -20.21318, "title_nodo": "PE40IQUI02" }, "geometry": { "type": "Point", "coordinates": [ -70.149, -20.21318 ] } },
{ "type": "Feature", "properties": { "Nemonico OC": "IQU1", "tipo": "SW", "id_emplazamiento": 110102, "nombre_emplazamiento": "IQUIQUE II", "id_nodo": 139, "nombre_nodo": "IQUI01-SW3750", "Longitud": -70.149, "Latitud": -20.21318, "title_nodo": "SW37IQUI01" }, "geometry": { "type": "Point", "coordinates": [ -70.149, -20.21318 ] } },
{ "type": "Feature", "properties": { "Nemonico OC": "IQU1", "tipo": "SW", "id_emplazamiento": 110102, "nombre_emplazamiento": "IQUIQUE II", "id_nodo": 540, "nombre_nodo": "IQUI01-SW9303", "Longitud": -70.149, "Latitud": -20.21318, "title_nodo": "SW93IQUI01" }, "geometry": { "type": "Point", "coordinates": [ -70.149, -20.21318 ] } },
{ "type": "Feature", "properties": { "Nemonico OC": "IQU1", "tipo": "SW", "id_emplazamiento": 110102, "nombre_emplazamiento": "IQUIQUE II", "id_nodo": 798, "nombre_nodo": "IQUI02-SW9303", "Longitud": -70.149, "Latitud": -20.21318, "title_nodo": "SW93IQUI02" }, "geometry": { "type": "Point", "coordinates": [ -70.149, -20.21318 ] } },
{ "type": "Feature", "properties": { "Nemonico OC": "IQU1", "tipo": "SW", "id_emplazamiento": 110102, "nombre_emplazamiento": "IQUIQUE II", "id_nodo": 873, "nombre_nodo": "IQUI03-SW9303", "Longitud": -70.149, "Latitud": -20.21318, "title_nodo": "SW93IQUI03" }, "geometry": { "type": "Point", "coordinates": [ -70.149, -20.21318 ] } },
{ "type": "Feature", "properties": { "Nemonico OC": "IQU1", "tipo": "PE", "id_emplazamiento": 110102, "nombre_emplazamiento": "IQUIQUE II", "id_nodo": 249, "nombre_nodo": "IQUIQUE - IQUI69 Huawei", "Longitud": -70.149, "Latitud": -20.21318, "title_nodo": null }, "geometry": { "type": "Point", "coordinates": [ -70.149, -20.21318 ] } },
{ "type": "Feature", "properties": { "Nemonico OC": "IQU1", "tipo": "PE", "id_emplazamiento": 110102, "nombre_emplazamiento": "IQUIQUE II", "id_nodo": 214, "nombre_nodo": "IQUIQUE - NB76IQUI01", "Longitud": -70.149, "Latitud": -20.21318, "title_nodo": null }, "geometry": { "type": "Point", "coordinates": [ -70.149, -20.21318 ] } },
{ "type": "Feature", "properties": { "Nemonico OC": "IQU1", "tipo": "PE", "id_emplazamiento": 110102, "nombre_emplazamiento": "IQUIQUE II", "id_nodo": 95, "nombre_nodo": "IQUIQUE - PE06IQUI01", "Longitud": -70.149, "Latitud": -20.21318, "title_nodo": null }, "geometry": { "type": "Point", "coordinates": [ -70.149, -20.21318 ] } },
{ "type": "Feature", "properties": { "Nemonico OC": "IQU1", "tipo": "PE", "id_emplazamiento": 110102, "nombre_emplazamiento": "IQUIQUE II", "id_nodo": 204, "nombre_nodo": "IQUIQUE - PE10IQUI01", "Longitud": -70.149, "Latitud": -20.21318, "title_nodo": null }, "geometry": { "type": "Point", "coordinates": [ -70.149, -20.21318 ] } },
{ "type": "Feature", "properties": { "Nemonico OC": "IQU1", "tipo": "PE", "id_emplazamiento": 110102, "nombre_emplazamiento": "IQUIQUE II", "id_nodo": 308, "nombre_nodo": "IQUIQUE - PE480IQUI01", "Longitud": -70.149, "Latitud": -20.21318, "title_nodo": null }, "geometry": { "type": "Point", "coordinates": [ -70.149, -20.21318 ] } },
{ "type": "Feature", "properties": { "Nemonico OC": "IQU1", "tipo": "PE", "id_emplazamiento": 110102, "nombre_emplazamiento": "IQUIQUE II", "id_nodo": 100, "nombre_nodo": "IQUIQUE - PE76IQUI01", "Longitud": -70.149, "Latitud": -20.21318, "title_nodo": null }, "geometry": { "type": "Point", "coordinates": [ -70.149, -20.21318 ] } },
{ "type": "Feature", "properties": { "Nemonico OC": "IQU1", "tipo": "SW", "id_emplazamiento": 110102, "nombre_emplazamiento": "IQUIQUE II", "id_nodo": 290, "nombre_nodo": "IQUI69-HUAWEI", "Longitud": -70.149, "Latitud": -20.21318, "title_nodo": null }, "geometry": { "type": "Point", "coordinates": [ -70.149, -20.21318 ] } },
{ "type": "Feature", "properties": { "Nemonico OC": "IQU1", "tipo": "SW", "id_emplazamiento": 110102, "nombre_emplazamiento": "IQUIQUE II", "id_nodo": 461, "nombre_nodo": "IQUI70-HUAWEI", "Longitud": -70.149, "Latitud": -20.21318, "title_nodo": null }, "geometry": { "type": "Point", "coordinates": [ -70.149, -20.21318 ] } },
{ "type": "Feature", "properties": { "Nemonico OC": "IQU1", "tipo": "SW", "id_emplazamiento": 110102, "nombre_emplazamiento": "IQUIQUE II", "id_nodo": 465, "nombre_nodo": "IQUI71-HUAWEI", "Longitud": -70.149, "Latitud": -20.21318, "title_nodo": null }, "geometry": { "type": "Point", "coordinates": [ -70.149, -20.21318 ] } },
{ "type": "Feature", "properties": { "Nemonico OC": "IQU1", "tipo": "SW", "id_emplazamiento": 110102, "nombre_emplazamiento": "IQUIQUE II", "id_nodo": 667, "nombre_nodo": "IQUI72-HUAWEI", "Longitud": -70.149, "Latitud": -20.21318, "title_nodo": null }, "geometry": { "type": "Point", "coordinates": [ -70.149, -20.21318 ] } },
{ "type": "Feature", "properties": { "Nemonico OC": "IQU1", "tipo": "SW", "id_emplazamiento": 110102, "nombre_emplazamiento": "IQUIQUE II", "id_nodo": 683, "nombre_nodo": "IQUI73-HUAWEI", "Longitud": -70.149, "Latitud": -20.21318, "title_nodo": null }, "geometry": { "type": "Point", "coordinates": [ -70.149, -20.21318 ] } },
{ "type": "Feature", "properties": { "Nemonico OC": "IQU1", "tipo": "SW", "id_emplazamiento": 110102, "nombre_emplazamiento": "IQUIQUE II", "id_nodo": 698, "nombre_nodo": "IQUI76-HUAWEI", "Longitud": -70.149, "Latitud": -20.21318, "title_nodo": null }, "geometry": { "type": "Point", "coordinates": [ -70.149, -20.21318 ] } },
{ "type": "Feature", "properties": { "Nemonico OC": "IQU1", "tipo": "SW", "id_emplazamiento": 110102, "nombre_emplazamiento": "IQUIQUE II", "id_nodo": 1248, "nombre_nodo": "IQUI79-HUAWEI", "Longitud": -70.149, "Latitud": -20.21318, "title_nodo": null }, "geometry": { "type": "Point", "coordinates": [ -70.149, -20.21318 ] } },
{ "type": "Feature", "properties": { "Nemonico OC": "IQU1", "tipo": "SW", "id_emplazamiento": 110102, "nombre_emplazamiento": "IQUIQUE II", "id_nodo": 1597, "nombre_nodo": "IQUI80-HUAWEI", "Longitud": -70.149, "Latitud": -20.21318, "title_nodo": null }, "geometry": { "type": "Point", "coordinates": [ -70.149, -20.21318 ] } },
{ "type": "Feature", "properties": { "Nemonico OC": "TOCO", "tipo": "SW", "id_emplazamiento": 230101, "nombre_emplazamiento": "TOCOPILLA", "id_nodo": 846, "nombre_nodo": "TOCO01-SW9303", "Longitud": -70.19695, "Latitud": -22.08804, "title_nodo": "SW93TOCO01" }, "geometry": { "type": "Point", "coordinates": [ -70.19695, -22.08804 ] } },
{ "type": "Feature", "properties": { "Nemonico OC": "TOCO", "tipo": "SW", "id_emplazamiento": 230101, "nombre_emplazamiento": "TOCOPILLA", "id_nodo": 1783, "nombre_nodo": "OLT-TOCO-1", "Longitud": -70.19695, "Latitud": -22.08804, "title_nodo": "TOCO_OLT_1" }, "geometry": { "type": "Point", "coordinates": [ -70.19695, -22.08804 ] } },
{ "type": "Feature", "properties": { "Nemonico OC": "TOCO", "tipo": "SW", "id_emplazamiento": 230101, "nombre_emplazamiento": "TOCOPILLA", "id_nodo": 1782, "nombre_nodo": "OLT-TOCO-2", "Longitud": -70.19695, "Latitud": -22.08804, "title_nodo": "TOCO_OLT_2" }, "geometry": { "type": "Point", "coordinates": [ -70.19695, -22.08804 ] } },
{ "type": "Feature", "properties": { "Nemonico OC": "TOCO", "tipo": "PE", "id_emplazamiento": 230101, "nombre_emplazamiento": "TOCOPILLA", "id_nodo": 388, "nombre_nodo": "TOCOPILLA - PE96TOCO01 HL4 (CLI DIR)", "Longitud": -70.19695, "Latitud": -22.08804, "title_nodo": null }, "geometry": { "type": "Point", "coordinates": [ -70.19695, -22.08804 ] } },
{ "type": "Feature", "properties": { "Nemonico OC": "TAMA", "tipo": "SW", "id_emplazamiento": 310301, "nombre_emplazamiento": "TIERRA AMARILLA", "id_nodo": 1662, "nombre_nodo": "OLT-TAMA-1", "Longitud": -70.26597, "Latitud": -27.4803, "title_nodo": "TAMA_OLT_1" }, "geometry": { "type": "Point", "coordinates": [ -70.26597, -27.4803 ] } },
{ "type": "Feature", "properties": { "Nemonico OC": "TAMA", "tipo": "PE", "id_emplazamiento": 310301, "nombre_emplazamiento": "TIERRA AMARILLA", "id_nodo": 459, "nombre_nodo": "TIERRA AMARILLA - PE80TAMA01-L", "Longitud": -70.26597, "Latitud": -27.4803, "title_nodo": null }, "geometry": { "type": "Point", "coordinates": [ -70.26597, -27.4803 ] } },
{ "type": "Feature", "properties": { "Nemonico OC": "ARI6", "tipo": "SW", "id_emplazamiento": 120101, "nombre_emplazamiento": "ARICA VI", "id_nodo": 780, "nombre_nodo": "ARIC61-SW9303", "Longitud": -70.29272, "Latitud": -18.44494, "title_nodo": "SW93ARIC61" }, "geometry": { "type": "Point", "coordinates": [ -70.29272, -18.44494 ] } },
{ "type": "Feature", "properties": { "Nemonico OC": "ARI6", "tipo": "PE", "id_emplazamiento": 120101, "nombre_emplazamiento": "ARICA VI", "id_nodo": 421, "nombre_nodo": "ARICA - PE80ARIC61-L", "Longitud": -70.29272, "Latitud": -18.44494, "title_nodo": null }, "geometry": { "type": "Point", "coordinates": [ -70.29272, -18.44494 ] } },
{ "type": "Feature", "properties": { "Nemonico OC": "ARI4", "tipo": "SW", "id_emplazamiento": 120102, "nombre_emplazamiento": "ARICA II - IV", "id_nodo": 1609, "nombre_nodo": "ATP-ARI4-5", "Longitud": -70.30066, "Latitud": -18.47769, "title_nodo": "ARI4_ATP_5" }, "geometry": { "type": "Point", "coordinates": [ -70.30066, -18.47769 ] } },
{ "type": "Feature", "properties": { "Nemonico OC": "ARI4", "tipo": "SW", "id_emplazamiento": 120102, "nombre_emplazamiento": "ARICA II - IV", "id_nodo": 1588, "nombre_nodo": "ATP-ARI4-6", "Longitud": -70.30066, "Latitud": -18.47769, "title_nodo": "ARI4_ATP_6" }, "geometry": { "type": "Point", "coordinates": [ -70.30066, -18.47769 ] } },
{ "type": "Feature", "properties": { "Nemonico OC": "ARI4", "tipo": "SW", "id_emplazamiento": 120102, "nombre_emplazamiento": "ARICA II - IV", "id_nodo": 1685, "nombre_nodo": "ATP-ARI4-7", "Longitud": -70.30066, "Latitud": -18.47769, "title_nodo": "ARI4_ATP_7" }, "geometry": { "type": "Point", "coordinates": [ -70.30066, -18.47769 ] } },
{ "type": "Feature", "properties": { "Nemonico OC": "ARI4", "tipo": "SW", "id_emplazamiento": 120102, "nombre_emplazamiento": "ARICA II - IV", "id_nodo": 1777, "nombre_nodo": "ATP-ARI4-8", "Longitud": -70.30066, "Latitud": -18.47769, "title_nodo": "ARI4_ATP_8" }, "geometry": { "type": "Point", "coordinates": [ -70.30066, -18.47769 ] } },
{ "type": "Feature", "properties": { "Nemonico OC": "ARI4", "tipo": "SW", "id_emplazamiento": 120102, "nombre_emplazamiento": "ARICA II - IV", "id_nodo": 1144, "nombre_nodo": "OLT-ARI4-3", "Longitud": -70.30066, "Latitud": -18.47769, "title_nodo": "ARI4_OLT_3" }, "geometry": { "type": "Point", "coordinates": [ -70.30066, -18.47769 ] } },
{ "type": "Feature", "properties": { "Nemonico OC": "ARI4", "tipo": "SW", "id_emplazamiento": 120102, "nombre_emplazamiento": "ARICA II - IV", "id_nodo": 1074, "nombre_nodo": "ARIC01-PE40", "Longitud": -70.30066, "Latitud": -18.47769, "title_nodo": "PE40ARIC01" }, "geometry": { "type": "Point", "coordinates": [ -70.30066, -18.47769 ] } },
{ "type": "Feature", "properties": { "Nemonico OC": "ARI4", "tipo": "SW", "id_emplazamiento": 120102, "nombre_emplazamiento": "ARICA II - IV", "id_nodo": 370, "nombre_nodo": "ARIC01-SW6524", "Longitud": -70.30066, "Latitud": -18.47769, "title_nodo": "SW65ARIC01" }, "geometry": { "type": "Point", "coordinates": [ -70.30066, -18.47769 ] } },
{ "type": "Feature", "properties": { "Nemonico OC": "ARI4", "tipo": "SW", "id_emplazamiento": 120102, "nombre_emplazamiento": "ARICA II - IV", "id_nodo": 490, "nombre_nodo": "ARIC01-SW9303", "Longitud": -70.30066, "Latitud": -18.47769, "title_nodo": "SW93ARIC01" }, "geometry": { "type": "Point", "coordinates": [ -70.30066, -18.47769 ] } },
{ "type": "Feature", "properties": { "Nemonico OC": "ARI4", "tipo": "SW", "id_emplazamiento": 120102, "nombre_emplazamiento": "ARICA II - IV", "id_nodo": 657, "nombre_nodo": "ARIC02-SW9303", "Longitud": -70.30066, "Latitud": -18.47769, "title_nodo": "SW93ARIC02" }, "geometry": { "type": "Point", "coordinates": [ -70.30066, -18.47769 ] } },
{ "type": "Feature", "properties": { "Nemonico OC": "ARI4", "tipo": "PE", "id_emplazamiento": 120102, "nombre_emplazamiento": "ARICA II - IV", "id_nodo": 173, "nombre_nodo": "ARICA - ARIC69 Huawei", "Longitud": -70.30066, "Latitud": -18.47769, "title_nodo": null }, "geometry": { "type": "Point", "coordinates": [ -70.30066, -18.47769 ] } },
{ "type": "Feature", "properties": { "Nemonico OC": "ARI4", "tipo": "PE", "id_emplazamiento": 120102, "nombre_emplazamiento": "ARICA II - IV", "id_nodo": 140, "nombre_nodo": "ARICA - PE06ARIC01 (Cerrado)", "Longitud": -70.30066, "Latitud": -18.47769, "title_nodo": null }, "geometry": { "type": "Point", "coordinates": [ -70.30066, -18.47769 ] } },
{ "type": "Feature", "properties": { "Nemonico OC": "ARI4", "tipo": "PE", "id_emplazamiento": 120102, "nombre_emplazamiento": "ARICA II - IV", "id_nodo": 205, "nombre_nodo": "ARICA - PE10ARIC01", "Longitud": -70.30066, "Latitud": -18.47769, "title_nodo": null }, "geometry": { "type": "Point", "coordinates": [ -70.30066, -18.47769 ] } },
{ "type": "Feature", "properties": { "Nemonico OC": "ARI4", "tipo": "PE", "id_emplazamiento": 120102, "nombre_emplazamiento": "ARICA II - IV", "id_nodo": 108, "nombre_nodo": "ARICA - PE76ARIC01", "Longitud": -70.30066, "Latitud": -18.47769, "title_nodo": null }, "geometry": { "type": "Point", "coordinates": [ -70.30066, -18.47769 ] } },
{ "type": "Feature", "properties": { "Nemonico OC": "ARI4", "tipo": "SW", "id_emplazamiento": 120102, "nombre_emplazamiento": "ARICA II - IV", "id_nodo": 121, "nombre_nodo": "ARIC69-HUAWEI", "Longitud": -70.30066, "Latitud": -18.47769, "title_nodo": null }, "geometry": { "type": "Point", "coordinates": [ -70.30066, -18.47769 ] } },
{ "type": "Feature", "properties": { "Nemonico OC": "ARI4", "tipo": "SW", "id_emplazamiento": 120102, "nombre_emplazamiento": "ARICA II - IV", "id_nodo": 323, "nombre_nodo": "ARIC70-HUAWEI", "Longitud": -70.30066, "Latitud": -18.47769, "title_nodo": null }, "geometry": { "type": "Point", "coordinates": [ -70.30066, -18.47769 ] } },
{ "type": "Feature", "properties": { "Nemonico OC": "ARI4", "tipo": "SW", "id_emplazamiento": 120102, "nombre_emplazamiento": "ARICA II - IV", "id_nodo": 545, "nombre_nodo": "ARIC71-HUAWEI", "Longitud": -70.30066, "Latitud": -18.47769, "title_nodo": null }, "geometry": { "type": "Point", "coordinates": [ -70.30066, -18.47769 ] } },
{ "type": "Feature", "properties": { "Nemonico OC": "ARI4", "tipo": "SW", "id_emplazamiento": 120102, "nombre_emplazamiento": "ARICA II - IV", "id_nodo": 554, "nombre_nodo": "ARIC72-HUAWEI", "Longitud": -70.30066, "Latitud": -18.47769, "title_nodo": null }, "geometry": { "type": "Point", "coordinates": [ -70.30066, -18.47769 ] } },
{ "type": "Feature", "properties": { "Nemonico OC": "ARI4", "tipo": "SW", "id_emplazamiento": 120102, "nombre_emplazamiento": "ARICA II - IV", "id_nodo": 934, "nombre_nodo": "ARIC73-HUAWEI", "Longitud": -70.30066, "Latitud": -18.47769, "title_nodo": null }, "geometry": { "type": "Point", "coordinates": [ -70.30066, -18.47769 ] } },
{ "type": "Feature", "properties": { "Nemonico OC": "ARI4", "tipo": "SW", "id_emplazamiento": 120102, "nombre_emplazamiento": "ARICA II - IV", "id_nodo": 1015, "nombre_nodo": "ARIC74-HUAWEI", "Longitud": -70.30066, "Latitud": -18.47769, "title_nodo": null }, "geometry": { "type": "Point", "coordinates": [ -70.30066, -18.47769 ] } },
{ "type": "Feature", "properties": { "Nemonico OC": "COP2", "tipo": "SW", "id_emplazamiento": 310103, "nombre_emplazamiento": "COPIAPO II", "id_nodo": 1092, "nombre_nodo": "COPI21-PE40", "Longitud": -70.30599, "Latitud": -27.38677, "title_nodo": "PE40COPI21" }, "geometry": { "type": "Point", "coordinates": [ -70.30599, -27.38677 ] } },
{ "type": "Feature", "properties": { "Nemonico OC": "COP2", "tipo": "SW", "id_emplazamiento": 310103, "nombre_emplazamiento": "COPIAPO II", "id_nodo": 650, "nombre_nodo": "COPA21-SW3750", "Longitud": -70.30599, "Latitud": -27.38677, "title_nodo": "SW37COPA21" }, "geometry": { "type": "Point", "coordinates": [ -70.30599, -27.38677 ] } },
{ "type": "Feature", "properties": { "Nemonico OC": "COP2", "tipo": "SW", "id_emplazamiento": 310103, "nombre_emplazamiento": "COPIAPO II", "id_nodo": 816, "nombre_nodo": "COPI21-SW9303", "Longitud": -70.30599, "Latitud": -27.38677, "title_nodo": "SW93COPI21" }, "geometry": { "type": "Point", "coordinates": [ -70.30599, -27.38677 ] } },
{ "type": "Feature", "properties": { "Nemonico OC": "COP2", "tipo": "PE", "id_emplazamiento": 310103, "nombre_emplazamiento": "COPIAPO II", "id_nodo": 382, "nombre_nodo": "COPIAPO - NB40COPI21", "Longitud": -70.30599, "Latitud": -27.38677, "title_nodo": null }, "geometry": { "type": "Point", "coordinates": [ -70.30599, -27.38677 ] } },
{ "type": "Feature", "properties": { "Nemonico OC": "LNEG", "tipo": "SW", "id_emplazamiento": 210107, "nombre_emplazamiento": "LA NEGRA", "id_nodo": 845, "nombre_nodo": "LNEG01-SW9303", "Longitud": -70.31016, "Latitud": -23.76064, "title_nodo": "SW93LNEG01" }, "geometry": { "type": "Point", "coordinates": [ -70.31016, -23.76064 ] } },
{ "type": "Feature", "properties": { "Nemonico OC": "ARI5", "tipo": "SW", "id_emplazamiento": 120103, "nombre_emplazamiento": "ARICA V", "id_nodo": 984, "nombre_nodo": "ARIC51-PE40", "Longitud": -70.31839, "Latitud": -18.47836, "title_nodo": "PE40ARIC51" }, "geometry": { "type": "Point", "coordinates": [ -70.31839, -18.47836 ] } },
{ "type": "Feature", "properties": { "Nemonico OC": "ARI5", "tipo": "SW", "id_emplazamiento": 120103, "nombre_emplazamiento": "ARICA V", "id_nodo": 588, "nombre_nodo": "ARIC51-SW9303", "Longitud": -70.31839, "Latitud": -18.47836, "title_nodo": "SW93ARIC51" }, "geometry": { "type": "Point", "coordinates": [ -70.31839, -18.47836 ] } },
{ "type": "Feature", "properties": { "Nemonico OC": "COP1", "tipo": "SW", "id_emplazamiento": 310101, "nombre_emplazamiento": "COPIAPO I", "id_nodo": 1330, "nombre_nodo": "OLT-COP1-3", "Longitud": -70.33373, "Latitud": -27.36603, "title_nodo": "COP1_OLT_3" }, "geometry": { "type": "Point", "coordinates": [ -70.33373, -27.36603 ] } },
{ "type": "Feature", "properties": { "Nemonico OC": "COP1", "tipo": "SW", "id_emplazamiento": 310101, "nombre_emplazamiento": "COPIAPO I", "id_nodo": 1707, "nombre_nodo": "OLT-COP1-4", "Longitud": -70.33373, "Latitud": -27.36603, "title_nodo": "COP1_OLT_4" }, "geometry": { "type": "Point", "coordinates": [ -70.33373, -27.36603 ] } },
{ "type": "Feature", "properties": { "Nemonico OC": "COP1", "tipo": "SW", "id_emplazamiento": 310101, "nombre_emplazamiento": "COPIAPO I", "id_nodo": 1145, "nombre_nodo": "OLT-COP1-5", "Longitud": -70.33373, "Latitud": -27.36603, "title_nodo": "COP1_OLT_5" }, "geometry": { "type": "Point", "coordinates": [ -70.33373, -27.36603 ] } },
{ "type": "Feature", "properties": { "Nemonico OC": "COP1", "tipo": "SW", "id_emplazamiento": 310101, "nombre_emplazamiento": "COPIAPO I", "id_nodo": 1422, "nombre_nodo": "OLT-COP1-6", "Longitud": -70.33373, "Latitud": -27.36603, "title_nodo": "COP1_OLT_6" }, "geometry": { "type": "Point", "coordinates": [ -70.33373, -27.36603 ] } },
{ "type": "Feature", "properties": { "Nemonico OC": "COP1", "tipo": "SW", "id_emplazamiento": 310101, "nombre_emplazamiento": "COPIAPO I", "id_nodo": 1468, "nombre_nodo": "OLT-COP1-7", "Longitud": -70.33373, "Latitud": -27.36603, "title_nodo": "COP1_OLT_7" }, "geometry": { "type": "Point", "coordinates": [ -70.33373, -27.36603 ] } },
{ "type": "Feature", "properties": { "Nemonico OC": "COP1", "tipo": "SW", "id_emplazamiento": 310101, "nombre_emplazamiento": "COPIAPO I", "id_nodo": 1677, "nombre_nodo": "OLT-COP1-8", "Longitud": -70.33373, "Latitud": -27.36603, "title_nodo": "COP1_OLT_8" }, "geometry": { "type": "Point", "coordinates": [ -70.33373, -27.36603 ] } },
{ "type": "Feature", "properties": { "Nemonico OC": "COP1", "tipo": "SW", "id_emplazamiento": 310101, "nombre_emplazamiento": "COPIAPO I", "id_nodo": 1820, "nombre_nodo": "OLT-COP1-9", "Longitud": -70.33373, "Latitud": -27.36603, "title_nodo": "COP1_OLT_9" }, "geometry": { "type": "Point", "coordinates": [ -70.33373, -27.36603 ] } },
{ "type": "Feature", "properties": { "Nemonico OC": "COP1", "tipo": "SW", "id_emplazamiento": 310101, "nombre_emplazamiento": "COPIAPO I", "id_nodo": 1042, "nombre_nodo": "COPI01-PE40", "Longitud": -70.33373, "Latitud": -27.36603, "title_nodo": "PE40COPI01" }, "geometry": { "type": "Point", "coordinates": [ -70.33373, -27.36603 ] } },
{ "type": "Feature", "properties": { "Nemonico OC": "COP1", "tipo": "SW", "id_emplazamiento": 310101, "nombre_emplazamiento": "COPIAPO I", "id_nodo": 1505, "nombre_nodo": "COPI02-PE40-L", "Longitud": -70.33373, "Latitud": -27.36603, "title_nodo": "PE40COPI02-L" }, "geometry": { "type": "Point", "coordinates": [ -70.33373, -27.36603 ] } },
{ "type": "Feature", "properties": { "Nemonico OC": "COP1", "tipo": "SW", "id_emplazamiento": 310101, "nombre_emplazamiento": "COPIAPO I", "id_nodo": 140, "nombre_nodo": "COPA01-SW3750", "Longitud": -70.33373, "Latitud": -27.36603, "title_nodo": "SW37COPA01" }, "geometry": { "type": "Point", "coordinates": [ -70.33373, -27.36603 ] } },
{ "type": "Feature", "properties": { "Nemonico OC": "COP1", "tipo": "SW", "id_emplazamiento": 310101, "nombre_emplazamiento": "COPIAPO I", "id_nodo": 548, "nombre_nodo": "COPI01-SW9303", "Longitud": -70.33373, "Latitud": -27.36603, "title_nodo": "SW93COPI01" }, "geometry": { "type": "Point", "coordinates": [ -70.33373, -27.36603 ] } },
{ "type": "Feature", "properties": { "Nemonico OC": "COP1", "tipo": "SW", "id_emplazamiento": 310101, "nombre_emplazamiento": "COPIAPO I", "id_nodo": 815, "nombre_nodo": "COPI02-SW9303", "Longitud": -70.33373, "Latitud": -27.36603, "title_nodo": "SW93COPI02" }, "geometry": { "type": "Point", "coordinates": [ -70.33373, -27.36603 ] } },
{ "type": "Feature", "properties": { "Nemonico OC": "COP1", "tipo": "PE", "id_emplazamiento": 310101, "nombre_emplazamiento": "COPIAPO I", "id_nodo": 161, "nombre_nodo": "COPIAPO - COPI69 Huawei", "Longitud": -70.33373, "Latitud": -27.36603, "title_nodo": null }, "geometry": { "type": "Point", "coordinates": [ -70.33373, -27.36603 ] } },
{ "type": "Feature", "properties": { "Nemonico OC": "COP1", "tipo": "PE", "id_emplazamiento": 310101, "nombre_emplazamiento": "COPIAPO I", "id_nodo": 324, "nombre_nodo": "COPIAPO - COPI70 Huawei", "Longitud": -70.33373, "Latitud": -27.36603, "title_nodo": null }, "geometry": { "type": "Point", "coordinates": [ -70.33373, -27.36603 ] } },
{ "type": "Feature", "properties": { "Nemonico OC": "COP1", "tipo": "PE", "id_emplazamiento": 310101, "nombre_emplazamiento": "COPIAPO I", "id_nodo": 321, "nombre_nodo": "COPIAPO - NB40COPI01", "Longitud": -70.33373, "Latitud": -27.36603, "title_nodo": null }, "geometry": { "type": "Point", "coordinates": [ -70.33373, -27.36603 ] } },
{ "type": "Feature", "properties": { "Nemonico OC": "COP1", "tipo": "PE", "id_emplazamiento": 310101, "nombre_emplazamiento": "COPIAPO I", "id_nodo": 371, "nombre_nodo": "COPIAPO - NB96COPI01", "Longitud": -70.33373, "Latitud": -27.36603, "title_nodo": null }, "geometry": { "type": "Point", "coordinates": [ -70.33373, -27.36603 ] } },
{ "type": "Feature", "properties": { "Nemonico OC": "COP1", "tipo": "PE", "id_emplazamiento": 310101, "nombre_emplazamiento": "COPIAPO I", "id_nodo": 133, "nombre_nodo": "COPIAPO - PE06COPA01 (Cerrado)", "Longitud": -70.33373, "Latitud": -27.36603, "title_nodo": null }, "geometry": { "type": "Point", "coordinates": [ -70.33373, -27.36603 ] } },
{ "type": "Feature", "properties": { "Nemonico OC": "COP1", "tipo": "PE", "id_emplazamiento": 310101, "nombre_emplazamiento": "COPIAPO I", "id_nodo": 206, "nombre_nodo": "COPIAPO - PE10COPI01", "Longitud": -70.33373, "Latitud": -27.36603, "title_nodo": null }, "geometry": { "type": "Point", "coordinates": [ -70.33373, -27.36603 ] } },
{ "type": "Feature", "properties": { "Nemonico OC": "COP1", "tipo": "PE", "id_emplazamiento": 310101, "nombre_emplazamiento": "COPIAPO I", "id_nodo": 107, "nombre_nodo": "COPIAPO - PE76COPI01", "Longitud": -70.33373, "Latitud": -27.36603, "title_nodo": null }, "geometry": { "type": "Point", "coordinates": [ -70.33373, -27.36603 ] } },
{ "type": "Feature", "properties": { "Nemonico OC": "COP1", "tipo": "PE", "id_emplazamiento": 310101, "nombre_emplazamiento": "COPIAPO I", "id_nodo": 145, "nombre_nodo": "COPIAPO - PE76COPI02", "Longitud": -70.33373, "Latitud": -27.36603, "title_nodo": null }, "geometry": { "type": "Point", "coordinates": [ -70.33373, -27.36603 ] } },
{ "type": "Feature", "properties": { "Nemonico OC": "COP1", "tipo": "SW", "id_emplazamiento": 310101, "nombre_emplazamiento": "COPIAPO I", "id_nodo": 180, "nombre_nodo": "COPA69-HUAWEI", "Longitud": -70.33373, "Latitud": -27.36603, "title_nodo": null }, "geometry": { "type": "Point", "coordinates": [ -70.33373, -27.36603 ] } },
{ "type": "Feature", "properties": { "Nemonico OC": "COP1", "tipo": "SW", "id_emplazamiento": 310101, "nombre_emplazamiento": "COPIAPO I", "id_nodo": 690, "nombre_nodo": "COPA70-HUAWEI", "Longitud": -70.33373, "Latitud": -27.36603, "title_nodo": null }, "geometry": { "type": "Point", "coordinates": [ -70.33373, -27.36603 ] } },
{ "type": "Feature", "properties": { "Nemonico OC": "COP1", "tipo": "SW", "id_emplazamiento": 310101, "nombre_emplazamiento": "COPIAPO I", "id_nodo": 1010, "nombre_nodo": "COPI71-HUAWEI", "Longitud": -70.33373, "Latitud": -27.36603, "title_nodo": null }, "geometry": { "type": "Point", "coordinates": [ -70.33373, -27.36603 ] } },
{ "type": "Feature", "properties": { "Nemonico OC": "COP1", "tipo": "SW", "id_emplazamiento": 310101, "nombre_emplazamiento": "COPIAPO I", "id_nodo": 1232, "nombre_nodo": "COPI72-HUAWEI", "Longitud": -70.33373, "Latitud": -27.36603, "title_nodo": null }, "geometry": { "type": "Point", "coordinates": [ -70.33373, -27.36603 ] } },
{ "type": "Feature", "properties": { "Nemonico OC": "COP1", "tipo": "SW", "id_emplazamiento": 310101, "nombre_emplazamiento": "COPIAPO I", "id_nodo": 1264, "nombre_nodo": "COPI73-HUAWEI", "Longitud": -70.33373, "Latitud": -27.36603, "title_nodo": null }, "geometry": { "type": "Point", "coordinates": [ -70.33373, -27.36603 ] } },
{ "type": "Feature", "properties": { "Nemonico OC": "COP1", "tipo": "SW", "id_emplazamiento": 310101, "nombre_emplazamiento": "COPIAPO I", "id_nodo": 1374, "nombre_nodo": "COPI74-HUAWEI", "Longitud": -70.33373, "Latitud": -27.36603, "title_nodo": null }, "geometry": { "type": "Point", "coordinates": [ -70.33373, -27.36603 ] } },
{ "type": "Feature", "properties": { "Nemonico OC": "COP1", "tipo": "SW", "id_emplazamiento": 310101, "nombre_emplazamiento": "COPIAPO I", "id_nodo": 1511, "nombre_nodo": "COPI75-HUAWEI", "Longitud": -70.33373, "Latitud": -27.36603, "title_nodo": null }, "geometry": { "type": "Point", "coordinates": [ -70.33373, -27.36603 ] } },
{ "type": "Feature", "properties": { "Nemonico OC": "COP1", "tipo": "SW", "id_emplazamiento": 310101, "nombre_emplazamiento": "COPIAPO I", "id_nodo": 1716, "nombre_nodo": "COPI76-HUAWEI", "Longitud": -70.33373, "Latitud": -27.36603, "title_nodo": null }, "geometry": { "type": "Point", "coordinates": [ -70.33373, -27.36603 ] } },
{ "type": "Feature", "properties": { "Nemonico OC": "SJMA", "tipo": "PE", "id_emplazamiento": 1320301, "nombre_emplazamiento": "SAN JOSE DE MAIPO", "id_nodo": 456, "nombre_nodo": "SAN JOSE DE MAIPO - PE80SJMA01-L", "Longitud": -70.35225, "Latitud": -33.64057, "title_nodo": null }, "geometry": { "type": "Point", "coordinates": [ -70.35225, -33.64057 ] } },
{ "type": "Feature", "properties": { "Nemonico OC": "PORV", "tipo": "SW", "id_emplazamiento": 1230101, "nombre_emplazamiento": "PORVENIR", "id_nodo": 1464, "nombre_nodo": "OLT-PORV-1", "Longitud": -70.36096, "Latitud": -53.29663, "title_nodo": "PORV-1- OLT" }, "geometry": { "type": "Point", "coordinates": [ -70.36096, -53.29663 ] } },
{ "type": "Feature", "properties": { "Nemonico OC": "PORV", "tipo": "PE", "id_emplazamiento": 1230101, "nombre_emplazamiento": "PORVENIR", "id_nodo": 498, "nombre_nodo": "PORVENIR - PE80PORV01-L", "Longitud": -70.36096, "Latitud": -53.29663, "title_nodo": null }, "geometry": { "type": "Point", "coordinates": [ -70.36096, -53.29663 ] } },
{ "type": "Feature", "properties": { "Nemonico OC": "ANT3", "tipo": "SW", "id_emplazamiento": 210101, "nombre_emplazamiento": "ANTOFAGASTA III", "id_nodo": 432, "nombre_nodo": "ANTO31-SW40E", "Longitud": -70.3902, "Latitud": -23.59541, "title_nodo": "SW40ANTO31" }, "geometry": { "type": "Point", "coordinates": [ -70.3902, -23.59541 ] } },
{ "type": "Feature", "properties": { "Nemonico OC": "ANT3", "tipo": "SW", "id_emplazamiento": 210101, "nombre_emplazamiento": "ANTOFAGASTA III", "id_nodo": 754, "nombre_nodo": "ANTO31-SW9303", "Longitud": -70.3902, "Latitud": -23.59541, "title_nodo": "SW93ANTO31" }, "geometry": { "type": "Point", "coordinates": [ -70.3902, -23.59541 ] } },
{ "type": "Feature", "properties": { "Nemonico OC": "ANT3", "tipo": "SW", "id_emplazamiento": 210101, "nombre_emplazamiento": "ANTOFAGASTA III", "id_nodo": 743, "nombre_nodo": "ANTO83-HUAWEI", "Longitud": -70.3902, "Latitud": -23.59541, "title_nodo": null }, "geometry": { "type": "Point", "coordinates": [ -70.3902, -23.59541 ] } },
{ "type": "Feature", "properties": { "Nemonico OC": "ANT6", "tipo": "SW", "id_emplazamiento": 210104, "nombre_emplazamiento": "ANTOFAGASTA VI (LA CHIMBA)", "id_nodo": 1313, "nombre_nodo": "ATP-ANT6-5", "Longitud": -70.39337, "Latitud": -23.57158, "title_nodo": "ANT6_ATP_5" }, "geometry": { "type": "Point", "coordinates": [ -70.39337, -23.57158 ] } },
{ "type": "Feature", "properties": { "Nemonico OC": "ANT6", "tipo": "SW", "id_emplazamiento": 210104, "nombre_emplazamiento": "ANTOFAGASTA VI (LA CHIMBA)", "id_nodo": 1490, "nombre_nodo": "ATP-ANT6-6", "Longitud": -70.39337, "Latitud": -23.57158, "title_nodo": "ANT6_ATP_6" }, "geometry": { "type": "Point", "coordinates": [ -70.39337, -23.57158 ] } },
{ "type": "Feature", "properties": { "Nemonico OC": "ANT6", "tipo": "SW", "id_emplazamiento": 210104, "nombre_emplazamiento": "ANTOFAGASTA VI (LA CHIMBA)", "id_nodo": 1489, "nombre_nodo": "ATP-ANT6-7", "Longitud": -70.39337, "Latitud": -23.57158, "title_nodo": "ANT6_ATP_7" }, "geometry": { "type": "Point", "coordinates": [ -70.39337, -23.57158 ] } },
{ "type": "Feature", "properties": { "Nemonico OC": "ANT6", "tipo": "SW", "id_emplazamiento": 210104, "nombre_emplazamiento": "ANTOFAGASTA VI (LA CHIMBA)", "id_nodo": 1802, "nombre_nodo": "OLT-ANT6-3", "Longitud": -70.39337, "Latitud": -23.57158, "title_nodo": "ANT6_OLT_3" }, "geometry": { "type": "Point", "coordinates": [ -70.39337, -23.57158 ] } },
{ "type": "Feature", "properties": { "Nemonico OC": "ANT6", "tipo": "SW", "id_emplazamiento": 210104, "nombre_emplazamiento": "ANTOFAGASTA VI (LA CHIMBA)", "id_nodo": 1610, "nombre_nodo": "OLT-ANT6-4", "Longitud": -70.39337, "Latitud": -23.57158, "title_nodo": "ANT6_OLT_4" }, "geometry": { "type": "Point", "coordinates": [ -70.39337, -23.57158 ] } },
{ "type": "Feature", "properties": { "Nemonico OC": "ANT6", "tipo": "SW", "id_emplazamiento": 210104, "nombre_emplazamiento": "ANTOFAGASTA VI (LA CHIMBA)", "id_nodo": 1793, "nombre_nodo": "OLT-ANT6-8", "Longitud": -70.39337, "Latitud": -23.57158, "title_nodo": "ANT6_OLT_8" }, "geometry": { "type": "Point", "coordinates": [ -70.39337, -23.57158 ] } },
{ "type": "Feature", "properties": { "Nemonico OC": "ANT6", "tipo": "SW", "id_emplazamiento": 210104, "nombre_emplazamiento": "ANTOFAGASTA VI (LA CHIMBA)", "id_nodo": 1071, "nombre_nodo": "ANTO61-PE40", "Longitud": -70.39337, "Latitud": -23.57158, "title_nodo": "PE40ANTO61" }, "geometry": { "type": "Point", "coordinates": [ -70.39337, -23.57158 ] } },
{ "type": "Feature", "properties": { "Nemonico OC": "ANT6", "tipo": "SW", "id_emplazamiento": 210104, "nombre_emplazamiento": "ANTOFAGASTA VI (LA CHIMBA)", "id_nodo": 1591, "nombre_nodo": "ANTO62-PE40-L", "Longitud": -70.39337, "Latitud": -23.57158, "title_nodo": "PE40ANTO62-L" }, "geometry": { "type": "Point", "coordinates": [ -70.39337, -23.57158 ] } },
{ "type": "Feature", "properties": { "Nemonico OC": "ANT6", "tipo": "SW", "id_emplazamiento": 210104, "nombre_emplazamiento": "ANTOFAGASTA VI (LA CHIMBA)", "id_nodo": 581, "nombre_nodo": "CHIM01-SW9303", "Longitud": -70.39337, "Latitud": -23.57158, "title_nodo": "SW93CHIM01" }, "geometry": { "type": "Point", "coordinates": [ -70.39337, -23.57158 ] } },
{ "type": "Feature", "properties": { "Nemonico OC": "ANT6", "tipo": "PE", "id_emplazamiento": 210104, "nombre_emplazamiento": "ANTOFAGASTA VI (LA CHIMBA)", "id_nodo": 449, "nombre_nodo": "ANTOFAGASTA - NB40ANTO62", "Longitud": -70.39337, "Latitud": -23.57158, "title_nodo": null }, "geometry": { "type": "Point", "coordinates": [ -70.39337, -23.57158 ] } },
{ "type": "Feature", "properties": { "Nemonico OC": "ANT6", "tipo": "PE", "id_emplazamiento": 210104, "nombre_emplazamiento": "ANTOFAGASTA VI (LA CHIMBA)", "id_nodo": 307, "nombre_nodo": "ANTOFAGASTA - PE480ANTO61", "Longitud": -70.39337, "Latitud": -23.57158, "title_nodo": null }, "geometry": { "type": "Point", "coordinates": [ -70.39337, -23.57158 ] } },
{ "type": "Feature", "properties": { "Nemonico OC": "ANT6", "tipo": "SW", "id_emplazamiento": 210104, "nombre_emplazamiento": "ANTOFAGASTA VI (LA CHIMBA)", "id_nodo": 790, "nombre_nodo": "CHIM69-HUAWEI", "Longitud": -70.39337, "Latitud": -23.57158, "title_nodo": null }, "geometry": { "type": "Point", "coordinates": [ -70.39337, -23.57158 ] } },
{ "type": "Feature", "properties": { "Nemonico OC": "ANT6", "tipo": "SW", "id_emplazamiento": 210104, "nombre_emplazamiento": "ANTOFAGASTA VI (LA CHIMBA)", "id_nodo": 1284, "nombre_nodo": "CHIM70-HUAWEI", "Longitud": -70.39337, "Latitud": -23.57158, "title_nodo": null }, "geometry": { "type": "Point", "coordinates": [ -70.39337, -23.57158 ] } },
{ "type": "Feature", "properties": { "Nemonico OC": "ANT1", "tipo": "SW", "id_emplazamiento": 210105, "nombre_emplazamiento": "ANTOFAGASTA II", "id_nodo": 1319, "nombre_nodo": "ATP-ANT1-5", "Longitud": -70.39822, "Latitud": -23.65218, "title_nodo": "ANT1_ATP_5" }, "geometry": { "type": "Point", "coordinates": [ -70.39822, -23.65218 ] } },
{ "type": "Feature", "properties": { "Nemonico OC": "ANT1", "tipo": "SW", "id_emplazamiento": 210105, "nombre_emplazamiento": "ANTOFAGASTA II", "id_nodo": 1495, "nombre_nodo": "ATP-ANT1-6", "Longitud": -70.39822, "Latitud": -23.65218, "title_nodo": "ANT1_ATP_6" }, "geometry": { "type": "Point", "coordinates": [ -70.39822, -23.65218 ] } },
{ "type": "Feature", "properties": { "Nemonico OC": "ANT1", "tipo": "SW", "id_emplazamiento": 210105, "nombre_emplazamiento": "ANTOFAGASTA II", "id_nodo": 1497, "nombre_nodo": "ATP-ANT1-7", "Longitud": -70.39822, "Latitud": -23.65218, "title_nodo": "ANT1_ATP_7" }, "geometry": { "type": "Point", "coordinates": [ -70.39822, -23.65218 ] } },
{ "type": "Feature", "properties": { "Nemonico OC": "ANT1", "tipo": "SW", "id_emplazamiento": 210105, "nombre_emplazamiento": "ANTOFAGASTA II", "id_nodo": 1714, "nombre_nodo": "OLT-ANT1-2", "Longitud": -70.39822, "Latitud": -23.65218, "title_nodo": "ANT1_OLT_2" }, "geometry": { "type": "Point", "coordinates": [ -70.39822, -23.65218 ] } },
{ "type": "Feature", "properties": { "Nemonico OC": "ANT1", "tipo": "SW", "id_emplazamiento": 210105, "nombre_emplazamiento": "ANTOFAGASTA II", "id_nodo": 1046, "nombre_nodo": "ANTO01-PE40", "Longitud": -70.39822, "Latitud": -23.65218, "title_nodo": "PE40ANTO01" }, "geometry": { "type": "Point", "coordinates": [ -70.39822, -23.65218 ] } },
{ "type": "Feature", "properties": { "Nemonico OC": "ANT1", "tipo": "SW", "id_emplazamiento": 210105, "nombre_emplazamiento": "ANTOFAGASTA II", "id_nodo": 1507, "nombre_nodo": "ANTO02-PE40-L", "Longitud": -70.39822, "Latitud": -23.65218, "title_nodo": "PE40ANTO02-L" }, "geometry": { "type": "Point", "coordinates": [ -70.39822, -23.65218 ] } },
{ "type": "Feature", "properties": { "Nemonico OC": "ANT1", "tipo": "SW", "id_emplazamiento": 210105, "nombre_emplazamiento": "ANTOFAGASTA II", "id_nodo": 2, "nombre_nodo": "ANTO01-SW3550", "Longitud": -70.39822, "Latitud": -23.65218, "title_nodo": "SW35ANTO01" }, "geometry": { "type": "Point", "coordinates": [ -70.39822, -23.65218 ] } },
{ "type": "Feature", "properties": { "Nemonico OC": "ANT1", "tipo": "SW", "id_emplazamiento": 210105, "nombre_emplazamiento": "ANTOFAGASTA II", "id_nodo": 1, "nombre_nodo": "ANTO01-SW3750", "Longitud": -70.39822, "Latitud": -23.65218, "title_nodo": "SW37ANTO01" }, "geometry": { "type": "Point", "coordinates": [ -70.39822, -23.65218 ] } },
{ "type": "Feature", "properties": { "Nemonico OC": "ANT1", "tipo": "SW", "id_emplazamiento": 210105, "nombre_emplazamiento": "ANTOFAGASTA II", "id_nodo": 210, "nombre_nodo": "ANTO02-SW3750", "Longitud": -70.39822, "Latitud": -23.65218, "title_nodo": "SW37ANTO02" }, "geometry": { "type": "Point", "coordinates": [ -70.39822, -23.65218 ] } },
{ "type": "Feature", "properties": { "Nemonico OC": "ANT1", "tipo": "SW", "id_emplazamiento": 210105, "nombre_emplazamiento": "ANTOFAGASTA II", "id_nodo": 431, "nombre_nodo": "ANTO01-SW40E", "Longitud": -70.39822, "Latitud": -23.65218, "title_nodo": "SW40ANTO01" }, "geometry": { "type": "Point", "coordinates": [ -70.39822, -23.65218 ] } },
{ "type": "Feature", "properties": { "Nemonico OC": "ANT1", "tipo": "SW", "id_emplazamiento": 210105, "nombre_emplazamiento": "ANTOFAGASTA II", "id_nodo": 267, "nombre_nodo": "ANTO01-SW6524", "Longitud": -70.39822, "Latitud": -23.65218, "title_nodo": "SW65ANTO01" }, "geometry": { "type": "Point", "coordinates": [ -70.39822, -23.65218 ] } },
{ "type": "Feature", "properties": { "Nemonico OC": "ANT1", "tipo": "SW", "id_emplazamiento": 210105, "nombre_emplazamiento": "ANTOFAGASTA II", "id_nodo": 340, "nombre_nodo": "ANTO02-SW6524", "Longitud": -70.39822, "Latitud": -23.65218, "title_nodo": "SW65ANTO02" }, "geometry": { "type": "Point", "coordinates": [ -70.39822, -23.65218 ] } },
{ "type": "Feature", "properties": { "Nemonico OC": "ANT1", "tipo": "SW", "id_emplazamiento": 210105, "nombre_emplazamiento": "ANTOFAGASTA II", "id_nodo": 793, "nombre_nodo": "ANTO01-SW9303", "Longitud": -70.39822, "Latitud": -23.65218, "title_nodo": "SW93ANTO01" }, "geometry": { "type": "Point", "coordinates": [ -70.39822, -23.65218 ] } },
{ "type": "Feature", "properties": { "Nemonico OC": "ANT1", "tipo": "SW", "id_emplazamiento": 210105, "nombre_emplazamiento": "ANTOFAGASTA II", "id_nodo": 730, "nombre_nodo": "ANTO02-SW9303", "Longitud": -70.39822, "Latitud": -23.65218, "title_nodo": "SW93ANTO02" }, "geometry": { "type": "Point", "coordinates": [ -70.39822, -23.65218 ] } },
{ "type": "Feature", "properties": { "Nemonico OC": "ANT1", "tipo": "SW", "id_emplazamiento": 210105, "nombre_emplazamiento": "ANTOFAGASTA II", "id_nodo": 876, "nombre_nodo": "ANTO03-SW9303", "Longitud": -70.39822, "Latitud": -23.65218, "title_nodo": "SW93ANTO03" }, "geometry": { "type": "Point", "coordinates": [ -70.39822, -23.65218 ] } },
{ "type": "Feature", "properties": { "Nemonico OC": "ANT1", "tipo": "PE", "id_emplazamiento": 210105, "nombre_emplazamiento": "ANTOFAGASTA II", "id_nodo": 49, "nombre_nodo": "ANTOFAGASTA - PE06ANTO03 (Cerrado)", "Longitud": -70.39822, "Latitud": -23.65218, "title_nodo": null }, "geometry": { "type": "Point", "coordinates": [ -70.39822, -23.65218 ] } },
{ "type": "Feature", "properties": { "Nemonico OC": "ANT1", "tipo": "PE", "id_emplazamiento": 210105, "nombre_emplazamiento": "ANTOFAGASTA II", "id_nodo": 181, "nombre_nodo": "ANTOFAGASTA - PE10ANTO01 (Cerrado)", "Longitud": -70.39822, "Latitud": -23.65218, "title_nodo": null }, "geometry": { "type": "Point", "coordinates": [ -70.39822, -23.65218 ] } },
{ "type": "Feature", "properties": { "Nemonico OC": "ANT1", "tipo": "PE", "id_emplazamiento": 210105, "nombre_emplazamiento": "ANTOFAGASTA II", "id_nodo": 236, "nombre_nodo": "ANTOFAGASTA - PE10ANTO02", "Longitud": -70.39822, "Latitud": -23.65218, "title_nodo": null }, "geometry": { "type": "Point", "coordinates": [ -70.39822, -23.65218 ] } },
{ "type": "Feature", "properties": { "Nemonico OC": "ANT1", "tipo": "PE", "id_emplazamiento": 210105, "nombre_emplazamiento": "ANTOFAGASTA II", "id_nodo": 304, "nombre_nodo": "ANTOFAGASTA - PE40CANT01 y 02", "Longitud": -70.39822, "Latitud": -23.65218, "title_nodo": null }, "geometry": { "type": "Point", "coordinates": [ -70.39822, -23.65218 ] } },
{ "type": "Feature", "properties": { "Nemonico OC": "ANT1", "tipo": "PE", "id_emplazamiento": 210105, "nombre_emplazamiento": "ANTOFAGASTA II", "id_nodo": 306, "nombre_nodo": "ANTOFAGASTA - PE480ANTO01", "Longitud": -70.39822, "Latitud": -23.65218, "title_nodo": null }, "geometry": { "type": "Point", "coordinates": [ -70.39822, -23.65218 ] } },
{ "type": "Feature", "properties": { "Nemonico OC": "ANT1", "tipo": "PE", "id_emplazamiento": 210105, "nombre_emplazamiento": "ANTOFAGASTA II", "id_nodo": 99, "nombre_nodo": "ANTOFAGASTA - PE76ANTO01", "Longitud": -70.39822, "Latitud": -23.65218, "title_nodo": null }, "geometry": { "type": "Point", "coordinates": [ -70.39822, -23.65218 ] } },
{ "type": "Feature", "properties": { "Nemonico OC": "ANT1", "tipo": "PE", "id_emplazamiento": 210105, "nombre_emplazamiento": "ANTOFAGASTA II", "id_nodo": 217, "nombre_nodo": "ANTOFAGASTA - PE76QANT01", "Longitud": -70.39822, "Latitud": -23.65218, "title_nodo": null }, "geometry": { "type": "Point", "coordinates": [ -70.39822, -23.65218 ] } },
{ "type": "Feature", "properties": { "Nemonico OC": "ANT1", "tipo": "SW", "id_emplazamiento": 210105, "nombre_emplazamiento": "ANTOFAGASTA II", "id_nodo": 91, "nombre_nodo": "ANTO69-HUAWEI", "Longitud": -70.39822, "Latitud": -23.65218, "title_nodo": null }, "geometry": { "type": "Point", "coordinates": [ -70.39822, -23.65218 ] } },
{ "type": "Feature", "properties": { "Nemonico OC": "ANT1", "tipo": "SW", "id_emplazamiento": 210105, "nombre_emplazamiento": "ANTOFAGASTA II", "id_nodo": 156, "nombre_nodo": "ANTO70-HUAWEI", "Longitud": -70.39822, "Latitud": -23.65218, "title_nodo": null }, "geometry": { "type": "Point", "coordinates": [ -70.39822, -23.65218 ] } },
{ "type": "Feature", "properties": { "Nemonico OC": "ANT1", "tipo": "SW", "id_emplazamiento": 210105, "nombre_emplazamiento": "ANTOFAGASTA II", "id_nodo": 236, "nombre_nodo": "ANTO71-CDEC-1", "Longitud": -70.39822, "Latitud": -23.65218, "title_nodo": null }, "geometry": { "type": "Point", "coordinates": [ -70.39822, -23.65218 ] } },
{ "type": "Feature", "properties": { "Nemonico OC": "ANT1", "tipo": "SW", "id_emplazamiento": 210105, "nombre_emplazamiento": "ANTOFAGASTA II", "id_nodo": 250, "nombre_nodo": "ANTO72-HUAWEI", "Longitud": -70.39822, "Latitud": -23.65218, "title_nodo": null }, "geometry": { "type": "Point", "coordinates": [ -70.39822, -23.65218 ] } },
{ "type": "Feature", "properties": { "Nemonico OC": "ANT1", "tipo": "SW", "id_emplazamiento": 210105, "nombre_emplazamiento": "ANTOFAGASTA II", "id_nodo": 288, "nombre_nodo": "ANTO73-HUAWEI", "Longitud": -70.39822, "Latitud": -23.65218, "title_nodo": null }, "geometry": { "type": "Point", "coordinates": [ -70.39822, -23.65218 ] } },
{ "type": "Feature", "properties": { "Nemonico OC": "ANT1", "tipo": "SW", "id_emplazamiento": 210105, "nombre_emplazamiento": "ANTOFAGASTA II", "id_nodo": 365, "nombre_nodo": "ANTO74-HUAWEI", "Longitud": -70.39822, "Latitud": -23.65218, "title_nodo": null }, "geometry": { "type": "Point", "coordinates": [ -70.39822, -23.65218 ] } },
{ "type": "Feature", "properties": { "Nemonico OC": "ANT1", "tipo": "SW", "id_emplazamiento": 210105, "nombre_emplazamiento": "ANTOFAGASTA II", "id_nodo": 408, "nombre_nodo": "ANTO75-HUAWEI", "Longitud": -70.39822, "Latitud": -23.65218, "title_nodo": null }, "geometry": { "type": "Point", "coordinates": [ -70.39822, -23.65218 ] } },
{ "type": "Feature", "properties": { "Nemonico OC": "ANT1", "tipo": "SW", "id_emplazamiento": 210105, "nombre_emplazamiento": "ANTOFAGASTA II", "id_nodo": 426, "nombre_nodo": "ANTO76-HUAWEI", "Longitud": -70.39822, "Latitud": -23.65218, "title_nodo": null }, "geometry": { "type": "Point", "coordinates": [ -70.39822, -23.65218 ] } },
{ "type": "Feature", "properties": { "Nemonico OC": "ANT1", "tipo": "SW", "id_emplazamiento": 210105, "nombre_emplazamiento": "ANTOFAGASTA II", "id_nodo": 473, "nombre_nodo": "ANTO77-HUAWEI", "Longitud": -70.39822, "Latitud": -23.65218, "title_nodo": null }, "geometry": { "type": "Point", "coordinates": [ -70.39822, -23.65218 ] } },
{ "type": "Feature", "properties": { "Nemonico OC": "ANT1", "tipo": "SW", "id_emplazamiento": 210105, "nombre_emplazamiento": "ANTOFAGASTA II", "id_nodo": 475, "nombre_nodo": "ANTO78-HUAWEI", "Longitud": -70.39822, "Latitud": -23.65218, "title_nodo": null }, "geometry": { "type": "Point", "coordinates": [ -70.39822, -23.65218 ] } },
{ "type": "Feature", "properties": { "Nemonico OC": "ANT1", "tipo": "SW", "id_emplazamiento": 210105, "nombre_emplazamiento": "ANTOFAGASTA II", "id_nodo": 492, "nombre_nodo": "ANTO79-HUAWEI", "Longitud": -70.39822, "Latitud": -23.65218, "title_nodo": null }, "geometry": { "type": "Point", "coordinates": [ -70.39822, -23.65218 ] } },
{ "type": "Feature", "properties": { "Nemonico OC": "ANT1", "tipo": "SW", "id_emplazamiento": 210105, "nombre_emplazamiento": "ANTOFAGASTA II", "id_nodo": 518, "nombre_nodo": "ANTO80-HUAWEI", "Longitud": -70.39822, "Latitud": -23.65218, "title_nodo": null }, "geometry": { "type": "Point", "coordinates": [ -70.39822, -23.65218 ] } },
{ "type": "Feature", "properties": { "Nemonico OC": "ANT1", "tipo": "SW", "id_emplazamiento": 210105, "nombre_emplazamiento": "ANTOFAGASTA II", "id_nodo": 586, "nombre_nodo": "ANTO81-CDEC-2", "Longitud": -70.39822, "Latitud": -23.65218, "title_nodo": null }, "geometry": { "type": "Point", "coordinates": [ -70.39822, -23.65218 ] } },
{ "type": "Feature", "properties": { "Nemonico OC": "ANT1", "tipo": "SW", "id_emplazamiento": 210105, "nombre_emplazamiento": "ANTOFAGASTA II", "id_nodo": 769, "nombre_nodo": "ANTO82-HUAWEI", "Longitud": -70.39822, "Latitud": -23.65218, "title_nodo": null }, "geometry": { "type": "Point", "coordinates": [ -70.39822, -23.65218 ] } },
{ "type": "Feature", "properties": { "Nemonico OC": "ANT1", "tipo": "SW", "id_emplazamiento": 210105, "nombre_emplazamiento": "ANTOFAGASTA II", "id_nodo": 858, "nombre_nodo": "ANTO84-HUAWEI", "Longitud": -70.39822, "Latitud": -23.65218, "title_nodo": null }, "geometry": { "type": "Point", "coordinates": [ -70.39822, -23.65218 ] } },
{ "type": "Feature", "properties": { "Nemonico OC": "ANT1", "tipo": "SW", "id_emplazamiento": 210105, "nombre_emplazamiento": "ANTOFAGASTA II", "id_nodo": 857, "nombre_nodo": "ANTO85-HUAWEI", "Longitud": -70.39822, "Latitud": -23.65218, "title_nodo": null }, "geometry": { "type": "Point", "coordinates": [ -70.39822, -23.65218 ] } },
{ "type": "Feature", "properties": { "Nemonico OC": "ANT1", "tipo": "SW", "id_emplazamiento": 210105, "nombre_emplazamiento": "ANTOFAGASTA II", "id_nodo": 987, "nombre_nodo": "ANTO86-HUAWEI", "Longitud": -70.39822, "Latitud": -23.65218, "title_nodo": null }, "geometry": { "type": "Point", "coordinates": [ -70.39822, -23.65218 ] } },
{ "type": "Feature", "properties": { "Nemonico OC": "ANT1", "tipo": "SW", "id_emplazamiento": 210105, "nombre_emplazamiento": "ANTOFAGASTA II", "id_nodo": 1027, "nombre_nodo": "ANTO87-HUAWEI", "Longitud": -70.39822, "Latitud": -23.65218, "title_nodo": null }, "geometry": { "type": "Point", "coordinates": [ -70.39822, -23.65218 ] } },
{ "type": "Feature", "properties": { "Nemonico OC": "ANT1", "tipo": "SW", "id_emplazamiento": 210105, "nombre_emplazamiento": "ANTOFAGASTA II", "id_nodo": 1509, "nombre_nodo": "ANTO88-HUAWEI", "Longitud": -70.39822, "Latitud": -23.65218, "title_nodo": null }, "geometry": { "type": "Point", "coordinates": [ -70.39822, -23.65218 ] } },
{ "type": "Feature", "properties": { "Nemonico OC": "ANT1", "tipo": "SW", "id_emplazamiento": 210105, "nombre_emplazamiento": "ANTOFAGASTA II", "id_nodo": 1652, "nombre_nodo": "ANTO90-HUAWEI", "Longitud": -70.39822, "Latitud": -23.65218, "title_nodo": null }, "geometry": { "type": "Point", "coordinates": [ -70.39822, -23.65218 ] } },
{ "type": "Feature", "properties": { "Nemonico OC": "ANT1", "tipo": "SW", "id_emplazamiento": 210105, "nombre_emplazamiento": "ANTOFAGASTA II", "id_nodo": 1794, "nombre_nodo": "ANTO91-HUAWEI", "Longitud": -70.39822, "Latitud": -23.65218, "title_nodo": null }, "geometry": { "type": "Point", "coordinates": [ -70.39822, -23.65218 ] } },
{ "type": "Feature", "properties": { "Nemonico OC": "ANT4", "tipo": "SW", "id_emplazamiento": 210102, "nombre_emplazamiento": "ANTOFAGASTA IV", "id_nodo": 971, "nombre_nodo": "ANTO41-PE40", "Longitud": -70.40581, "Latitud": -23.67292, "title_nodo": "PE40ANTO41" }, "geometry": { "type": "Point", "coordinates": [ -70.40581, -23.67292 ] } },
{ "type": "Feature", "properties": { "Nemonico OC": "ANT4", "tipo": "SW", "id_emplazamiento": 210102, "nombre_emplazamiento": "ANTOFAGASTA IV", "id_nodo": 582, "nombre_nodo": "ANTO41-SW9303", "Longitud": -70.40581, "Latitud": -23.67292, "title_nodo": "SW93ANTO41" }, "geometry": { "type": "Point", "coordinates": [ -70.40581, -23.67292 ] } },
{ "type": "Feature", "properties": { "Nemonico OC": "ANT4", "tipo": "SW", "id_emplazamiento": 210102, "nombre_emplazamiento": "ANTOFAGASTA IV", "id_nodo": 728, "nombre_nodo": "ANTO42-SW9303", "Longitud": -70.40581, "Latitud": -23.67292, "title_nodo": "SW93ANTO42" }, "geometry": { "type": "Point", "coordinates": [ -70.40581, -23.67292 ] } },
{ "type": "Feature", "properties": { "Nemonico OC": "ANT4", "tipo": "SW", "id_emplazamiento": 210102, "nombre_emplazamiento": "ANTOFAGASTA IV", "id_nodo": 1527, "nombre_nodo": "ANTO89-HUAWEI", "Longitud": -70.40581, "Latitud": -23.67292, "title_nodo": null }, "geometry": { "type": "Point", "coordinates": [ -70.40581, -23.67292 ] } },
{ "type": "Feature", "properties": { "Nemonico OC": "MEJI", "tipo": "SW", "id_emplazamiento": 210201, "nombre_emplazamiento": "MEJILLONES", "id_nodo": 1410, "nombre_nodo": "OLT-MEJI-1", "Longitud": -70.44653, "Latitud": -23.09703, "title_nodo": "MEJI_OLT_1" }, "geometry": { "type": "Point", "coordinates": [ -70.44653, -23.09703 ] } },
{ "type": "Feature", "properties": { "Nemonico OC": "MEJI", "tipo": "SW", "id_emplazamiento": 210201, "nombre_emplazamiento": "MEJILLONES", "id_nodo": 1805, "nombre_nodo": "OLT-MEJI-2", "Longitud": -70.44653, "Latitud": -23.09703, "title_nodo": "MEJI_OLT_2" }, "geometry": { "type": "Point", "coordinates": [ -70.44653, -23.09703 ] } },
{ "type": "Feature", "properties": { "Nemonico OC": "MEJI", "tipo": "SW", "id_emplazamiento": 210201, "nombre_emplazamiento": "MEJILLONES", "id_nodo": 1068, "nombre_nodo": "MEJI01-PE40", "Longitud": -70.44653, "Latitud": -23.09703, "title_nodo": "PE40MEJI01" }, "geometry": { "type": "Point", "coordinates": [ -70.44653, -23.09703 ] } },
{ "type": "Feature", "properties": { "Nemonico OC": "MEJI", "tipo": "SW", "id_emplazamiento": 210201, "nombre_emplazamiento": "MEJILLONES", "id_nodo": 299, "nombre_nodo": "MEJI01-SW3424", "Longitud": -70.44653, "Latitud": -23.09703, "title_nodo": "SW34MEJI01" }, "geometry": { "type": "Point", "coordinates": [ -70.44653, -23.09703 ] } },
{ "type": "Feature", "properties": { "Nemonico OC": "MEJI", "tipo": "SW", "id_emplazamiento": 210201, "nombre_emplazamiento": "MEJILLONES", "id_nodo": 731, "nombre_nodo": "MEJI01-SW9303", "Longitud": -70.44653, "Latitud": -23.09703, "title_nodo": "SW93MEJI01" }, "geometry": { "type": "Point", "coordinates": [ -70.44653, -23.09703 ] } },
{ "type": "Feature", "properties": { "Nemonico OC": "MEJI", "tipo": "SW", "id_emplazamiento": 210201, "nombre_emplazamiento": "MEJILLONES", "id_nodo": 300, "nombre_nodo": "MEJI69-HUAWEI", "Longitud": -70.44653, "Latitud": -23.09703, "title_nodo": null }, "geometry": { "type": "Point", "coordinates": [ -70.44653, -23.09703 ] } },
{ "type": "Feature", "properties": { "Nemonico OC": "MEJI", "tipo": "SW", "id_emplazamiento": 210201, "nombre_emplazamiento": "MEJILLONES", "id_nodo": 525, "nombre_nodo": "MEJI70-HUAWEI", "Longitud": -70.44653, "Latitud": -23.09703, "title_nodo": null }, "geometry": { "type": "Point", "coordinates": [ -70.44653, -23.09703 ] } },
{ "type": "Feature", "properties": { "Nemonico OC": "MEJI", "tipo": "SW", "id_emplazamiento": 210201, "nombre_emplazamiento": "MEJILLONES", "id_nodo": 859, "nombre_nodo": "MEJI71-HUAWEI", "Longitud": -70.44653, "Latitud": -23.09703, "title_nodo": null }, "geometry": { "type": "Point", "coordinates": [ -70.44653, -23.09703 ] } },
{ "type": "Feature", "properties": { "Nemonico OC": "TALT", "tipo": "SW", "id_emplazamiento": 210401, "nombre_emplazamiento": "TALTAL", "id_nodo": 1691, "nombre_nodo": "OLT-TALT-1", "Longitud": -70.48581, "Latitud": -25.40796, "title_nodo": "TALT_OLT_1" }, "geometry": { "type": "Point", "coordinates": [ -70.48581, -25.40796 ] } },
{ "type": "Feature", "properties": { "Nemonico OC": "TALT", "tipo": "PE", "id_emplazamiento": 210401, "nombre_emplazamiento": "TALTAL", "id_nodo": 468, "nombre_nodo": "TALTAL - PE80TALT01-L", "Longitud": -70.48581, "Latitud": -25.40796, "title_nodo": null }, "geometry": { "type": "Point", "coordinates": [ -70.48581, -25.40796 ] } },
{ "type": "Feature", "properties": { "Nemonico OC": "SFRA", "tipo": "SW", "id_emplazamiento": 1311402, "nombre_emplazamiento": "SAN FCO DE LAS CONDES", "id_nodo": 1209, "nombre_nodo": "SFCO01-PE40", "Longitud": -70.51731, "Latitud": -33.3738, "title_nodo": "PE40SFCO01" }, "geometry": { "type": "Point", "coordinates": [ -70.51731, -33.3738 ] } },
{ "type": "Feature", "properties": { "Nemonico OC": "SFRA", "tipo": "SW", "id_emplazamiento": 1311402, "nombre_emplazamiento": "SAN FCO DE LAS CONDES", "id_nodo": 1057, "nombre_nodo": "SFCO02-PE40", "Longitud": -70.51731, "Latitud": -33.3738, "title_nodo": "PE40SFCO02" }, "geometry": { "type": "Point", "coordinates": [ -70.51731, -33.3738 ] } },
{ "type": "Feature", "properties": { "Nemonico OC": "SFRA", "tipo": "SW", "id_emplazamiento": 1311402, "nombre_emplazamiento": "SAN FCO DE LAS CONDES", "id_nodo": 1372, "nombre_nodo": "OLT-SFRA10", "Longitud": -70.51731, "Latitud": -33.3738, "title_nodo": "SFRA_OLT_10" }, "geometry": { "type": "Point", "coordinates": [ -70.51731, -33.3738 ] } },
{ "type": "Feature", "properties": { "Nemonico OC": "SFRA", "tipo": "SW", "id_emplazamiento": 1311402, "nombre_emplazamiento": "SAN FCO DE LAS CONDES", "id_nodo": 1529, "nombre_nodo": "OLT-SFRA11", "Longitud": -70.51731, "Latitud": -33.3738, "title_nodo": "SFRA_OLT_11" }, "geometry": { "type": "Point", "coordinates": [ -70.51731, -33.3738 ] } },
{ "type": "Feature", "properties": { "Nemonico OC": "SFRA", "tipo": "SW", "id_emplazamiento": 1311402, "nombre_emplazamiento": "SAN FCO DE LAS CONDES", "id_nodo": 1102, "nombre_nodo": "OLT-SFRA05", "Longitud": -70.51731, "Latitud": -33.3738, "title_nodo": "SFRA_OLT_5" }, "geometry": { "type": "Point", "coordinates": [ -70.51731, -33.3738 ] } },
{ "type": "Feature", "properties": { "Nemonico OC": "SFRA", "tipo": "SW", "id_emplazamiento": 1311402, "nombre_emplazamiento": "SAN FCO DE LAS CONDES", "id_nodo": 1162, "nombre_nodo": "OLT-SFRA07", "Longitud": -70.51731, "Latitud": -33.3738, "title_nodo": "SFRA_OLT_7" }, "geometry": { "type": "Point", "coordinates": [ -70.51731, -33.3738 ] } },
{ "type": "Feature", "properties": { "Nemonico OC": "SFRA", "tipo": "SW", "id_emplazamiento": 1311402, "nombre_emplazamiento": "SAN FCO DE LAS CONDES", "id_nodo": 1107, "nombre_nodo": "OLT-SFRA08", "Longitud": -70.51731, "Latitud": -33.3738, "title_nodo": "SFRA_OLT_8" }, "geometry": { "type": "Point", "coordinates": [ -70.51731, -33.3738 ] } },
{ "type": "Feature", "properties": { "Nemonico OC": "SFRA", "tipo": "SW", "id_emplazamiento": 1311402, "nombre_emplazamiento": "SAN FCO DE LAS CONDES", "id_nodo": 1338, "nombre_nodo": "OLT-SFRA09", "Longitud": -70.51731, "Latitud": -33.3738, "title_nodo": "SFRA_OLT_9" }, "geometry": { "type": "Point", "coordinates": [ -70.51731, -33.3738 ] } },
{ "type": "Feature", "properties": { "Nemonico OC": "SFRA", "tipo": "SW", "id_emplazamiento": 1311402, "nombre_emplazamiento": "SAN FCO DE LAS CONDES", "id_nodo": 188, "nombre_nodo": "SFCO02-SW3550", "Longitud": -70.51731, "Latitud": -33.3738, "title_nodo": "SW35SFCO02" }, "geometry": { "type": "Point", "coordinates": [ -70.51731, -33.3738 ] } },
{ "type": "Feature", "properties": { "Nemonico OC": "SFRA", "tipo": "SW", "id_emplazamiento": 1311402, "nombre_emplazamiento": "SAN FCO DE LAS CONDES", "id_nodo": 261, "nombre_nodo": "TSFC01-SW6524", "Longitud": -70.51731, "Latitud": -33.3738, "title_nodo": "SW65TSFC01" }, "geometry": { "type": "Point", "coordinates": [ -70.51731, -33.3738 ] } },
{ "type": "Feature", "properties": { "Nemonico OC": "SFRA", "tipo": "SW", "id_emplazamiento": 1311402, "nombre_emplazamiento": "SAN FCO DE LAS CONDES", "id_nodo": 654, "nombre_nodo": "TSFC02-SW6524", "Longitud": -70.51731, "Latitud": -33.3738, "title_nodo": "SW65TSFC02" }, "geometry": { "type": "Point", "coordinates": [ -70.51731, -33.3738 ] } },
{ "type": "Feature", "properties": { "Nemonico OC": "SFRA", "tipo": "SW", "id_emplazamiento": 1311402, "nombre_emplazamiento": "SAN FCO DE LAS CONDES", "id_nodo": 559, "nombre_nodo": "DW93-SFCO01", "Longitud": -70.51731, "Latitud": -33.3738, "title_nodo": "SW93DSFC01" }, "geometry": { "type": "Point", "coordinates": [ -70.51731, -33.3738 ] } },
{ "type": "Feature", "properties": { "Nemonico OC": "SFRA", "tipo": "SW", "id_emplazamiento": 1311402, "nombre_emplazamiento": "SAN FCO DE LAS CONDES", "id_nodo": 602, "nombre_nodo": "SFCO01-SW9303", "Longitud": -70.51731, "Latitud": -33.3738, "title_nodo": "SW93SFCO01" }, "geometry": { "type": "Point", "coordinates": [ -70.51731, -33.3738 ] } },
{ "type": "Feature", "properties": { "Nemonico OC": "SFRA", "tipo": "SW", "id_emplazamiento": 1311402, "nombre_emplazamiento": "SAN FCO DE LAS CONDES", "id_nodo": 786, "nombre_nodo": "SFCO02-SW9303", "Longitud": -70.51731, "Latitud": -33.3738, "title_nodo": "SW93SFCO02" }, "geometry": { "type": "Point", "coordinates": [ -70.51731, -33.3738 ] } },
{ "type": "Feature", "properties": { "Nemonico OC": "SFRA", "tipo": "SW", "id_emplazamiento": 1311402, "nombre_emplazamiento": "SAN FCO DE LAS CONDES", "id_nodo": 813, "nombre_nodo": "SFCO69-HUAWEI", "Longitud": -70.51731, "Latitud": -33.3738, "title_nodo": null }, "geometry": { "type": "Point", "coordinates": [ -70.51731, -33.3738 ] } },
{ "type": "Feature", "properties": { "Nemonico OC": "SFRA", "tipo": "SW", "id_emplazamiento": 1311402, "nombre_emplazamiento": "SAN FCO DE LAS CONDES", "id_nodo": 1577, "nombre_nodo": "SFCO70-HUAWEI", "Longitud": -70.51731, "Latitud": -33.3738, "title_nodo": null }, "geometry": { "type": "Point", "coordinates": [ -70.51731, -33.3738 ] } },
{ "type": "Feature", "properties": { "Nemonico OC": "LDEH", "tipo": "SW", "id_emplazamiento": 1311501, "nombre_emplazamiento": "LA DEHESA", "id_nodo": 523, "nombre_nodo": "LBAR01-SW9303", "Longitud": -70.52095, "Latitud": -33.35245, "title_nodo": "SW93LBAR01" }, "geometry": { "type": "Point", "coordinates": [ -70.52095, -33.35245 ] } },
{ "type": "Feature", "properties": { "Nemonico OC": "LDEH", "tipo": "SW", "id_emplazamiento": 1311501, "nombre_emplazamiento": "LA DEHESA", "id_nodo": 1103, "nombre_nodo": "LBAR02-SW9303", "Longitud": -70.52095, "Latitud": -33.35245, "title_nodo": "SW93LBAR02" }, "geometry": { "type": "Point", "coordinates": [ -70.52095, -33.35245 ] } },
{ "type": "Feature", "properties": { "Nemonico OC": "CVIE", "tipo": "SW", "id_emplazamiento": 1320102, "nombre_emplazamiento": "CASAS VIEJAS (P-ALTO)", "id_nodo": 1445, "nombre_nodo": "OLT-CVIE-2", "Longitud": -70.5288, "Latitud": -33.60842, "title_nodo": "CVIE-2- OLT" }, "geometry": { "type": "Point", "coordinates": [ -70.5288, -33.60842 ] } },
{ "type": "Feature", "properties": { "Nemonico OC": "CVIE", "tipo": "PE", "id_emplazamiento": 1320102, "nombre_emplazamiento": "CASAS VIEJAS (P-ALTO)", "id_nodo": 409, "nombre_nodo": "CASAS VIEJAS (P-ALTO) - PE204CVIE01-L HL4 (CLI DIR", "Longitud": -70.5288, "Latitud": -33.60842, "title_nodo": null }, "geometry": { "type": "Point", "coordinates": [ -70.5288, -33.60842 ] } },
{ "type": "Feature", "properties": { "Nemonico OC": "LHER", "tipo": "SW", "id_emplazamiento": 1312201, "nombre_emplazamiento": "LO HERMIDA", "id_nodo": 1397, "nombre_nodo": "OLT-LHER-2", "Longitud": -70.53799, "Latitud": -33.47037, "title_nodo": "LHER-2- OLT" }, "geometry": { "type": "Point", "coordinates": [ -70.53799, -33.47037 ] } },
{ "type": "Feature", "properties": { "Nemonico OC": "LHER", "tipo": "SW", "id_emplazamiento": 1312201, "nombre_emplazamiento": "LO HERMIDA", "id_nodo": 1472, "nombre_nodo": "OLT-LHER-3", "Longitud": -70.53799, "Latitud": -33.47037, "title_nodo": "LHER-3- OLT" }, "geometry": { "type": "Point", "coordinates": [ -70.53799, -33.47037 ] } },
{ "type": "Feature", "properties": { "Nemonico OC": "LHER", "tipo": "SW", "id_emplazamiento": 1312201, "nombre_emplazamiento": "LO HERMIDA", "id_nodo": 1219, "nombre_nodo": "HERM01-PE40", "Longitud": -70.53799, "Latitud": -33.47037, "title_nodo": "PE40HERM01" }, "geometry": { "type": "Point", "coordinates": [ -70.53799, -33.47037 ] } },
{ "type": "Feature", "properties": { "Nemonico OC": "LHER", "tipo": "SW", "id_emplazamiento": 1312201, "nombre_emplazamiento": "LO HERMIDA", "id_nodo": 232, "nombre_nodo": "HERM01-SW3750", "Longitud": -70.53799, "Latitud": -33.47037, "title_nodo": "SW37HERM01" }, "geometry": { "type": "Point", "coordinates": [ -70.53799, -33.47037 ] } },
{ "type": "Feature", "properties": { "Nemonico OC": "LHER", "tipo": "SW", "id_emplazamiento": 1312201, "nombre_emplazamiento": "LO HERMIDA", "id_nodo": 231, "nombre_nodo": "HERM01-SW6524", "Longitud": -70.53799, "Latitud": -33.47037, "title_nodo": "SW65HERM01" }, "geometry": { "type": "Point", "coordinates": [ -70.53799, -33.47037 ] } },
{ "type": "Feature", "properties": { "Nemonico OC": "LHER", "tipo": "SW", "id_emplazamiento": 1312201, "nombre_emplazamiento": "LO HERMIDA", "id_nodo": 674, "nombre_nodo": "HERM01-SW9303", "Longitud": -70.53799, "Latitud": -33.47037, "title_nodo": "SW93HERM01" }, "geometry": { "type": "Point", "coordinates": [ -70.53799, -33.47037 ] } },
{ "type": "Feature", "properties": { "Nemonico OC": "LHER", "tipo": "PE", "id_emplazamiento": 1312201, "nombre_emplazamiento": "LO HERMIDA", "id_nodo": 395, "nombre_nodo": "LO HERMIDA - PE96HERM01 HL4 (CLI DIR)", "Longitud": -70.53799, "Latitud": -33.47037, "title_nodo": null }, "geometry": { "type": "Point", "coordinates": [ -70.53799, -33.47037 ] } },
{ "type": "Feature", "properties": { "Nemonico OC": "SRTA", "tipo": "PE", "id_emplazamiento": 1320107, "nombre_emplazamiento": "SANTA RITA", "id_nodo": 467, "nombre_nodo": "SANTA RITA - PE204SRTA01-L HL4 (CLI DIR)", "Longitud": -70.53961, "Latitud": -33.62916, "title_nodo": null }, "geometry": { "type": "Point", "coordinates": [ -70.53961, -33.62916 ] } },
{ "type": "Feature", "properties": { "Nemonico OC": "LREI", "tipo": "SW", "id_emplazamiento": 1311301, "nombre_emplazamiento": "LA REINA", "id_nodo": 1810, "nombre_nodo": "OLT-LREI-2", "Longitud": -70.54404, "Latitud": -33.4444, "title_nodo": "LREI_OLT_2" }, "geometry": { "type": "Point", "coordinates": [ -70.54404, -33.4444 ] } },
{ "type": "Feature", "properties": { "Nemonico OC": "LREI", "tipo": "SW", "id_emplazamiento": 1311301, "nombre_emplazamiento": "LA REINA", "id_nodo": 1306, "nombre_nodo": "OLT-LREI-4", "Longitud": -70.54404, "Latitud": -33.4444, "title_nodo": "LREI_OLT_4" }, "geometry": { "type": "Point", "coordinates": [ -70.54404, -33.4444 ] } },
{ "type": "Feature", "properties": { "Nemonico OC": "LREI", "tipo": "SW", "id_emplazamiento": 1311301, "nombre_emplazamiento": "LA REINA", "id_nodo": 1215, "nombre_nodo": "LREI01-PE40", "Longitud": -70.54404, "Latitud": -33.4444, "title_nodo": "PE40LREI01" }, "geometry": { "type": "Point", "coordinates": [ -70.54404, -33.4444 ] } },
{ "type": "Feature", "properties": { "Nemonico OC": "LREI", "tipo": "SW", "id_emplazamiento": 1311301, "nombre_emplazamiento": "LA REINA", "id_nodo": 34, "nombre_nodo": "LREI01-SW3550", "Longitud": -70.54404, "Latitud": -33.4444, "title_nodo": "SW35LREI01" }, "geometry": { "type": "Point", "coordinates": [ -70.54404, -33.4444 ] } },
{ "type": "Feature", "properties": { "Nemonico OC": "LREI", "tipo": "SW", "id_emplazamiento": 1311301, "nombre_emplazamiento": "LA REINA", "id_nodo": 524, "nombre_nodo": "LREI01-SW9303", "Longitud": -70.54404, "Latitud": -33.4444, "title_nodo": "SW93LREI01" }, "geometry": { "type": "Point", "coordinates": [ -70.54404, -33.4444 ] } },
{ "type": "Feature", "properties": { "Nemonico OC": "LREI", "tipo": "SW", "id_emplazamiento": 1311301, "nombre_emplazamiento": "LA REINA", "id_nodo": 576, "nombre_nodo": "LREI02-SW9303", "Longitud": -70.54404, "Latitud": -33.4444, "title_nodo": "SW93LREI02" }, "geometry": { "type": "Point", "coordinates": [ -70.54404, -33.4444 ] } },
{ "type": "Feature", "properties": { "Nemonico OC": "LREI", "tipo": "SW", "id_emplazamiento": 1311301, "nombre_emplazamiento": "LA REINA", "id_nodo": 882, "nombre_nodo": "LREI03-SW9303", "Longitud": -70.54404, "Latitud": -33.4444, "title_nodo": "SW93LREI03" }, "geometry": { "type": "Point", "coordinates": [ -70.54404, -33.4444 ] } },
{ "type": "Feature", "properties": { "Nemonico OC": "APOQ", "tipo": "SW", "id_emplazamiento": 1311403, "nombre_emplazamiento": "APOQUINDO", "id_nodo": 1377, "nombre_nodo": "OLT-APOQ17", "Longitud": -70.55714, "Latitud": -33.40822, "title_nodo": "APOQ-17- OLT" }, "geometry": { "type": "Point", "coordinates": [ -70.55714, -33.40822 ] } },
{ "type": "Feature", "properties": { "Nemonico OC": "APOQ", "tipo": "SW", "id_emplazamiento": 1311403, "nombre_emplazamiento": "APOQUINDO", "id_nodo": 1421, "nombre_nodo": "OLT-APOQ18", "Longitud": -70.55714, "Latitud": -33.40822, "title_nodo": "APOQ-18- OLT" }, "geometry": { "type": "Point", "coordinates": [ -70.55714, -33.40822 ] } },
{ "type": "Feature", "properties": { "Nemonico OC": "APOQ", "tipo": "SW", "id_emplazamiento": 1311403, "nombre_emplazamiento": "APOQUINDO", "id_nodo": 1166, "nombre_nodo": "APOQ01-PE40", "Longitud": -70.55714, "Latitud": -33.40822, "title_nodo": "PE40APOQ01" }, "geometry": { "type": "Point", "coordinates": [ -70.55714, -33.40822 ] } },
{ "type": "Feature", "properties": { "Nemonico OC": "APOQ", "tipo": "SW", "id_emplazamiento": 1311403, "nombre_emplazamiento": "APOQUINDO", "id_nodo": 1000, "nombre_nodo": "APOQ02-PE40", "Longitud": -70.55714, "Latitud": -33.40822, "title_nodo": "PE40APOQ02" }, "geometry": { "type": "Point", "coordinates": [ -70.55714, -33.40822 ] } },
{ "type": "Feature", "properties": { "Nemonico OC": "APOQ", "tipo": "SW", "id_emplazamiento": 1311403, "nombre_emplazamiento": "APOQUINDO", "id_nodo": 171, "nombre_nodo": "APOQ01-SW7609", "Longitud": -70.55714, "Latitud": -33.40822, "title_nodo": "SW76APOQ01" }, "geometry": { "type": "Point", "coordinates": [ -70.55714, -33.40822 ] } },
{ "type": "Feature", "properties": { "Nemonico OC": "APOQ", "tipo": "SW", "id_emplazamiento": 1311403, "nombre_emplazamiento": "APOQUINDO", "id_nodo": 833, "nombre_nodo": "APOQ01-SW9303", "Longitud": -70.55714, "Latitud": -33.40822, "title_nodo": "SW93APOQ01" }, "geometry": { "type": "Point", "coordinates": [ -70.55714, -33.40822 ] } },
{ "type": "Feature", "properties": { "Nemonico OC": "APOQ", "tipo": "SW", "id_emplazamiento": 1311403, "nombre_emplazamiento": "APOQUINDO", "id_nodo": 553, "nombre_nodo": "APOQ02-SW9303", "Longitud": -70.55714, "Latitud": -33.40822, "title_nodo": "SW93APOQ02" }, "geometry": { "type": "Point", "coordinates": [ -70.55714, -33.40822 ] } },
{ "type": "Feature", "properties": { "Nemonico OC": "APOQ", "tipo": "SW", "id_emplazamiento": 1311403, "nombre_emplazamiento": "APOQUINDO", "id_nodo": 604, "nombre_nodo": "APOQ03-SW9303", "Longitud": -70.55714, "Latitud": -33.40822, "title_nodo": "SW93APOQ03" }, "geometry": { "type": "Point", "coordinates": [ -70.55714, -33.40822 ] } },
{ "type": "Feature", "properties": { "Nemonico OC": "APOQ", "tipo": "SW", "id_emplazamiento": 1311403, "nombre_emplazamiento": "APOQUINDO", "id_nodo": 736, "nombre_nodo": "APOQ04-SW9303", "Longitud": -70.55714, "Latitud": -33.40822, "title_nodo": "SW93APOQ04" }, "geometry": { "type": "Point", "coordinates": [ -70.55714, -33.40822 ] } },
{ "type": "Feature", "properties": { "Nemonico OC": "APOQ", "tipo": "SW", "id_emplazamiento": 1311403, "nombre_emplazamiento": "APOQUINDO", "id_nodo": 867, "nombre_nodo": "APOQ05-SW9303", "Longitud": -70.55714, "Latitud": -33.40822, "title_nodo": "SW93APOQ05" }, "geometry": { "type": "Point", "coordinates": [ -70.55714, -33.40822 ] } },
{ "type": "Feature", "properties": { "Nemonico OC": "APOQ", "tipo": "SW", "id_emplazamiento": 1311403, "nombre_emplazamiento": "APOQUINDO", "id_nodo": 954, "nombre_nodo": "APOQ06-SW9306", "Longitud": -70.55714, "Latitud": -33.40822, "title_nodo": "SW93APOQ06" }, "geometry": { "type": "Point", "coordinates": [ -70.55714, -33.40822 ] } },
{ "type": "Feature", "properties": { "Nemonico OC": "APOQ", "tipo": "SW", "id_emplazamiento": 1311403, "nombre_emplazamiento": "APOQUINDO", "id_nodo": 709, "nombre_nodo": "DW93-APOQ01", "Longitud": -70.55714, "Latitud": -33.40822, "title_nodo": "SW93DAPO01" }, "geometry": { "type": "Point", "coordinates": [ -70.55714, -33.40822 ] } },
{ "type": "Feature", "properties": { "Nemonico OC": "APOQ", "tipo": "PE", "id_emplazamiento": 1311403, "nombre_emplazamiento": "APOQUINDO", "id_nodo": 259, "nombre_nodo": "APOQUINDO - PE480APOQ01", "Longitud": -70.55714, "Latitud": -33.40822, "title_nodo": null }, "geometry": { "type": "Point", "coordinates": [ -70.55714, -33.40822 ] } },
{ "type": "Feature", "properties": { "Nemonico OC": "APOQ", "tipo": "PE", "id_emplazamiento": 1311403, "nombre_emplazamiento": "APOQUINDO", "id_nodo": 74, "nombre_nodo": "APOQUINDO - PE76APOQ01", "Longitud": -70.55714, "Latitud": -33.40822, "title_nodo": null }, "geometry": { "type": "Point", "coordinates": [ -70.55714, -33.40822 ] } },
{ "type": "Feature", "properties": { "Nemonico OC": "APOQ", "tipo": "PE", "id_emplazamiento": 1311403, "nombre_emplazamiento": "APOQUINDO", "id_nodo": 185, "nombre_nodo": "APOQUINDO - PE96APOQ01", "Longitud": -70.55714, "Latitud": -33.40822, "title_nodo": null }, "geometry": { "type": "Point", "coordinates": [ -70.55714, -33.40822 ] } },
{ "type": "Feature", "properties": { "Nemonico OC": "APOQ", "tipo": "PE", "id_emplazamiento": 1311403, "nombre_emplazamiento": "APOQUINDO", "id_nodo": 424, "nombre_nodo": "APOQUINDO - PE96APOQ02-L HL4 (CLI DIR)", "Longitud": -70.55714, "Latitud": -33.40822, "title_nodo": null }, "geometry": { "type": "Point", "coordinates": [ -70.55714, -33.40822 ] } },
{ "type": "Feature", "properties": { "Nemonico OC": "APOQ", "tipo": "SW", "id_emplazamiento": 1311403, "nombre_emplazamiento": "APOQUINDO", "id_nodo": 1188, "nombre_nodo": "OLT-APOQ08", "Longitud": -70.55714, "Latitud": -33.40822, "title_nodo": null }, "geometry": { "type": "Point", "coordinates": [ -70.55714, -33.40822 ] } },
{ "type": "Feature", "properties": { "Nemonico OC": "APOQ", "tipo": "SW", "id_emplazamiento": 1311403, "nombre_emplazamiento": "APOQUINDO", "id_nodo": 1295, "nombre_nodo": "OLT-APOQ12", "Longitud": -70.55714, "Latitud": -33.40822, "title_nodo": null }, "geometry": { "type": "Point", "coordinates": [ -70.55714, -33.40822 ] } },
{ "type": "Feature", "properties": { "Nemonico OC": "APOQ", "tipo": "SW", "id_emplazamiento": 1311403, "nombre_emplazamiento": "APOQUINDO", "id_nodo": 1105, "nombre_nodo": "OLT-APOQ13", "Longitud": -70.55714, "Latitud": -33.40822, "title_nodo": null }, "geometry": { "type": "Point", "coordinates": [ -70.55714, -33.40822 ] } },
{ "type": "Feature", "properties": { "Nemonico OC": "APOQ", "tipo": "SW", "id_emplazamiento": 1311403, "nombre_emplazamiento": "APOQUINDO", "id_nodo": 1104, "nombre_nodo": "OLT-APOQ14", "Longitud": -70.55714, "Latitud": -33.40822, "title_nodo": null }, "geometry": { "type": "Point", "coordinates": [ -70.55714, -33.40822 ] } },
{ "type": "Feature", "properties": { "Nemonico OC": "APOQ", "tipo": "SW", "id_emplazamiento": 1311403, "nombre_emplazamiento": "APOQUINDO", "id_nodo": 1131, "nombre_nodo": "OLT-APOQ15", "Longitud": -70.55714, "Latitud": -33.40822, "title_nodo": null }, "geometry": { "type": "Point", "coordinates": [ -70.55714, -33.40822 ] } },
{ "type": "Feature", "properties": { "Nemonico OC": "APOQ", "tipo": "SW", "id_emplazamiento": 1311403, "nombre_emplazamiento": "APOQUINDO", "id_nodo": 507, "nombre_nodo": "APOQ69-HUAWEI", "Longitud": -70.55714, "Latitud": -33.40822, "title_nodo": null }, "geometry": { "type": "Point", "coordinates": [ -70.55714, -33.40822 ] } },
{ "type": "Feature", "properties": { "Nemonico OC": "APOQ", "tipo": "SW", "id_emplazamiento": 1311403, "nombre_emplazamiento": "APOQUINDO", "id_nodo": 994, "nombre_nodo": "APOQ70-HUAWEI", "Longitud": -70.55714, "Latitud": -33.40822, "title_nodo": null }, "geometry": { "type": "Point", "coordinates": [ -70.55714, -33.40822 ] } },
{ "type": "Feature", "properties": { "Nemonico OC": "EPEN", "tipo": "SW", "id_emplazamiento": 1320110, "nombre_emplazamiento": "EL PENON", "id_nodo": 1557, "nombre_nodo": "OLT-EPEN-2", "Longitud": -70.55767, "Latitud": -33.57425, "title_nodo": "EPEN-2- OLT" }, "geometry": { "type": "Point", "coordinates": [ -70.55767, -33.57425 ] } },
{ "type": "Feature", "properties": { "Nemonico OC": "EPEN", "tipo": "SW", "id_emplazamiento": 1320110, "nombre_emplazamiento": "EL PENON", "id_nodo": 1440, "nombre_nodo": "OLT-EPEN-6", "Longitud": -70.55767, "Latitud": -33.57425, "title_nodo": "EPEN-6- OLT" }, "geometry": { "type": "Point", "coordinates": [ -70.55767, -33.57425 ] } },
{ "type": "Feature", "properties": { "Nemonico OC": "EPEN", "tipo": "SW", "id_emplazamiento": 1320110, "nombre_emplazamiento": "EL PENON", "id_nodo": 1175, "nombre_nodo": "PENO01-PE40", "Longitud": -70.55767, "Latitud": -33.57425, "title_nodo": "PE40PENO01" }, "geometry": { "type": "Point", "coordinates": [ -70.55767, -33.57425 ] } },
{ "type": "Feature", "properties": { "Nemonico OC": "EPEN", "tipo": "SW", "id_emplazamiento": 1320110, "nombre_emplazamiento": "EL PENON", "id_nodo": 42, "nombre_nodo": "PENO01-SW3550", "Longitud": -70.55767, "Latitud": -33.57425, "title_nodo": "SW35PENO01" }, "geometry": { "type": "Point", "coordinates": [ -70.55767, -33.57425 ] } },
{ "type": "Feature", "properties": { "Nemonico OC": "EPEN", "tipo": "SW", "id_emplazamiento": 1320110, "nombre_emplazamiento": "EL PENON", "id_nodo": 316, "nombre_nodo": "PENO01-SW3750", "Longitud": -70.55767, "Latitud": -33.57425, "title_nodo": "SW37PENO01" }, "geometry": { "type": "Point", "coordinates": [ -70.55767, -33.57425 ] } },
{ "type": "Feature", "properties": { "Nemonico OC": "EPEN", "tipo": "SW", "id_emplazamiento": 1320110, "nombre_emplazamiento": "EL PENON", "id_nodo": 822, "nombre_nodo": "PENO01-SW9303", "Longitud": -70.55767, "Latitud": -33.57425, "title_nodo": "SW93PENO01" }, "geometry": { "type": "Point", "coordinates": [ -70.55767, -33.57425 ] } },
{ "type": "Feature", "properties": { "Nemonico OC": "EPEN", "tipo": "SW", "id_emplazamiento": 1320110, "nombre_emplazamiento": "EL PENON", "id_nodo": 1599, "nombre_nodo": "PENO69-HUAWEI", "Longitud": -70.55767, "Latitud": -33.57425, "title_nodo": null }, "geometry": { "type": "Point", "coordinates": [ -70.55767, -33.57425 ] } },
{ "type": "Feature", "properties": { "Nemonico OC": "SINE", "tipo": "SW", "id_emplazamiento": 1311003, "nombre_emplazamiento": "SANTA INES (SANTIAGO)", "id_nodo": 447, "nombre_nodo": "SINE01-SW40E", "Longitud": -70.56299, "Latitud": -33.54095, "title_nodo": "SW40SINE01" }, "geometry": { "type": "Point", "coordinates": [ -70.56299, -33.54095 ] } },
{ "type": "Feature", "properties": { "Nemonico OC": "SINE", "tipo": "SW", "id_emplazamiento": 1311003, "nombre_emplazamiento": "SANTA INES (SANTIAGO)", "id_nodo": 737, "nombre_nodo": "SINE01-SW9303", "Longitud": -70.56299, "Latitud": -33.54095, "title_nodo": "SW93SINE01" }, "geometry": { "type": "Point", "coordinates": [ -70.56299, -33.54095 ] } },
{ "type": "Feature", "properties": { "Nemonico OC": "SINE", "tipo": "SW", "id_emplazamiento": 1311003, "nombre_emplazamiento": "SANTA INES (SANTIAGO)", "id_nodo": 765, "nombre_nodo": "SINE02-SW9303", "Longitud": -70.56299, "Latitud": -33.54095, "title_nodo": "SW93SINE02" }, "geometry": { "type": "Point", "coordinates": [ -70.56299, -33.54095 ] } },
{ "type": "Feature", "properties": { "Nemonico OC": "SINE", "tipo": "PE", "id_emplazamiento": 1311003, "nombre_emplazamiento": "SANTA INES (SANTIAGO)", "id_nodo": 474, "nombre_nodo": "SANTA INES - PE80SINE01-L", "Longitud": -70.56299, "Latitud": -33.54095, "title_nodo": null }, "geometry": { "type": "Point", "coordinates": [ -70.56299, -33.54095 ] } },
{ "type": "Feature", "properties": { "Nemonico OC": "VITA", "tipo": "SW", "id_emplazamiento": 1313202, "nombre_emplazamiento": "VITACURA", "id_nodo": 1236, "nombre_nodo": "VITA01-PE40", "Longitud": -70.56667, "Latitud": -33.38894, "title_nodo": "PE40VITA01" }, "geometry": { "type": "Point", "coordinates": [ -70.56667, -33.38894 ] } },
{ "type": "Feature", "properties": { "Nemonico OC": "VITA", "tipo": "SW", "id_emplazamiento": 1313202, "nombre_emplazamiento": "VITACURA", "id_nodo": 53, "nombre_nodo": "VITA01-SW3550", "Longitud": -70.56667, "Latitud": -33.38894, "title_nodo": "SW35VITA01" }, "geometry": { "type": "Point", "coordinates": [ -70.56667, -33.38894 ] } },
{ "type": "Feature", "properties": { "Nemonico OC": "VITA", "tipo": "SW", "id_emplazamiento": 1313202, "nombre_emplazamiento": "VITACURA", "id_nodo": 104, "nombre_nodo": "VITA01-SW3750", "Longitud": -70.56667, "Latitud": -33.38894, "title_nodo": "SW37VITA01" }, "geometry": { "type": "Point", "coordinates": [ -70.56667, -33.38894 ] } },
{ "type": "Feature", "properties": { "Nemonico OC": "VITA", "tipo": "SW", "id_emplazamiento": 1313202, "nombre_emplazamiento": "VITACURA", "id_nodo": 366, "nombre_nodo": "VITA01-SW6524", "Longitud": -70.56667, "Latitud": -33.38894, "title_nodo": "SW65VITA01" }, "geometry": { "type": "Point", "coordinates": [ -70.56667, -33.38894 ] } },
{ "type": "Feature", "properties": { "Nemonico OC": "VITA", "tipo": "SW", "id_emplazamiento": 1313202, "nombre_emplazamiento": "VITACURA", "id_nodo": 493, "nombre_nodo": "VITA01-SW9303", "Longitud": -70.56667, "Latitud": -33.38894, "title_nodo": "SW93VITA01" }, "geometry": { "type": "Point", "coordinates": [ -70.56667, -33.38894 ] } },
{ "type": "Feature", "properties": { "Nemonico OC": "VITA", "tipo": "SW", "id_emplazamiento": 1313202, "nombre_emplazamiento": "VITACURA", "id_nodo": 601, "nombre_nodo": "VITA02-SW9303", "Longitud": -70.56667, "Latitud": -33.38894, "title_nodo": "SW93VITA02" }, "geometry": { "type": "Point", "coordinates": [ -70.56667, -33.38894 ] } },
{ "type": "Feature", "properties": { "Nemonico OC": "VITA", "tipo": "SW", "id_emplazamiento": 1313202, "nombre_emplazamiento": "VITACURA", "id_nodo": 1415, "nombre_nodo": "OLT-VITA-2", "Longitud": -70.56667, "Latitud": -33.38894, "title_nodo": "VITA-2- OLT" }, "geometry": { "type": "Point", "coordinates": [ -70.56667, -33.38894 ] } },
{ "type": "Feature", "properties": { "Nemonico OC": "VITA", "tipo": "SW", "id_emplazamiento": 1313202, "nombre_emplazamiento": "VITACURA", "id_nodo": 1573, "nombre_nodo": "OLT-VITA-5", "Longitud": -70.56667, "Latitud": -33.38894, "title_nodo": "VITA-5- OLT" }, "geometry": { "type": "Point", "coordinates": [ -70.56667, -33.38894 ] } },
{ "type": "Feature", "properties": { "Nemonico OC": "VITA", "tipo": "PE", "id_emplazamiento": 1313202, "nombre_emplazamiento": "VITACURA", "id_nodo": 507, "nombre_nodo": "VITACURA - PE8000VITA01-L", "Longitud": -70.56667, "Latitud": -33.38894, "title_nodo": null }, "geometry": { "type": "Point", "coordinates": [ -70.56667, -33.38894 ] } },
{ "type": "Feature", "properties": { "Nemonico OC": "VITA", "tipo": "SW", "id_emplazamiento": 1313202, "nombre_emplazamiento": "VITACURA", "id_nodo": 1099, "nombre_nodo": "OLT-VITA-3", "Longitud": -70.56667, "Latitud": -33.38894, "title_nodo": null }, "geometry": { "type": "Point", "coordinates": [ -70.56667, -33.38894 ] } },
{ "type": "Feature", "properties": { "Nemonico OC": "MACU", "tipo": "SW", "id_emplazamiento": 1312202, "nombre_emplazamiento": "MACUL", "id_nodo": 1356, "nombre_nodo": "OLT-MACU-1", "Longitud": -70.5683, "Latitud": -33.50738, "title_nodo": "MACU_OLT_1" }, "geometry": { "type": "Point", "coordinates": [ -70.5683, -33.50738 ] } },
{ "type": "Feature", "properties": { "Nemonico OC": "MACU", "tipo": "SW", "id_emplazamiento": 1312202, "nombre_emplazamiento": "MACUL", "id_nodo": 1690, "nombre_nodo": "OLT-MACU-2", "Longitud": -70.5683, "Latitud": -33.50738, "title_nodo": "MACU_OLT_2" }, "geometry": { "type": "Point", "coordinates": [ -70.5683, -33.50738 ] } },
{ "type": "Feature", "properties": { "Nemonico OC": "MACU", "tipo": "SW", "id_emplazamiento": 1312202, "nombre_emplazamiento": "MACUL", "id_nodo": 1026, "nombre_nodo": "MACU01-PE40", "Longitud": -70.5683, "Latitud": -33.50738, "title_nodo": "PE40MACU01" }, "geometry": { "type": "Point", "coordinates": [ -70.5683, -33.50738 ] } },
{ "type": "Feature", "properties": { "Nemonico OC": "MACU", "tipo": "SW", "id_emplazamiento": 1312202, "nombre_emplazamiento": "MACUL", "id_nodo": 1546, "nombre_nodo": "MACU02-PE40-L", "Longitud": -70.5683, "Latitud": -33.50738, "title_nodo": "PE40MACU01-L" }, "geometry": { "type": "Point", "coordinates": [ -70.5683, -33.50738 ] } },
{ "type": "Feature", "properties": { "Nemonico OC": "MACU", "tipo": "SW", "id_emplazamiento": 1312202, "nombre_emplazamiento": "MACUL", "id_nodo": 673, "nombre_nodo": "MACU01-SW9303", "Longitud": -70.5683, "Latitud": -33.50738, "title_nodo": "SW93MACU01" }, "geometry": { "type": "Point", "coordinates": [ -70.5683, -33.50738 ] } },
{ "type": "Feature", "properties": { "Nemonico OC": "CHEN", "tipo": "SW", "id_emplazamiento": 1311001, "nombre_emplazamiento": "CAMILO HENRIQUEZ", "id_nodo": 1517, "nombre_nodo": "OLT-CHEN-2", "Longitud": -70.56912, "Latitud": -33.55249, "title_nodo": "CHEN_OLT_2" }, "geometry": { "type": "Point", "coordinates": [ -70.56912, -33.55249 ] } },
{ "type": "Feature", "properties": { "Nemonico OC": "CHEN", "tipo": "PE", "id_emplazamiento": 1311001, "nombre_emplazamiento": "CAMILO HENRIQUEZ", "id_nodo": 419, "nombre_nodo": "CAMILO HENRIQUEZ - PE204CHEN01-L (CLI DIR)", "Longitud": -70.56912, "Latitud": -33.55249, "title_nodo": null }, "geometry": { "type": "Point", "coordinates": [ -70.56912, -33.55249 ] } },
{ "type": "Feature", "properties": { "Nemonico OC": "LSIL", "tipo": "SW", "id_emplazamiento": 1320103, "nombre_emplazamiento": "LOS SILOS", "id_nodo": 1225, "nombre_nodo": "LSIL01-PE40", "Longitud": -70.57217, "Latitud": -33.58545, "title_nodo": "PE40LSIL01" }, "geometry": { "type": "Point", "coordinates": [ -70.57217, -33.58545 ] } },
{ "type": "Feature", "properties": { "Nemonico OC": "LSIL", "tipo": "SW", "id_emplazamiento": 1320103, "nombre_emplazamiento": "LOS SILOS", "id_nodo": 692, "nombre_nodo": "LSIL01-SW9303", "Longitud": -70.57217, "Latitud": -33.58545, "title_nodo": "SW93LSIL01" }, "geometry": { "type": "Point", "coordinates": [ -70.57217, -33.58545 ] } },
{ "type": "Feature", "properties": { "Nemonico OC": "NUNO", "tipo": "SW", "id_emplazamiento": 1312003, "nombre_emplazamiento": "NUNOA", "id_nodo": 1556, "nombre_nodo": "OLT-NUNO-2", "Longitud": -70.57265, "Latitud": -33.4486, "title_nodo": "NUNO_OLT_2" }, "geometry": { "type": "Point", "coordinates": [ -70.57265, -33.4486 ] } },
{ "type": "Feature", "properties": { "Nemonico OC": "NUNO", "tipo": "SW", "id_emplazamiento": 1312003, "nombre_emplazamiento": "NUNOA", "id_nodo": 1343, "nombre_nodo": "OLT-NUNO-3", "Longitud": -70.57265, "Latitud": -33.4486, "title_nodo": "NUNO_OLT_3" }, "geometry": { "type": "Point", "coordinates": [ -70.57265, -33.4486 ] } },
{ "type": "Feature", "properties": { "Nemonico OC": "NUNO", "tipo": "SW", "id_emplazamiento": 1312003, "nombre_emplazamiento": "NUNOA", "id_nodo": 1271, "nombre_nodo": "OLT-NUNO-4", "Longitud": -70.57265, "Latitud": -33.4486, "title_nodo": "NUNO_OLT_4" }, "geometry": { "type": "Point", "coordinates": [ -70.57265, -33.4486 ] } },
{ "type": "Feature", "properties": { "Nemonico OC": "NUNO", "tipo": "SW", "id_emplazamiento": 1312003, "nombre_emplazamiento": "NUNOA", "id_nodo": 1488, "nombre_nodo": "OLT-NUNO-5", "Longitud": -70.57265, "Latitud": -33.4486, "title_nodo": "NUNO_OLT_5" }, "geometry": { "type": "Point", "coordinates": [ -70.57265, -33.4486 ] } },
{ "type": "Feature", "properties": { "Nemonico OC": "NUNO", "tipo": "SW", "id_emplazamiento": 1312003, "nombre_emplazamiento": "NUNOA", "id_nodo": 1740, "nombre_nodo": "OLT-NUNO-6", "Longitud": -70.57265, "Latitud": -33.4486, "title_nodo": "NUNO_OLT_6" }, "geometry": { "type": "Point", "coordinates": [ -70.57265, -33.4486 ] } },
{ "type": "Feature", "properties": { "Nemonico OC": "NUNO", "tipo": "SW", "id_emplazamiento": 1312003, "nombre_emplazamiento": "NUNOA", "id_nodo": 1210, "nombre_nodo": "NUNO01-PE40", "Longitud": -70.57265, "Latitud": -33.4486, "title_nodo": "PE40NUNO01" }, "geometry": { "type": "Point", "coordinates": [ -70.57265, -33.4486 ] } },
{ "type": "Feature", "properties": { "Nemonico OC": "NUNO", "tipo": "SW", "id_emplazamiento": 1312003, "nombre_emplazamiento": "NUNOA", "id_nodo": 1058, "nombre_nodo": "NUNO02-PE40", "Longitud": -70.57265, "Latitud": -33.4486, "title_nodo": "PE40NUNO02" }, "geometry": { "type": "Point", "coordinates": [ -70.57265, -33.4486 ] } },
{ "type": "Feature", "properties": { "Nemonico OC": "NUNO", "tipo": "SW", "id_emplazamiento": 1312003, "nombre_emplazamiento": "NUNOA", "id_nodo": 442, "nombre_nodo": "DW37-NUNO01", "Longitud": -70.57265, "Latitud": -33.4486, "title_nodo": "SW37DNUN01" }, "geometry": { "type": "Point", "coordinates": [ -70.57265, -33.4486 ] } },
{ "type": "Feature", "properties": { "Nemonico OC": "NUNO", "tipo": "SW", "id_emplazamiento": 1312003, "nombre_emplazamiento": "NUNOA", "id_nodo": 628, "nombre_nodo": "NUNO02-SW9303", "Longitud": -70.57265, "Latitud": -33.4486, "title_nodo": "SW93NUNO02" }, "geometry": { "type": "Point", "coordinates": [ -70.57265, -33.4486 ] } },
{ "type": "Feature", "properties": { "Nemonico OC": "NUNO", "tipo": "SW", "id_emplazamiento": 1312003, "nombre_emplazamiento": "NUNOA", "id_nodo": 627, "nombre_nodo": "NUNO03-SW9303", "Longitud": -70.57265, "Latitud": -33.4486, "title_nodo": "SW93NUNO03" }, "geometry": { "type": "Point", "coordinates": [ -70.57265, -33.4486 ] } },
{ "type": "Feature", "properties": { "Nemonico OC": "NUNO", "tipo": "PE", "id_emplazamiento": 1312003, "nombre_emplazamiento": "NUNOA", "id_nodo": 91, "nombre_nodo": "ÑUÑOA - PE76NUNO01", "Longitud": -70.57265, "Latitud": -33.4486, "title_nodo": null }, "geometry": { "type": "Point", "coordinates": [ -70.57265, -33.4486 ] } },
{ "type": "Feature", "properties": { "Nemonico OC": "NUNO", "tipo": "SW", "id_emplazamiento": 1312003, "nombre_emplazamiento": "NUNOA", "id_nodo": 195, "nombre_nodo": "NUNO69-HUAWEI", "Longitud": -70.57265, "Latitud": -33.4486, "title_nodo": null }, "geometry": { "type": "Point", "coordinates": [ -70.57265, -33.4486 ] } },
{ "type": "Feature", "properties": { "Nemonico OC": "PALT", "tipo": "SW", "id_emplazamiento": 1320108, "nombre_emplazamiento": "PUENTE ALTO", "id_nodo": 1438, "nombre_nodo": "OLT-PALT-1", "Longitud": -70.57727, "Latitud": -33.60625, "title_nodo": "PALT_OLT_1" }, "geometry": { "type": "Point", "coordinates": [ -70.57727, -33.60625 ] } },
{ "type": "Feature", "properties": { "Nemonico OC": "PALT", "tipo": "SW", "id_emplazamiento": 1320108, "nombre_emplazamiento": "PUENTE ALTO", "id_nodo": 1708, "nombre_nodo": "OLT-PALT-2", "Longitud": -70.57727, "Latitud": -33.60625, "title_nodo": "PALT_OLT_2" }, "geometry": { "type": "Point", "coordinates": [ -70.57727, -33.60625 ] } },
{ "type": "Feature", "properties": { "Nemonico OC": "PALT", "tipo": "SW", "id_emplazamiento": 1320108, "nombre_emplazamiento": "PUENTE ALTO", "id_nodo": 1513, "nombre_nodo": "OLT-PALT-3", "Longitud": -70.57727, "Latitud": -33.60625, "title_nodo": "PALT_OLT_3" }, "geometry": { "type": "Point", "coordinates": [ -70.57727, -33.60625 ] } },
{ "type": "Feature", "properties": { "Nemonico OC": "PALT", "tipo": "SW", "id_emplazamiento": 1320108, "nombre_emplazamiento": "PUENTE ALTO", "id_nodo": 1559, "nombre_nodo": "OLT-PALT-4", "Longitud": -70.57727, "Latitud": -33.60625, "title_nodo": "PALT_OLT_4" }, "geometry": { "type": "Point", "coordinates": [ -70.57727, -33.60625 ] } },
{ "type": "Feature", "properties": { "Nemonico OC": "PALT", "tipo": "SW", "id_emplazamiento": 1320108, "nombre_emplazamiento": "PUENTE ALTO", "id_nodo": 1211, "nombre_nodo": "PALT01-PE40", "Longitud": -70.57727, "Latitud": -33.60625, "title_nodo": "PE40PALT01" }, "geometry": { "type": "Point", "coordinates": [ -70.57727, -33.60625 ] } },
{ "type": "Feature", "properties": { "Nemonico OC": "PALT", "tipo": "SW", "id_emplazamiento": 1320108, "nombre_emplazamiento": "PUENTE ALTO", "id_nodo": 1043, "nombre_nodo": "PALT02-PE40", "Longitud": -70.57727, "Latitud": -33.60625, "title_nodo": "PE40PALT02" }, "geometry": { "type": "Point", "coordinates": [ -70.57727, -33.60625 ] } },
{ "type": "Feature", "properties": { "Nemonico OC": "PALT", "tipo": "SW", "id_emplazamiento": 1320108, "nombre_emplazamiento": "PUENTE ALTO", "id_nodo": 85, "nombre_nodo": "PALT01-SW3550", "Longitud": -70.57727, "Latitud": -33.60625, "title_nodo": "SW35PALT01" }, "geometry": { "type": "Point", "coordinates": [ -70.57727, -33.60625 ] } },
{ "type": "Feature", "properties": { "Nemonico OC": "PALT", "tipo": "SW", "id_emplazamiento": 1320108, "nombre_emplazamiento": "PUENTE ALTO", "id_nodo": 224, "nombre_nodo": "PALT01-SW3750", "Longitud": -70.57727, "Latitud": -33.60625, "title_nodo": "SW37PALT01" }, "geometry": { "type": "Point", "coordinates": [ -70.57727, -33.60625 ] } },
{ "type": "Feature", "properties": { "Nemonico OC": "PALT", "tipo": "SW", "id_emplazamiento": 1320108, "nombre_emplazamiento": "PUENTE ALTO", "id_nodo": 448, "nombre_nodo": "PALT01-SW40E", "Longitud": -70.57727, "Latitud": -33.60625, "title_nodo": "SW40PALT01" }, "geometry": { "type": "Point", "coordinates": [ -70.57727, -33.60625 ] } },
{ "type": "Feature", "properties": { "Nemonico OC": "PALT", "tipo": "SW", "id_emplazamiento": 1320108, "nombre_emplazamiento": "PUENTE ALTO", "id_nodo": 775, "nombre_nodo": "PALT01-SW9303", "Longitud": -70.57727, "Latitud": -33.60625, "title_nodo": "SW93PALT01" }, "geometry": { "type": "Point", "coordinates": [ -70.57727, -33.60625 ] } },
{ "type": "Feature", "properties": { "Nemonico OC": "PALT", "tipo": "PE", "id_emplazamiento": 1320108, "nombre_emplazamiento": "PUENTE ALTO", "id_nodo": 93, "nombre_nodo": "PUENTE ALTO - PE76PALT01", "Longitud": -70.57727, "Latitud": -33.60625, "title_nodo": null }, "geometry": { "type": "Point", "coordinates": [ -70.57727, -33.60625 ] } },
{ "type": "Feature", "properties": { "Nemonico OC": "PALT", "tipo": "SW", "id_emplazamiento": 1320108, "nombre_emplazamiento": "PUENTE ALTO", "id_nodo": 346, "nombre_nodo": "PALT69-HUAWEI", "Longitud": -70.57727, "Latitud": -33.60625, "title_nodo": null }, "geometry": { "type": "Point", "coordinates": [ -70.57727, -33.60625 ] } },
{ "type": "Feature", "properties": { "Nemonico OC": "PALT", "tipo": "SW", "id_emplazamiento": 1320108, "nombre_emplazamiento": "PUENTE ALTO", "id_nodo": 489, "nombre_nodo": "PALT70-HUAWEI", "Longitud": -70.57727, "Latitud": -33.60625, "title_nodo": null }, "geometry": { "type": "Point", "coordinates": [ -70.57727, -33.60625 ] } },
{ "type": "Feature", "properties": { "Nemonico OC": "PALT", "tipo": "SW", "id_emplazamiento": 1320108, "nombre_emplazamiento": "PUENTE ALTO", "id_nodo": 633, "nombre_nodo": "PALT71-HUAWEI", "Longitud": -70.57727, "Latitud": -33.60625, "title_nodo": null }, "geometry": { "type": "Point", "coordinates": [ -70.57727, -33.60625 ] } },
{ "type": "Feature", "properties": { "Nemonico OC": "PALT", "tipo": "SW", "id_emplazamiento": 1320108, "nombre_emplazamiento": "PUENTE ALTO", "id_nodo": 682, "nombre_nodo": "PALT72-HUAWEI", "Longitud": -70.57727, "Latitud": -33.60625, "title_nodo": null }, "geometry": { "type": "Point", "coordinates": [ -70.57727, -33.60625 ] } },
{ "type": "Feature", "properties": { "Nemonico OC": "PALT", "tipo": "SW", "id_emplazamiento": 1320108, "nombre_emplazamiento": "PUENTE ALTO", "id_nodo": 832, "nombre_nodo": "PALT73-HUAWEI", "Longitud": -70.57727, "Latitud": -33.60625, "title_nodo": null }, "geometry": { "type": "Point", "coordinates": [ -70.57727, -33.60625 ] } },
{ "type": "Feature", "properties": { "Nemonico OC": "PALT", "tipo": "SW", "id_emplazamiento": 1320108, "nombre_emplazamiento": "PUENTE ALTO", "id_nodo": 1012, "nombre_nodo": "PALT74-HUAWEI", "Longitud": -70.57727, "Latitud": -33.60625, "title_nodo": null }, "geometry": { "type": "Point", "coordinates": [ -70.57727, -33.60625 ] } },
{ "type": "Feature", "properties": { "Nemonico OC": "PALT", "tipo": "SW", "id_emplazamiento": 1320108, "nombre_emplazamiento": "PUENTE ALTO", "id_nodo": 1484, "nombre_nodo": "PALT75-HUAWEI", "Longitud": -70.57727, "Latitud": -33.60625, "title_nodo": null }, "geometry": { "type": "Point", "coordinates": [ -70.57727, -33.60625 ] } },
{ "type": "Feature", "properties": { "Nemonico OC": "LCAN", "tipo": "SW", "id_emplazamiento": 1311004, "nombre_emplazamiento": "LO CANAS", "id_nodo": 1403, "nombre_nodo": "OLT-LCAN-4", "Longitud": -70.58008, "Latitud": -33.52227, "title_nodo": "LCAN-4- OLT" }, "geometry": { "type": "Point", "coordinates": [ -70.58008, -33.52227 ] } },
{ "type": "Feature", "properties": { "Nemonico OC": "LCAN", "tipo": "SW", "id_emplazamiento": 1311004, "nombre_emplazamiento": "LO CANAS", "id_nodo": 1413, "nombre_nodo": "OLT-LCAN-5", "Longitud": -70.58008, "Latitud": -33.52227, "title_nodo": "LCAN-5- OLT" }, "geometry": { "type": "Point", "coordinates": [ -70.58008, -33.52227 ] } },
{ "type": "Feature", "properties": { "Nemonico OC": "LCAN", "tipo": "SW", "id_emplazamiento": 1311004, "nombre_emplazamiento": "LO CANAS", "id_nodo": 1407, "nombre_nodo": "OLT-LCAN-6", "Longitud": -70.58008, "Latitud": -33.52227, "title_nodo": "LCAN-6- OLT" }, "geometry": { "type": "Point", "coordinates": [ -70.58008, -33.52227 ] } },
{ "type": "Feature", "properties": { "Nemonico OC": "LCAN", "tipo": "SW", "id_emplazamiento": 1311004, "nombre_emplazamiento": "LO CANAS", "id_nodo": 1179, "nombre_nodo": "LCAN01-PE40", "Longitud": -70.58008, "Latitud": -33.52227, "title_nodo": "PE40LCAN01" }, "geometry": { "type": "Point", "coordinates": [ -70.58008, -33.52227 ] } },
{ "type": "Feature", "properties": { "Nemonico OC": "LCAN", "tipo": "SW", "id_emplazamiento": 1311004, "nombre_emplazamiento": "LO CANAS", "id_nodo": 595, "nombre_nodo": "LCAN01-SW9303", "Longitud": -70.58008, "Latitud": -33.52227, "title_nodo": "SW93LCAN01" }, "geometry": { "type": "Point", "coordinates": [ -70.58008, -33.52227 ] } },
{ "type": "Feature", "properties": { "Nemonico OC": "LCAN", "tipo": "SW", "id_emplazamiento": 1311004, "nombre_emplazamiento": "LO CANAS", "id_nodo": 670, "nombre_nodo": "LCAN02-SW9303", "Longitud": -70.58008, "Latitud": -33.52227, "title_nodo": "SW93LCAN02" }, "geometry": { "type": "Point", "coordinates": [ -70.58008, -33.52227 ] } },
{ "type": "Feature", "properties": { "Nemonico OC": "LCAN", "tipo": "SW", "id_emplazamiento": 1311004, "nombre_emplazamiento": "LO CANAS", "id_nodo": 1217, "nombre_nodo": "OLT-LCAN-2", "Longitud": -70.58008, "Latitud": -33.52227, "title_nodo": null }, "geometry": { "type": "Point", "coordinates": [ -70.58008, -33.52227 ] } },
{ "type": "Feature", "properties": { "Nemonico OC": "SEST", "tipo": "SW", "id_emplazamiento": 530401, "nombre_emplazamiento": "SAN ESTEBAN", "id_nodo": 1675, "nombre_nodo": "OLT-SEST-1", "Longitud": -70.58079, "Latitud": -32.80452, "title_nodo": "SEST_OLT_1" }, "geometry": { "type": "Point", "coordinates": [ -70.58079, -32.80452 ] } },
{ "type": "Feature", "properties": { "Nemonico OC": "SEST", "tipo": "PE", "id_emplazamiento": 530401, "nombre_emplazamiento": "SAN ESTEBAN", "id_nodo": 502, "nombre_nodo": "SAN ESTEBAN - PE80SEST01-L", "Longitud": -70.58079, "Latitud": -32.80452, "title_nodo": null }, "geometry": { "type": "Point", "coordinates": [ -70.58079, -32.80452 ] } },
{ "type": "Feature", "properties": { "Nemonico OC": "GMIS", "tipo": "SW", "id_emplazamiento": 1311002, "nombre_emplazamiento": "GABRIELA MISTRAL", "id_nodo": 1447, "nombre_nodo": "OLT-GMIS-2", "Longitud": -70.58353, "Latitud": -33.56064, "title_nodo": "GMIS-2- OLT" }, "geometry": { "type": "Point", "coordinates": [ -70.58353, -33.56064 ] } },
{ "type": "Feature", "properties": { "Nemonico OC": "GMIS", "tipo": "SW", "id_emplazamiento": 1311002, "nombre_emplazamiento": "GABRIELA MISTRAL", "id_nodo": 1364, "nombre_nodo": "OLT-GMIS-4", "Longitud": -70.58353, "Latitud": -33.56064, "title_nodo": "GMIS-4- OLT" }, "geometry": { "type": "Point", "coordinates": [ -70.58353, -33.56064 ] } },
{ "type": "Feature", "properties": { "Nemonico OC": "GMIS", "tipo": "SW", "id_emplazamiento": 1311002, "nombre_emplazamiento": "GABRIELA MISTRAL", "id_nodo": 1349, "nombre_nodo": "OLT-GMIS-5", "Longitud": -70.58353, "Latitud": -33.56064, "title_nodo": "GMIS-5- OLT" }, "geometry": { "type": "Point", "coordinates": [ -70.58353, -33.56064 ] } },
{ "type": "Feature", "properties": { "Nemonico OC": "GMIS", "tipo": "SW", "id_emplazamiento": 1311002, "nombre_emplazamiento": "GABRIELA MISTRAL", "id_nodo": 974, "nombre_nodo": "GMIS01-PE40", "Longitud": -70.58353, "Latitud": -33.56064, "title_nodo": "PE40GMIS01" }, "geometry": { "type": "Point", "coordinates": [ -70.58353, -33.56064 ] } },
{ "type": "Feature", "properties": { "Nemonico OC": "GMIS", "tipo": "SW", "id_emplazamiento": 1311002, "nombre_emplazamiento": "GABRIELA MISTRAL", "id_nodo": 519, "nombre_nodo": "GMIS01-SW9303", "Longitud": -70.58353, "Latitud": -33.56064, "title_nodo": "SW93GMIS01" }, "geometry": { "type": "Point", "coordinates": [ -70.58353, -33.56064 ] } },
{ "type": "Feature", "properties": { "Nemonico OC": "GMIS", "tipo": "SW", "id_emplazamiento": 1311002, "nombre_emplazamiento": "GABRIELA MISTRAL", "id_nodo": 940, "nombre_nodo": "GMIS02-SW9303", "Longitud": -70.58353, "Latitud": -33.56064, "title_nodo": "SW93GMIS02" }, "geometry": { "type": "Point", "coordinates": [ -70.58353, -33.56064 ] } },
{ "type": "Feature", "properties": { "Nemonico OC": "GMIS", "tipo": "PE", "id_emplazamiento": 1311002, "nombre_emplazamiento": "GABRIELA MISTRAL", "id_nodo": 137, "nombre_nodo": "GABRIELA MISTRAL - PE76GMIS01", "Longitud": -70.58353, "Latitud": -33.56064, "title_nodo": null }, "geometry": { "type": "Point", "coordinates": [ -70.58353, -33.56064 ] } },
{ "type": "Feature", "properties": { "Nemonico OC": "GMIS", "tipo": "PE", "id_emplazamiento": 1311002, "nombre_emplazamiento": "GABRIELA MISTRAL", "id_nodo": 442, "nombre_nodo": "GABRIELA MISTRAL - PE96GMIS01-L HL4 (CLI DIR)", "Longitud": -70.58353, "Latitud": -33.56064, "title_nodo": null }, "geometry": { "type": "Point", "coordinates": [ -70.58353, -33.56064 ] } },
{ "type": "Feature", "properties": { "Nemonico OC": "LPLA", "tipo": "SW", "id_emplazamiento": 1312002, "nombre_emplazamiento": "LO PLAZA", "id_nodo": 1562, "nombre_nodo": "OLT-LPLA-2", "Longitud": -70.58556, "Latitud": -33.47404, "title_nodo": "LPLA-2- OLT" }, "geometry": { "type": "Point", "coordinates": [ -70.58556, -33.47404 ] } },
{ "type": "Feature", "properties": { "Nemonico OC": "LPLA", "tipo": "SW", "id_emplazamiento": 1312002, "nombre_emplazamiento": "LO PLAZA", "id_nodo": 1393, "nombre_nodo": "OLT-LPLA-3", "Longitud": -70.58556, "Latitud": -33.47404, "title_nodo": "LPLA-3- OLT" }, "geometry": { "type": "Point", "coordinates": [ -70.58556, -33.47404 ] } },
{ "type": "Feature", "properties": { "Nemonico OC": "LPLA", "tipo": "SW", "id_emplazamiento": 1312002, "nombre_emplazamiento": "LO PLAZA", "id_nodo": 1203, "nombre_nodo": "OLT-LPLA-4", "Longitud": -70.58556, "Latitud": -33.47404, "title_nodo": "LPLA-4- OLT" }, "geometry": { "type": "Point", "coordinates": [ -70.58556, -33.47404 ] } },
{ "type": "Feature", "properties": { "Nemonico OC": "LPLA", "tipo": "SW", "id_emplazamiento": 1312002, "nombre_emplazamiento": "LO PLAZA", "id_nodo": 1379, "nombre_nodo": "OLT-LPLA-6", "Longitud": -70.58556, "Latitud": -33.47404, "title_nodo": "LPLA-6- OLT" }, "geometry": { "type": "Point", "coordinates": [ -70.58556, -33.47404 ] } },
{ "type": "Feature", "properties": { "Nemonico OC": "LPLA", "tipo": "SW", "id_emplazamiento": 1312002, "nombre_emplazamiento": "LO PLAZA", "id_nodo": 1177, "nombre_nodo": "LPLA01-PE40", "Longitud": -70.58556, "Latitud": -33.47404, "title_nodo": "PE40LPLA01" }, "geometry": { "type": "Point", "coordinates": [ -70.58556, -33.47404 ] } },
{ "type": "Feature", "properties": { "Nemonico OC": "LPLA", "tipo": "SW", "id_emplazamiento": 1312002, "nombre_emplazamiento": "LO PLAZA", "id_nodo": 50, "nombre_nodo": "LPLA01-SW3550", "Longitud": -70.58556, "Latitud": -33.47404, "title_nodo": "SW35LPLA01" }, "geometry": { "type": "Point", "coordinates": [ -70.58556, -33.47404 ] } },
{ "type": "Feature", "properties": { "Nemonico OC": "LPLA", "tipo": "SW", "id_emplazamiento": 1312002, "nombre_emplazamiento": "LO PLAZA", "id_nodo": 528, "nombre_nodo": "LPLA01-SW9303", "Longitud": -70.58556, "Latitud": -33.47404, "title_nodo": "SW93LPLA01" }, "geometry": { "type": "Point", "coordinates": [ -70.58556, -33.47404 ] } },
{ "type": "Feature", "properties": { "Nemonico OC": "LPLA", "tipo": "SW", "id_emplazamiento": 1312002, "nombre_emplazamiento": "LO PLAZA", "id_nodo": 642, "nombre_nodo": "LPLA02-SW9303", "Longitud": -70.58556, "Latitud": -33.47404, "title_nodo": "SW93LPLA02" }, "geometry": { "type": "Point", "coordinates": [ -70.58556, -33.47404 ] } },
{ "type": "Feature", "properties": { "Nemonico OC": "LPLA", "tipo": "PE", "id_emplazamiento": 1312002, "nombre_emplazamiento": "LO PLAZA", "id_nodo": 379, "nombre_nodo": "LO PLAZA - PE96LPLA01 HL4 (CLI DIR)", "Longitud": -70.58556, "Latitud": -33.47404, "title_nodo": null }, "geometry": { "type": "Point", "coordinates": [ -70.58556, -33.47404 ] } },
{ "type": "Feature", "properties": { "Nemonico OC": "LCON", "tipo": "SW", "id_emplazamiento": 1311404, "nombre_emplazamiento": "LAS CONDES", "id_nodo": 1129, "nombre_nodo": "OLT-LCON02", "Longitud": -70.58655, "Latitud": -33.41545, "title_nodo": "LCON_OLT_2" }, "geometry": { "type": "Point", "coordinates": [ -70.58655, -33.41545 ] } },
{ "type": "Feature", "properties": { "Nemonico OC": "LCON", "tipo": "SW", "id_emplazamiento": 1311404, "nombre_emplazamiento": "LAS CONDES", "id_nodo": 1161, "nombre_nodo": "OLT-LCON03", "Longitud": -70.58655, "Latitud": -33.41545, "title_nodo": "LCON_OLT_3" }, "geometry": { "type": "Point", "coordinates": [ -70.58655, -33.41545 ] } },
{ "type": "Feature", "properties": { "Nemonico OC": "LCON", "tipo": "SW", "id_emplazamiento": 1311404, "nombre_emplazamiento": "LAS CONDES", "id_nodo": 1233, "nombre_nodo": "OLT-LCON05", "Longitud": -70.58655, "Latitud": -33.41545, "title_nodo": "LCON_OLT_5" }, "geometry": { "type": "Point", "coordinates": [ -70.58655, -33.41545 ] } },
{ "type": "Feature", "properties": { "Nemonico OC": "LCON", "tipo": "SW", "id_emplazamiento": 1311404, "nombre_emplazamiento": "LAS CONDES", "id_nodo": 1519, "nombre_nodo": "OLT-LCON06", "Longitud": -70.58655, "Latitud": -33.41545, "title_nodo": "LCON_OLT_6" }, "geometry": { "type": "Point", "coordinates": [ -70.58655, -33.41545 ] } },
{ "type": "Feature", "properties": { "Nemonico OC": "LCON", "tipo": "SW", "id_emplazamiento": 1311404, "nombre_emplazamiento": "LAS CONDES", "id_nodo": 1195, "nombre_nodo": "OLT-LCON07", "Longitud": -70.58655, "Latitud": -33.41545, "title_nodo": "LCON_OLT_7" }, "geometry": { "type": "Point", "coordinates": [ -70.58655, -33.41545 ] } },
{ "type": "Feature", "properties": { "Nemonico OC": "LCON", "tipo": "SW", "id_emplazamiento": 1311404, "nombre_emplazamiento": "LAS CONDES", "id_nodo": 1574, "nombre_nodo": "OLT-LCON08", "Longitud": -70.58655, "Latitud": -33.41545, "title_nodo": "LCON_OLT_8" }, "geometry": { "type": "Point", "coordinates": [ -70.58655, -33.41545 ] } },
{ "type": "Feature", "properties": { "Nemonico OC": "LCON", "tipo": "SW", "id_emplazamiento": 1311404, "nombre_emplazamiento": "LAS CONDES", "id_nodo": 1636, "nombre_nodo": "OLT-LCON09", "Longitud": -70.58655, "Latitud": -33.41545, "title_nodo": "LCON_OLT_9" }, "geometry": { "type": "Point", "coordinates": [ -70.58655, -33.41545 ] } },
{ "type": "Feature", "properties": { "Nemonico OC": "LCON", "tipo": "SW", "id_emplazamiento": 1311404, "nombre_emplazamiento": "LAS CONDES", "id_nodo": 1054, "nombre_nodo": "LCON01-PE40", "Longitud": -70.58655, "Latitud": -33.41545, "title_nodo": "PE40LCON01" }, "geometry": { "type": "Point", "coordinates": [ -70.58655, -33.41545 ] } },
{ "type": "Feature", "properties": { "Nemonico OC": "LCON", "tipo": "SW", "id_emplazamiento": 1311404, "nombre_emplazamiento": "LAS CONDES", "id_nodo": 1084, "nombre_nodo": "LCON02-PE40", "Longitud": -70.58655, "Latitud": -33.41545, "title_nodo": "PE40LCON02" }, "geometry": { "type": "Point", "coordinates": [ -70.58655, -33.41545 ] } },
{ "type": "Feature", "properties": { "Nemonico OC": "LCON", "tipo": "SW", "id_emplazamiento": 1311404, "nombre_emplazamiento": "LAS CONDES", "id_nodo": 1764, "nombre_nodo": "LCON03-PE40-L", "Longitud": -70.58655, "Latitud": -33.41545, "title_nodo": "PE40LCON03-L" }, "geometry": { "type": "Point", "coordinates": [ -70.58655, -33.41545 ] } },
{ "type": "Feature", "properties": { "Nemonico OC": "LCON", "tipo": "SW", "id_emplazamiento": 1311404, "nombre_emplazamiento": "LAS CONDES", "id_nodo": 25, "nombre_nodo": "LCON01-SW2924", "Longitud": -70.58655, "Latitud": -33.41545, "title_nodo": "SW24LCON01" }, "geometry": { "type": "Point", "coordinates": [ -70.58655, -33.41545 ] } },
{ "type": "Feature", "properties": { "Nemonico OC": "LCON", "tipo": "SW", "id_emplazamiento": 1311404, "nombre_emplazamiento": "LAS CONDES", "id_nodo": 26, "nombre_nodo": "LCON01-SW3550", "Longitud": -70.58655, "Latitud": -33.41545, "title_nodo": "SW35LCON01" }, "geometry": { "type": "Point", "coordinates": [ -70.58655, -33.41545 ] } },
{ "type": "Feature", "properties": { "Nemonico OC": "LCON", "tipo": "SW", "id_emplazamiento": 1311404, "nombre_emplazamiento": "LAS CONDES", "id_nodo": 414, "nombre_nodo": "DW37-LCON01", "Longitud": -70.58655, "Latitud": -33.41545, "title_nodo": "SW37DLCO01" }, "geometry": { "type": "Point", "coordinates": [ -70.58655, -33.41545 ] } },
{ "type": "Feature", "properties": { "Nemonico OC": "LCON", "tipo": "SW", "id_emplazamiento": 1311404, "nombre_emplazamiento": "LAS CONDES", "id_nodo": 116, "nombre_nodo": "LCON01-SW3750", "Longitud": -70.58655, "Latitud": -33.41545, "title_nodo": "SW37LCON01" }, "geometry": { "type": "Point", "coordinates": [ -70.58655, -33.41545 ] } },
{ "type": "Feature", "properties": { "Nemonico OC": "LCON", "tipo": "SW", "id_emplazamiento": 1311404, "nombre_emplazamiento": "LAS CONDES", "id_nodo": 150, "nombre_nodo": "LCON02-SW3750", "Longitud": -70.58655, "Latitud": -33.41545, "title_nodo": "SW37LCON02" }, "geometry": { "type": "Point", "coordinates": [ -70.58655, -33.41545 ] } },
{ "type": "Feature", "properties": { "Nemonico OC": "LCON", "tipo": "SW", "id_emplazamiento": 1311404, "nombre_emplazamiento": "LAS CONDES", "id_nodo": 186, "nombre_nodo": "LCON01-SW7609", "Longitud": -70.58655, "Latitud": -33.41545, "title_nodo": "SW76LCON01" }, "geometry": { "type": "Point", "coordinates": [ -70.58655, -33.41545 ] } },
{ "type": "Feature", "properties": { "Nemonico OC": "LCON", "tipo": "SW", "id_emplazamiento": 1311404, "nombre_emplazamiento": "LAS CONDES", "id_nodo": 568, "nombre_nodo": "DW93-LCON01", "Longitud": -70.58655, "Latitud": -33.41545, "title_nodo": "SW93DLCO01" }, "geometry": { "type": "Point", "coordinates": [ -70.58655, -33.41545 ] } },
{ "type": "Feature", "properties": { "Nemonico OC": "LCON", "tipo": "SW", "id_emplazamiento": 1311404, "nombre_emplazamiento": "LAS CONDES", "id_nodo": 596, "nombre_nodo": "LCON01-SW9303", "Longitud": -70.58655, "Latitud": -33.41545, "title_nodo": "SW93LCON01" }, "geometry": { "type": "Point", "coordinates": [ -70.58655, -33.41545 ] } },
{ "type": "Feature", "properties": { "Nemonico OC": "LCON", "tipo": "SW", "id_emplazamiento": 1311404, "nombre_emplazamiento": "LAS CONDES", "id_nodo": 603, "nombre_nodo": "LCON02-SW9303", "Longitud": -70.58655, "Latitud": -33.41545, "title_nodo": "SW93LCON02" }, "geometry": { "type": "Point", "coordinates": [ -70.58655, -33.41545 ] } },
{ "type": "Feature", "properties": { "Nemonico OC": "LCON", "tipo": "SW", "id_emplazamiento": 1311404, "nombre_emplazamiento": "LAS CONDES", "id_nodo": 787, "nombre_nodo": "LCON03-SW9303", "Longitud": -70.58655, "Latitud": -33.41545, "title_nodo": "SW93LCON03" }, "geometry": { "type": "Point", "coordinates": [ -70.58655, -33.41545 ] } },
{ "type": "Feature", "properties": { "Nemonico OC": "LCON", "tipo": "SW", "id_emplazamiento": 1311404, "nombre_emplazamiento": "LAS CONDES", "id_nodo": 884, "nombre_nodo": "LCON04-SW9303", "Longitud": -70.58655, "Latitud": -33.41545, "title_nodo": "SW93LCON04" }, "geometry": { "type": "Point", "coordinates": [ -70.58655, -33.41545 ] } },
{ "type": "Feature", "properties": { "Nemonico OC": "LCON", "tipo": "SW", "id_emplazamiento": 1311404, "nombre_emplazamiento": "LAS CONDES", "id_nodo": 961, "nombre_nodo": "LCON05-SW9306", "Longitud": -70.58655, "Latitud": -33.41545, "title_nodo": "SW93LCON05" }, "geometry": { "type": "Point", "coordinates": [ -70.58655, -33.41545 ] } },
{ "type": "Feature", "properties": { "Nemonico OC": "LCON", "tipo": "PE", "id_emplazamiento": 1311404, "nombre_emplazamiento": "LAS CONDES", "id_nodo": 94, "nombre_nodo": "LAS CONDES - PE76LCON01", "Longitud": -70.58655, "Latitud": -33.41545, "title_nodo": null }, "geometry": { "type": "Point", "coordinates": [ -70.58655, -33.41545 ] } },
{ "type": "Feature", "properties": { "Nemonico OC": "LAND", "tipo": "SW", "id_emplazamiento": 530101, "nombre_emplazamiento": "LOS ANDES", "id_nodo": 1055, "nombre_nodo": "ANDE01-PE40", "Longitud": -70.59923, "Latitud": -32.834, "title_nodo": "PE40ANDE01" }, "geometry": { "type": "Point", "coordinates": [ -70.59923, -32.834 ] } },
{ "type": "Feature", "properties": { "Nemonico OC": "LAND", "tipo": "SW", "id_emplazamiento": 530101, "nombre_emplazamiento": "LOS ANDES", "id_nodo": 29, "nombre_nodo": "ANDE01-SW3750", "Longitud": -70.59923, "Latitud": -32.834, "title_nodo": "SW37ANDE01" }, "geometry": { "type": "Point", "coordinates": [ -70.59923, -32.834 ] } },
{ "type": "Feature", "properties": { "Nemonico OC": "LAND", "tipo": "SW", "id_emplazamiento": 530101, "nombre_emplazamiento": "LOS ANDES", "id_nodo": 229, "nombre_nodo": "ANDE02-SW3750", "Longitud": -70.59923, "Latitud": -32.834, "title_nodo": "SW37ANDE02" }, "geometry": { "type": "Point", "coordinates": [ -70.59923, -32.834 ] } },
{ "type": "Feature", "properties": { "Nemonico OC": "LAND", "tipo": "SW", "id_emplazamiento": 530101, "nombre_emplazamiento": "LOS ANDES", "id_nodo": 536, "nombre_nodo": "ANDE01-SW9303", "Longitud": -70.59923, "Latitud": -32.834, "title_nodo": "SW93ANDE01" }, "geometry": { "type": "Point", "coordinates": [ -70.59923, -32.834 ] } },
{ "type": "Feature", "properties": { "Nemonico OC": "LAND", "tipo": "SW", "id_emplazamiento": 530101, "nombre_emplazamiento": "LOS ANDES", "id_nodo": 739, "nombre_nodo": "ANDE02-SW9306", "Longitud": -70.59923, "Latitud": -32.834, "title_nodo": "SW93ANDE02" }, "geometry": { "type": "Point", "coordinates": [ -70.59923, -32.834 ] } },
{ "type": "Feature", "properties": { "Nemonico OC": "LAND", "tipo": "PE", "id_emplazamiento": 530101, "nombre_emplazamiento": "LOS ANDES", "id_nodo": 175, "nombre_nodo": "LOS ANDES - ANDE69 Huawei", "Longitud": -70.59923, "Latitud": -32.834, "title_nodo": null }, "geometry": { "type": "Point", "coordinates": [ -70.59923, -32.834 ] } },
{ "type": "Feature", "properties": { "Nemonico OC": "LAND", "tipo": "PE", "id_emplazamiento": 530101, "nombre_emplazamiento": "LOS ANDES", "id_nodo": 369, "nombre_nodo": "LOS ANDES - NB96ANDE01", "Longitud": -70.59923, "Latitud": -32.834, "title_nodo": null }, "geometry": { "type": "Point", "coordinates": [ -70.59923, -32.834 ] } },
{ "type": "Feature", "properties": { "Nemonico OC": "LAND", "tipo": "PE", "id_emplazamiento": 530101, "nombre_emplazamiento": "LOS ANDES", "id_nodo": 13, "nombre_nodo": "LOS ANDES - PE04ANDE01", "Longitud": -70.59923, "Latitud": -32.834, "title_nodo": null }, "geometry": { "type": "Point", "coordinates": [ -70.59923, -32.834 ] } },
{ "type": "Feature", "properties": { "Nemonico OC": "LAND", "tipo": "PE", "id_emplazamiento": 530101, "nombre_emplazamiento": "LOS ANDES", "id_nodo": 32, "nombre_nodo": "LOS ANDES - PE06ANDE02 (Cerrado)", "Longitud": -70.59923, "Latitud": -32.834, "title_nodo": null }, "geometry": { "type": "Point", "coordinates": [ -70.59923, -32.834 ] } },
{ "type": "Feature", "properties": { "Nemonico OC": "LAND", "tipo": "PE", "id_emplazamiento": 530101, "nombre_emplazamiento": "LOS ANDES", "id_nodo": 208, "nombre_nodo": "LOS ANDES - PE10ANDE01", "Longitud": -70.59923, "Latitud": -32.834, "title_nodo": null }, "geometry": { "type": "Point", "coordinates": [ -70.59923, -32.834 ] } },
{ "type": "Feature", "properties": { "Nemonico OC": "LAND", "tipo": "PE", "id_emplazamiento": 530101, "nombre_emplazamiento": "LOS ANDES", "id_nodo": 127, "nombre_nodo": "LOS ANDES - PE76ANDE01", "Longitud": -70.59923, "Latitud": -32.834, "title_nodo": null }, "geometry": { "type": "Point", "coordinates": [ -70.59923, -32.834 ] } },
{ "type": "Feature", "properties": { "Nemonico OC": "LAND", "tipo": "SW", "id_emplazamiento": 530101, "nombre_emplazamiento": "LOS ANDES", "id_nodo": 1282, "nombre_nodo": "OLT-LAND-2", "Longitud": -70.59923, "Latitud": -32.834, "title_nodo": null }, "geometry": { "type": "Point", "coordinates": [ -70.59923, -32.834 ] } },
{ "type": "Feature", "properties": { "Nemonico OC": "LAND", "tipo": "SW", "id_emplazamiento": 530101, "nombre_emplazamiento": "LOS ANDES", "id_nodo": 1320, "nombre_nodo": "OLT-LAND-5", "Longitud": -70.59923, "Latitud": -32.834, "title_nodo": null }, "geometry": { "type": "Point", "coordinates": [ -70.59923, -32.834 ] } },
{ "type": "Feature", "properties": { "Nemonico OC": "LAND", "tipo": "SW", "id_emplazamiento": 530101, "nombre_emplazamiento": "LOS ANDES", "id_nodo": 1340, "nombre_nodo": "OLT-LAND-6", "Longitud": -70.59923, "Latitud": -32.834, "title_nodo": null }, "geometry": { "type": "Point", "coordinates": [ -70.59923, -32.834 ] } },
{ "type": "Feature", "properties": { "Nemonico OC": "LAND", "tipo": "SW", "id_emplazamiento": 530101, "nombre_emplazamiento": "LOS ANDES", "id_nodo": 109, "nombre_nodo": "ANDE69-HUAWEI", "Longitud": -70.59923, "Latitud": -32.834, "title_nodo": null }, "geometry": { "type": "Point", "coordinates": [ -70.59923, -32.834 ] } },
{ "type": "Feature", "properties": { "Nemonico OC": "LAND", "tipo": "SW", "id_emplazamiento": 530101, "nombre_emplazamiento": "LOS ANDES", "id_nodo": 125, "nombre_nodo": "ANDE70-HUAWEI", "Longitud": -70.59923, "Latitud": -32.834, "title_nodo": null }, "geometry": { "type": "Point", "coordinates": [ -70.59923, -32.834 ] } },
{ "type": "Feature", "properties": { "Nemonico OC": "LAND", "tipo": "SW", "id_emplazamiento": 530101, "nombre_emplazamiento": "LOS ANDES", "id_nodo": 276, "nombre_nodo": "ANDE71-HUAWEI", "Longitud": -70.59923, "Latitud": -32.834, "title_nodo": null }, "geometry": { "type": "Point", "coordinates": [ -70.59923, -32.834 ] } },
{ "type": "Feature", "properties": { "Nemonico OC": "LAND", "tipo": "SW", "id_emplazamiento": 530101, "nombre_emplazamiento": "LOS ANDES", "id_nodo": 409, "nombre_nodo": "ANDE72-HUAWEI", "Longitud": -70.59923, "Latitud": -32.834, "title_nodo": null }, "geometry": { "type": "Point", "coordinates": [ -70.59923, -32.834 ] } },
{ "type": "Feature", "properties": { "Nemonico OC": "LAND", "tipo": "SW", "id_emplazamiento": 530101, "nombre_emplazamiento": "LOS ANDES", "id_nodo": 584, "nombre_nodo": "ANDE73-HUAWEI", "Longitud": -70.59923, "Latitud": -32.834, "title_nodo": null }, "geometry": { "type": "Point", "coordinates": [ -70.59923, -32.834 ] } },
{ "type": "Feature", "properties": { "Nemonico OC": "LAND", "tipo": "SW", "id_emplazamiento": 530101, "nombre_emplazamiento": "LOS ANDES", "id_nodo": 942, "nombre_nodo": "ANDE74-HUAWEI", "Longitud": -70.59923, "Latitud": -32.834, "title_nodo": null }, "geometry": { "type": "Point", "coordinates": [ -70.59923, -32.834 ] } },
{ "type": "Feature", "properties": { "Nemonico OC": "LAND", "tipo": "SW", "id_emplazamiento": 530101, "nombre_emplazamiento": "LOS ANDES", "id_nodo": 1263, "nombre_nodo": "ANDE75-HUAWEI", "Longitud": -70.59923, "Latitud": -32.834, "title_nodo": null }, "geometry": { "type": "Point", "coordinates": [ -70.59923, -32.834 ] } },
{ "type": "Feature", "properties": { "Nemonico OC": "TRIN", "tipo": "SW", "id_emplazamiento": 1311005, "nombre_emplazamiento": "TRINIDAD", "id_nodo": 983, "nombre_nodo": "TRIN01-PE40", "Longitud": -70.60324, "Latitud": -33.54647, "title_nodo": "PE40TRIN01" }, "geometry": { "type": "Point", "coordinates": [ -70.60324, -33.54647 ] } },
{ "type": "Feature", "properties": { "Nemonico OC": "TRIN", "tipo": "SW", "id_emplazamiento": 1311005, "nombre_emplazamiento": "TRINIDAD", "id_nodo": 361, "nombre_nodo": "TRIN02-SW6524", "Longitud": -70.60324, "Latitud": -33.54647, "title_nodo": "SW65TRIN02" }, "geometry": { "type": "Point", "coordinates": [ -70.60324, -33.54647 ] } },
{ "type": "Feature", "properties": { "Nemonico OC": "TRIN", "tipo": "SW", "id_emplazamiento": 1311005, "nombre_emplazamiento": "TRINIDAD", "id_nodo": 643, "nombre_nodo": "TRIN01-SW9303", "Longitud": -70.60324, "Latitud": -33.54647, "title_nodo": "SW93TRIN01" }, "geometry": { "type": "Point", "coordinates": [ -70.60324, -33.54647 ] } },
{ "type": "Feature", "properties": { "Nemonico OC": "TRIN", "tipo": "SW", "id_emplazamiento": 1311005, "nombre_emplazamiento": "TRINIDAD", "id_nodo": 1439, "nombre_nodo": "OLT-TRIN-2", "Longitud": -70.60324, "Latitud": -33.54647, "title_nodo": "TRIN_OLT_2" }, "geometry": { "type": "Point", "coordinates": [ -70.60324, -33.54647 ] } },
{ "type": "Feature", "properties": { "Nemonico OC": "TRIN", "tipo": "SW", "id_emplazamiento": 1311005, "nombre_emplazamiento": "TRINIDAD", "id_nodo": 1353, "nombre_nodo": "OLT-TRIN-4", "Longitud": -70.60324, "Latitud": -33.54647, "title_nodo": "TRIN_OLT_4" }, "geometry": { "type": "Point", "coordinates": [ -70.60324, -33.54647 ] } },
{ "type": "Feature", "properties": { "Nemonico OC": "TRIN", "tipo": "SW", "id_emplazamiento": 1311005, "nombre_emplazamiento": "TRINIDAD", "id_nodo": 1365, "nombre_nodo": "OLT-TRIN-5", "Longitud": -70.60324, "Latitud": -33.54647, "title_nodo": "TRIN_OLT_5" }, "geometry": { "type": "Point", "coordinates": [ -70.60324, -33.54647 ] } },
{ "type": "Feature", "properties": { "Nemonico OC": "TRIN", "tipo": "SW", "id_emplazamiento": 1311005, "nombre_emplazamiento": "TRINIDAD", "id_nodo": 1424, "nombre_nodo": "OLT-TRIN-6", "Longitud": -70.60324, "Latitud": -33.54647, "title_nodo": "TRIN_OLT_6" }, "geometry": { "type": "Point", "coordinates": [ -70.60324, -33.54647 ] } },
{ "type": "Feature", "properties": { "Nemonico OC": "TRIN", "tipo": "SW", "id_emplazamiento": 1311005, "nombre_emplazamiento": "TRINIDAD", "id_nodo": 1779, "nombre_nodo": "OLT-TRIN-8", "Longitud": -70.60324, "Latitud": -33.54647, "title_nodo": "TRIN_OLT_8" }, "geometry": { "type": "Point", "coordinates": [ -70.60324, -33.54647 ] } },
{ "type": "Feature", "properties": { "Nemonico OC": "PVAL", "tipo": "SW", "id_emplazamiento": 1312309, "nombre_emplazamiento": "PEDRO DE VALDIVIA (SANTIAGO)", "id_nodo": 1274, "nombre_nodo": "PVAL01-PE40", "Longitud": -70.60716, "Latitud": -33.4429, "title_nodo": "PE40PVAL01" }, "geometry": { "type": "Point", "coordinates": [ -70.60716, -33.4429 ] } },
{ "type": "Feature", "properties": { "Nemonico OC": "PVAL", "tipo": "SW", "id_emplazamiento": 1312309, "nombre_emplazamiento": "PEDRO DE VALDIVIA (SANTIAGO)", "id_nodo": 1056, "nombre_nodo": "PVAL02-PE40", "Longitud": -70.60716, "Latitud": -33.4429, "title_nodo": "PE40PVAL02" }, "geometry": { "type": "Point", "coordinates": [ -70.60716, -33.4429 ] } },
{ "type": "Feature", "properties": { "Nemonico OC": "PVAL", "tipo": "SW", "id_emplazamiento": 1312309, "nombre_emplazamiento": "PEDRO DE VALDIVIA (SANTIAGO)", "id_nodo": 1807, "nombre_nodo": "PVAL03-PE40-L", "Longitud": -70.60716, "Latitud": -33.4429, "title_nodo": "PE40PVAL03-L" }, "geometry": { "type": "Point", "coordinates": [ -70.60716, -33.4429 ] } },
{ "type": "Feature", "properties": { "Nemonico OC": "PVAL", "tipo": "SW", "id_emplazamiento": 1312309, "nombre_emplazamiento": "PEDRO DE VALDIVIA (SANTIAGO)", "id_nodo": 1241, "nombre_nodo": "OLT-PVAL10", "Longitud": -70.60716, "Latitud": -33.4429, "title_nodo": "PVAL_OLT_10" }, "geometry": { "type": "Point", "coordinates": [ -70.60716, -33.4429 ] } },
{ "type": "Feature", "properties": { "Nemonico OC": "PVAL", "tipo": "SW", "id_emplazamiento": 1312309, "nombre_emplazamiento": "PEDRO DE VALDIVIA (SANTIAGO)", "id_nodo": 1294, "nombre_nodo": "OLT-PVAL11", "Longitud": -70.60716, "Latitud": -33.4429, "title_nodo": "PVAL_OLT_11" }, "geometry": { "type": "Point", "coordinates": [ -70.60716, -33.4429 ] } },
{ "type": "Feature", "properties": { "Nemonico OC": "PVAL", "tipo": "SW", "id_emplazamiento": 1312309, "nombre_emplazamiento": "PEDRO DE VALDIVIA (SANTIAGO)", "id_nodo": 1143, "nombre_nodo": "OLT-PVAL14", "Longitud": -70.60716, "Latitud": -33.4429, "title_nodo": "PVAL_OLT_14" }, "geometry": { "type": "Point", "coordinates": [ -70.60716, -33.4429 ] } },
{ "type": "Feature", "properties": { "Nemonico OC": "PVAL", "tipo": "SW", "id_emplazamiento": 1312309, "nombre_emplazamiento": "PEDRO DE VALDIVIA (SANTIAGO)", "id_nodo": 1122, "nombre_nodo": "OLT-PVAL15", "Longitud": -70.60716, "Latitud": -33.4429, "title_nodo": "PVAL_OLT_15" }, "geometry": { "type": "Point", "coordinates": [ -70.60716, -33.4429 ] } },
{ "type": "Feature", "properties": { "Nemonico OC": "PVAL", "tipo": "SW", "id_emplazamiento": 1312309, "nombre_emplazamiento": "PEDRO DE VALDIVIA (SANTIAGO)", "id_nodo": 1142, "nombre_nodo": "OLT-PVAL16", "Longitud": -70.60716, "Latitud": -33.4429, "title_nodo": "PVAL_OLT_16" }, "geometry": { "type": "Point", "coordinates": [ -70.60716, -33.4429 ] } },
{ "type": "Feature", "properties": { "Nemonico OC": "PVAL", "tipo": "SW", "id_emplazamiento": 1312309, "nombre_emplazamiento": "PEDRO DE VALDIVIA (SANTIAGO)", "id_nodo": 1389, "nombre_nodo": "OLT-PVAL17", "Longitud": -70.60716, "Latitud": -33.4429, "title_nodo": "PVAL_OLT_17" }, "geometry": { "type": "Point", "coordinates": [ -70.60716, -33.4429 ] } },
{ "type": "Feature", "properties": { "Nemonico OC": "PVAL", "tipo": "SW", "id_emplazamiento": 1312309, "nombre_emplazamiento": "PEDRO DE VALDIVIA (SANTIAGO)", "id_nodo": 1401, "nombre_nodo": "OLT-PVAL18", "Longitud": -70.60716, "Latitud": -33.4429, "title_nodo": "PVAL_OLT_18" }, "geometry": { "type": "Point", "coordinates": [ -70.60716, -33.4429 ] } },
{ "type": "Feature", "properties": { "Nemonico OC": "PVAL", "tipo": "SW", "id_emplazamiento": 1312309, "nombre_emplazamiento": "PEDRO DE VALDIVIA (SANTIAGO)", "id_nodo": 1797, "nombre_nodo": "OLT-PVAL19", "Longitud": -70.60716, "Latitud": -33.4429, "title_nodo": "PVAL_OLT_19" }, "geometry": { "type": "Point", "coordinates": [ -70.60716, -33.4429 ] } },
{ "type": "Feature", "properties": { "Nemonico OC": "PVAL", "tipo": "SW", "id_emplazamiento": 1312309, "nombre_emplazamiento": "PEDRO DE VALDIVIA (SANTIAGO)", "id_nodo": 1785, "nombre_nodo": "OLT-PVAL20", "Longitud": -70.60716, "Latitud": -33.4429, "title_nodo": "PVAL_OLT_20" }, "geometry": { "type": "Point", "coordinates": [ -70.60716, -33.4429 ] } },
{ "type": "Feature", "properties": { "Nemonico OC": "PVAL", "tipo": "SW", "id_emplazamiento": 1312309, "nombre_emplazamiento": "PEDRO DE VALDIVIA (SANTIAGO)", "id_nodo": 1821, "nombre_nodo": "OLT-PVAL21", "Longitud": -70.60716, "Latitud": -33.4429, "title_nodo": "PVAL_OLT_21" }, "geometry": { "type": "Point", "coordinates": [ -70.60716, -33.4429 ] } },
{ "type": "Feature", "properties": { "Nemonico OC": "PVAL", "tipo": "SW", "id_emplazamiento": 1312309, "nombre_emplazamiento": "PEDRO DE VALDIVIA (SANTIAGO)", "id_nodo": 1620, "nombre_nodo": "OLT-PVAL09", "Longitud": -70.60716, "Latitud": -33.4429, "title_nodo": "PVAL_OLT_9" }, "geometry": { "type": "Point", "coordinates": [ -70.60716, -33.4429 ] } },
{ "type": "Feature", "properties": { "Nemonico OC": "PVAL", "tipo": "SW", "id_emplazamiento": 1312309, "nombre_emplazamiento": "PEDRO DE VALDIVIA (SANTIAGO)", "id_nodo": 41, "nombre_nodo": "PVAL02-SW3624", "Longitud": -70.60716, "Latitud": -33.4429, "title_nodo": "SW36PVAL02" }, "geometry": { "type": "Point", "coordinates": [ -70.60716, -33.4429 ] } },
{ "type": "Feature", "properties": { "Nemonico OC": "PVAL", "tipo": "SW", "id_emplazamiento": 1312309, "nombre_emplazamiento": "PEDRO DE VALDIVIA (SANTIAGO)", "id_nodo": 38, "nombre_nodo": "PVAL01-SW6506", "Longitud": -70.60716, "Latitud": -33.4429, "title_nodo": "SW65PVAL01" }, "geometry": { "type": "Point", "coordinates": [ -70.60716, -33.4429 ] } },
{ "type": "Feature", "properties": { "Nemonico OC": "PVAL", "tipo": "SW", "id_emplazamiento": 1312309, "nombre_emplazamiento": "PEDRO DE VALDIVIA (SANTIAGO)", "id_nodo": 169, "nombre_nodo": "PVAL01-SW7609", "Longitud": -70.60716, "Latitud": -33.4429, "title_nodo": "SW76PVAL01" }, "geometry": { "type": "Point", "coordinates": [ -70.60716, -33.4429 ] } },
{ "type": "Feature", "properties": { "Nemonico OC": "PVAL", "tipo": "SW", "id_emplazamiento": 1312309, "nombre_emplazamiento": "PEDRO DE VALDIVIA (SANTIAGO)", "id_nodo": 556, "nombre_nodo": "DW93-PVAL01", "Longitud": -70.60716, "Latitud": -33.4429, "title_nodo": "SW93DPVA01" }, "geometry": { "type": "Point", "coordinates": [ -70.60716, -33.4429 ] } },
{ "type": "Feature", "properties": { "Nemonico OC": "PVAL", "tipo": "SW", "id_emplazamiento": 1312309, "nombre_emplazamiento": "PEDRO DE VALDIVIA (SANTIAGO)", "id_nodo": 625, "nombre_nodo": "PVAL01-SW9303", "Longitud": -70.60716, "Latitud": -33.4429, "title_nodo": "SW93PVAL01" }, "geometry": { "type": "Point", "coordinates": [ -70.60716, -33.4429 ] } },
{ "type": "Feature", "properties": { "Nemonico OC": "PVAL", "tipo": "SW", "id_emplazamiento": 1312309, "nombre_emplazamiento": "PEDRO DE VALDIVIA (SANTIAGO)", "id_nodo": 626, "nombre_nodo": "PVAL02-SW9303", "Longitud": -70.60716, "Latitud": -33.4429, "title_nodo": "SW93PVAL02" }, "geometry": { "type": "Point", "coordinates": [ -70.60716, -33.4429 ] } },
{ "type": "Feature", "properties": { "Nemonico OC": "PVAL", "tipo": "SW", "id_emplazamiento": 1312309, "nombre_emplazamiento": "PEDRO DE VALDIVIA (SANTIAGO)", "id_nodo": 831, "nombre_nodo": "PVAL03-SW9303", "Longitud": -70.60716, "Latitud": -33.4429, "title_nodo": "SW93PVAL03" }, "geometry": { "type": "Point", "coordinates": [ -70.60716, -33.4429 ] } },
{ "type": "Feature", "properties": { "Nemonico OC": "PVAL", "tipo": "SW", "id_emplazamiento": 1312309, "nombre_emplazamiento": "PEDRO DE VALDIVIA (SANTIAGO)", "id_nodo": 962, "nombre_nodo": "PVAL04-SW9306", "Longitud": -70.60716, "Latitud": -33.4429, "title_nodo": "SW93PVAL04" }, "geometry": { "type": "Point", "coordinates": [ -70.60716, -33.4429 ] } },
{ "type": "Feature", "properties": { "Nemonico OC": "PVAL", "tipo": "PE", "id_emplazamiento": 1312309, "nombre_emplazamiento": "PEDRO DE VALDIVIA (SANTIAGO)", "id_nodo": 169, "nombre_nodo": "P_VALDIVIA - NB76PVAL01", "Longitud": -70.60716, "Latitud": -33.4429, "title_nodo": null }, "geometry": { "type": "Point", "coordinates": [ -70.60716, -33.4429 ] } },
{ "type": "Feature", "properties": { "Nemonico OC": "PVAL", "tipo": "PE", "id_emplazamiento": 1312309, "nombre_emplazamiento": "PEDRO DE VALDIVIA (SANTIAGO)", "id_nodo": 51, "nombre_nodo": "P_VALDIVIA - PE06PVAL01 (Cerrado)", "Longitud": -70.60716, "Latitud": -33.4429, "title_nodo": null }, "geometry": { "type": "Point", "coordinates": [ -70.60716, -33.4429 ] } },
{ "type": "Feature", "properties": { "Nemonico OC": "PVAL", "tipo": "PE", "id_emplazamiento": 1312309, "nombre_emplazamiento": "PEDRO DE VALDIVIA (SANTIAGO)", "id_nodo": 250, "nombre_nodo": "P_VALDIVIA - PE120PVAL01", "Longitud": -70.60716, "Latitud": -33.4429, "title_nodo": null }, "geometry": { "type": "Point", "coordinates": [ -70.60716, -33.4429 ] } },
{ "type": "Feature", "properties": { "Nemonico OC": "PVAL", "tipo": "PE", "id_emplazamiento": 1312309, "nombre_emplazamiento": "PEDRO DE VALDIVIA (SANTIAGO)", "id_nodo": 166, "nombre_nodo": "P_VALDIVIA - PE12PVAL01 (ELIMINADO)", "Longitud": -70.60716, "Latitud": -33.4429, "title_nodo": null }, "geometry": { "type": "Point", "coordinates": [ -70.60716, -33.4429 ] } },
{ "type": "Feature", "properties": { "Nemonico OC": "PVAL", "tipo": "PE", "id_emplazamiento": 1312309, "nombre_emplazamiento": "PEDRO DE VALDIVIA (SANTIAGO)", "id_nodo": 67, "nombre_nodo": "P_VALDIVIA - PE76PVAL01", "Longitud": -70.60716, "Latitud": -33.4429, "title_nodo": null }, "geometry": { "type": "Point", "coordinates": [ -70.60716, -33.4429 ] } },
{ "type": "Feature", "properties": { "Nemonico OC": "PVAL", "tipo": "PE", "id_emplazamiento": 1312309, "nombre_emplazamiento": "PEDRO DE VALDIVIA (SANTIAGO)", "id_nodo": 218, "nombre_nodo": "P_VALDIVIA - PE76QPVA01 (ELIMINADO)", "Longitud": -70.60716, "Latitud": -33.4429, "title_nodo": null }, "geometry": { "type": "Point", "coordinates": [ -70.60716, -33.4429 ] } },
{ "type": "Feature", "properties": { "Nemonico OC": "PVAL", "tipo": "PE", "id_emplazamiento": 1312309, "nombre_emplazamiento": "PEDRO DE VALDIVIA (SANTIAGO)", "id_nodo": 189, "nombre_nodo": "P_VALDIVIA - PE96PVAL01", "Longitud": -70.60716, "Latitud": -33.4429, "title_nodo": null }, "geometry": { "type": "Point", "coordinates": [ -70.60716, -33.4429 ] } },
{ "type": "Feature", "properties": { "Nemonico OC": "PVAL", "tipo": "PE", "id_emplazamiento": 1312309, "nombre_emplazamiento": "PEDRO DE VALDIVIA (SANTIAGO)", "id_nodo": 284, "nombre_nodo": "P_VALDIVIA - PEM40PDV01 MOVIL", "Longitud": -70.60716, "Latitud": -33.4429, "title_nodo": null }, "geometry": { "type": "Point", "coordinates": [ -70.60716, -33.4429 ] } },
{ "type": "Feature", "properties": { "Nemonico OC": "PVAL", "tipo": "PE", "id_emplazamiento": 1312309, "nombre_emplazamiento": "PEDRO DE VALDIVIA (SANTIAGO)", "id_nodo": 285, "nombre_nodo": "P_VALDIVIA - PEM40PDV02 MOVIL", "Longitud": -70.60716, "Latitud": -33.4429, "title_nodo": null }, "geometry": { "type": "Point", "coordinates": [ -70.60716, -33.4429 ] } },
{ "type": "Feature", "properties": { "Nemonico OC": "ENAC", "tipo": "SW", "id_emplazamiento": 1312001, "nombre_emplazamiento": "ESTADIO NACIONAL", "id_nodo": 1170, "nombre_nodo": "ENAL01-PE40", "Longitud": -70.61457, "Latitud": -33.47096, "title_nodo": "PE40ENAL01" }, "geometry": { "type": "Point", "coordinates": [ -70.61457, -33.47096 ] } },
{ "type": "Feature", "properties": { "Nemonico OC": "ENAC", "tipo": "SW", "id_emplazamiento": 1312001, "nombre_emplazamiento": "ESTADIO NACIONAL", "id_nodo": 1598, "nombre_nodo": "ENAL02-PE40-L", "Longitud": -70.61457, "Latitud": -33.47096, "title_nodo": "PE40ENAL02-L" }, "geometry": { "type": "Point", "coordinates": [ -70.61457, -33.47096 ] } },
{ "type": "Feature", "properties": { "Nemonico OC": "ENAC", "tipo": "SW", "id_emplazamiento": 1312001, "nombre_emplazamiento": "ESTADIO NACIONAL", "id_nodo": 889, "nombre_nodo": "ENAL01-SW9303", "Longitud": -70.61457, "Latitud": -33.47096, "title_nodo": "SW93ENAL01" }, "geometry": { "type": "Point", "coordinates": [ -70.61457, -33.47096 ] } },
{ "type": "Feature", "properties": { "Nemonico OC": "ENAC", "tipo": "SW", "id_emplazamiento": 1312001, "nombre_emplazamiento": "ESTADIO NACIONAL", "id_nodo": 600, "nombre_nodo": "ENAL02-SW9303", "Longitud": -70.61457, "Latitud": -33.47096, "title_nodo": "SW93ENAL02" }, "geometry": { "type": "Point", "coordinates": [ -70.61457, -33.47096 ] } },
{ "type": "Feature", "properties": { "Nemonico OC": "ENAC", "tipo": "SW", "id_emplazamiento": 1312001, "nombre_emplazamiento": "ESTADIO NACIONAL", "id_nodo": 1021, "nombre_nodo": "ENAL03-SW9303", "Longitud": -70.61457, "Latitud": -33.47096, "title_nodo": "SW93ENAL03" }, "geometry": { "type": "Point", "coordinates": [ -70.61457, -33.47096 ] } },
{ "type": "Feature", "properties": { "Nemonico OC": "ENAC", "tipo": "SW", "id_emplazamiento": 1312001, "nombre_emplazamiento": "ESTADIO NACIONAL", "id_nodo": 1265, "nombre_nodo": "OLT-ENAC02", "Longitud": -70.61457, "Latitud": -33.47096, "title_nodo": null }, "geometry": { "type": "Point", "coordinates": [ -70.61457, -33.47096 ] } },
{ "type": "Feature", "properties": { "Nemonico OC": "ENAC", "tipo": "SW", "id_emplazamiento": 1312001, "nombre_emplazamiento": "ESTADIO NACIONAL", "id_nodo": 1272, "nombre_nodo": "OLT-ENAC05", "Longitud": -70.61457, "Latitud": -33.47096, "title_nodo": null }, "geometry": { "type": "Point", "coordinates": [ -70.61457, -33.47096 ] } },
{ "type": "Feature", "properties": { "Nemonico OC": "RESA", "tipo": "SW", "id_emplazamiento": 1310704, "nombre_emplazamiento": "RINCONADA EL SALTO", "id_nodo": 1128, "nombre_nodo": "RSAL01-PE40", "Longitud": -70.61692, "Latitud": -33.38723, "title_nodo": "PE40RSAL01" }, "geometry": { "type": "Point", "coordinates": [ -70.61692, -33.38723 ] } },
{ "type": "Feature", "properties": { "Nemonico OC": "RESA", "tipo": "SW", "id_emplazamiento": 1310704, "nombre_emplazamiento": "RINCONADA EL SALTO", "id_nodo": 1638, "nombre_nodo": "OLT-RESA 2", "Longitud": -70.61692, "Latitud": -33.38723, "title_nodo": "RESA_OLT_2" }, "geometry": { "type": "Point", "coordinates": [ -70.61692, -33.38723 ] } },
{ "type": "Feature", "properties": { "Nemonico OC": "RESA", "tipo": "SW", "id_emplazamiento": 1310704, "nombre_emplazamiento": "RINCONADA EL SALTO", "id_nodo": 417, "nombre_nodo": "DW37-RSAL01", "Longitud": -70.61692, "Latitud": -33.38723, "title_nodo": "SW37DRSA01" }, "geometry": { "type": "Point", "coordinates": [ -70.61692, -33.38723 ] } },
{ "type": "Feature", "properties": { "Nemonico OC": "RESA", "tipo": "SW", "id_emplazamiento": 1310704, "nombre_emplazamiento": "RINCONADA EL SALTO", "id_nodo": 710, "nombre_nodo": "DW93-RSAL01", "Longitud": -70.61692, "Latitud": -33.38723, "title_nodo": "SW93DRSA01" }, "geometry": { "type": "Point", "coordinates": [ -70.61692, -33.38723 ] } },
{ "type": "Feature", "properties": { "Nemonico OC": "RESA", "tipo": "SW", "id_emplazamiento": 1310704, "nombre_emplazamiento": "RINCONADA EL SALTO", "id_nodo": 641, "nombre_nodo": "RSAL01-SW9303", "Longitud": -70.61692, "Latitud": -33.38723, "title_nodo": "SW93RSAL01" }, "geometry": { "type": "Point", "coordinates": [ -70.61692, -33.38723 ] } },
{ "type": "Feature", "properties": { "Nemonico OC": "RESA", "tipo": "SW", "id_emplazamiento": 1310704, "nombre_emplazamiento": "RINCONADA EL SALTO", "id_nodo": 861, "nombre_nodo": "RSAL02-SW9303", "Longitud": -70.61692, "Latitud": -33.38723, "title_nodo": "SW93RSAL02" }, "geometry": { "type": "Point", "coordinates": [ -70.61692, -33.38723 ] } },
{ "type": "Feature", "properties": { "Nemonico OC": "RESA", "tipo": "SW", "id_emplazamiento": 1310704, "nombre_emplazamiento": "RINCONADA EL SALTO", "id_nodo": 541, "nombre_nodo": "RSAL69-CTR -", "Longitud": -70.61692, "Latitud": -33.38723, "title_nodo": null }, "geometry": { "type": "Point", "coordinates": [ -70.61692, -33.38723 ] } },
{ "type": "Feature", "properties": { "Nemonico OC": "AVAR", "tipo": "SW", "id_emplazamiento": 1312307, "nombre_emplazamiento": "ANTONIO VARAS", "id_nodo": 1018, "nombre_nodo": "AVAR01-PE40", "Longitud": -70.61746, "Latitud": -33.43157, "title_nodo": "PE40AVAR01" }, "geometry": { "type": "Point", "coordinates": [ -70.61746, -33.43157 ] } },
{ "type": "Feature", "properties": { "Nemonico OC": "AVAR", "tipo": "SW", "id_emplazamiento": 1312307, "nombre_emplazamiento": "ANTONIO VARAS", "id_nodo": 527, "nombre_nodo": "AVAR02-SW9303", "Longitud": -70.61746, "Latitud": -33.43157, "title_nodo": "SW93AVAR02" }, "geometry": { "type": "Point", "coordinates": [ -70.61746, -33.43157 ] } },
{ "type": "Feature", "properties": { "Nemonico OC": "AVAR", "tipo": "SW", "id_emplazamiento": 1312307, "nombre_emplazamiento": "ANTONIO VARAS", "id_nodo": 823, "nombre_nodo": "AVAR03-SW9303", "Longitud": -70.61746, "Latitud": -33.43157, "title_nodo": "SW93AVAR03" }, "geometry": { "type": "Point", "coordinates": [ -70.61746, -33.43157 ] } },
{ "type": "Feature", "properties": { "Nemonico OC": "AVAR", "tipo": "SW", "id_emplazamiento": 1312307, "nombre_emplazamiento": "ANTONIO VARAS", "id_nodo": 607, "nombre_nodo": "AVAR69-HUAWEI", "Longitud": -70.61746, "Latitud": -33.43157, "title_nodo": null }, "geometry": { "type": "Point", "coordinates": [ -70.61746, -33.43157 ] } },
{ "type": "Feature", "properties": { "Nemonico OC": "RMAI", "tipo": "PE", "id_emplazamiento": 1111112, "nombre_emplazamiento": "RIO MAIPO", "id_nodo": 340, "nombre_nodo": "RIO MAIPO - PE96RMAI01 HL4 (CLI DIR)", "Longitud": -70.62222, "Latitud": -33.61841, "title_nodo": null }, "geometry": { "type": "Point", "coordinates": [ -70.62222, -33.61841 ] } },
{ "type": "Feature", "properties": { "Nemonico OC": "SALE", "tipo": "SW", "id_emplazamiento": 1312901, "nombre_emplazamiento": "SALESIANOS", "id_nodo": 992, "nombre_nodo": "SALE01-PE40", "Longitud": -70.63148, "Latitud": -33.49472, "title_nodo": "PE40SALE01" }, "geometry": { "type": "Point", "coordinates": [ -70.63148, -33.49472 ] } },
{ "type": "Feature", "properties": { "Nemonico OC": "SALE", "tipo": "SW", "id_emplazamiento": 1312901, "nombre_emplazamiento": "SALESIANOS", "id_nodo": 1139, "nombre_nodo": "OLT-SALE01", "Longitud": -70.63148, "Latitud": -33.49472, "title_nodo": "SALE_OLT_1" }, "geometry": { "type": "Point", "coordinates": [ -70.63148, -33.49472 ] } },
{ "type": "Feature", "properties": { "Nemonico OC": "SALE", "tipo": "SW", "id_emplazamiento": 1312901, "nombre_emplazamiento": "SALESIANOS", "id_nodo": 1288, "nombre_nodo": "OLT-SALE03", "Longitud": -70.63148, "Latitud": -33.49472, "title_nodo": "SALE_OLT_3" }, "geometry": { "type": "Point", "coordinates": [ -70.63148, -33.49472 ] } },
{ "type": "Feature", "properties": { "Nemonico OC": "SALE", "tipo": "SW", "id_emplazamiento": 1312901, "nombre_emplazamiento": "SALESIANOS", "id_nodo": 1824, "nombre_nodo": "OLT-SALE04", "Longitud": -70.63148, "Latitud": -33.49472, "title_nodo": "SALE_OLT_4" }, "geometry": { "type": "Point", "coordinates": [ -70.63148, -33.49472 ] } },
{ "type": "Feature", "properties": { "Nemonico OC": "SALE", "tipo": "SW", "id_emplazamiento": 1312901, "nombre_emplazamiento": "SALESIANOS", "id_nodo": 912, "nombre_nodo": "SALE01-SW9303", "Longitud": -70.63148, "Latitud": -33.49472, "title_nodo": "SW93SALE01" }, "geometry": { "type": "Point", "coordinates": [ -70.63148, -33.49472 ] } },
{ "type": "Feature", "properties": { "Nemonico OC": "SALE", "tipo": "SW", "id_emplazamiento": 1312901, "nombre_emplazamiento": "SALESIANOS", "id_nodo": 705, "nombre_nodo": "SALE02-SW9303", "Longitud": -70.63148, "Latitud": -33.49472, "title_nodo": "SW93SALE02" }, "geometry": { "type": "Point", "coordinates": [ -70.63148, -33.49472 ] } },
{ "type": "Feature", "properties": { "Nemonico OC": "LPIT", "tipo": "SW", "id_emplazamiento": 1311202, "nombre_emplazamiento": "LA PINTANA", "id_nodo": 451, "nombre_nodo": "LPNA01-SW40E", "Longitud": -70.63191, "Latitud": -33.58298, "title_nodo": "SW40LPNA01" }, "geometry": { "type": "Point", "coordinates": [ -70.63191, -33.58298 ] } },
{ "type": "Feature", "properties": { "Nemonico OC": "LPIT", "tipo": "SW", "id_emplazamiento": 1311202, "nombre_emplazamiento": "LA PINTANA", "id_nodo": 778, "nombre_nodo": "LPNA01-SW9303", "Longitud": -70.63191, "Latitud": -33.58298, "title_nodo": "SW93LPNA01" }, "geometry": { "type": "Point", "coordinates": [ -70.63191, -33.58298 ] } },
{ "type": "Feature", "properties": { "Nemonico OC": "LPIT", "tipo": "PE", "id_emplazamiento": 1311202, "nombre_emplazamiento": "LA PINTANA", "id_nodo": 350, "nombre_nodo": "LA PINTANA - PE96LPNA01 HL5 solo L2", "Longitud": -70.63191, "Latitud": -33.58298, "title_nodo": null }, "geometry": { "type": "Point", "coordinates": [ -70.63191, -33.58298 ] } },
{ "type": "Feature", "properties": { "Nemonico OC": "SRAM", "tipo": "SW", "id_emplazamiento": 1313101, "nombre_emplazamiento": "SAN RAMON", "id_nodo": 1185, "nombre_nodo": "SRAM01-PE40", "Longitud": -70.63236, "Latitud": -33.55447, "title_nodo": "PE40SRAM01" }, "geometry": { "type": "Point", "coordinates": [ -70.63236, -33.55447 ] } },
{ "type": "Feature", "properties": { "Nemonico OC": "SRAM", "tipo": "SW", "id_emplazamiento": 1313101, "nombre_emplazamiento": "SAN RAMON", "id_nodo": 695, "nombre_nodo": "SRAM01-SW9303", "Longitud": -70.63236, "Latitud": -33.55447, "title_nodo": "SW93SRAM01" }, "geometry": { "type": "Point", "coordinates": [ -70.63236, -33.55447 ] } },
{ "type": "Feature", "properties": { "Nemonico OC": "SRAM", "tipo": "SW", "id_emplazamiento": 1313101, "nombre_emplazamiento": "SAN RAMON", "id_nodo": 904, "nombre_nodo": "SRAM02-SW9303", "Longitud": -70.63236, "Latitud": -33.55447, "title_nodo": "SW93SRAM02" }, "geometry": { "type": "Point", "coordinates": [ -70.63236, -33.55447 ] } },
{ "type": "Feature", "properties": { "Nemonico OC": "SROS", "tipo": "SW", "id_emplazamiento": 1313002, "nombre_emplazamiento": "SANTA ROSA (SANTIAGO)", "id_nodo": 1234, "nombre_nodo": "SROS01-PE40", "Longitud": -70.6395, "Latitud": -33.51624, "title_nodo": "PE40SROS01" }, "geometry": { "type": "Point", "coordinates": [ -70.6395, -33.51624 ] } },
{ "type": "Feature", "properties": { "Nemonico OC": "SROS", "tipo": "SW", "id_emplazamiento": 1313002, "nombre_emplazamiento": "SANTA ROSA (SANTIAGO)", "id_nodo": 973, "nombre_nodo": "SROS02-PE40", "Longitud": -70.6395, "Latitud": -33.51624, "title_nodo": "PE40SROS02" }, "geometry": { "type": "Point", "coordinates": [ -70.6395, -33.51624 ] } },
{ "type": "Feature", "properties": { "Nemonico OC": "SROS", "tipo": "SW", "id_emplazamiento": 1313002, "nombre_emplazamiento": "SANTA ROSA (SANTIAGO)", "id_nodo": 1033, "nombre_nodo": "SROS03-PE40", "Longitud": -70.6395, "Latitud": -33.51624, "title_nodo": "PE40SROS03" }, "geometry": { "type": "Point", "coordinates": [ -70.6395, -33.51624 ] } },
{ "type": "Feature", "properties": { "Nemonico OC": "SROS", "tipo": "SW", "id_emplazamiento": 1313002, "nombre_emplazamiento": "SANTA ROSA (SANTIAGO)", "id_nodo": 1532, "nombre_nodo": "SROS04-PE40-L", "Longitud": -70.6395, "Latitud": -33.51624, "title_nodo": "PE40SROS04-L" }, "geometry": { "type": "Point", "coordinates": [ -70.6395, -33.51624 ] } },
{ "type": "Feature", "properties": { "Nemonico OC": "SROS", "tipo": "SW", "id_emplazamiento": 1313002, "nombre_emplazamiento": "SANTA ROSA (SANTIAGO)", "id_nodo": 1218, "nombre_nodo": "OLT-SROS-1", "Longitud": -70.6395, "Latitud": -33.51624, "title_nodo": "SROS_OLT_1" }, "geometry": { "type": "Point", "coordinates": [ -70.6395, -33.51624 ] } },
{ "type": "Feature", "properties": { "Nemonico OC": "SROS", "tipo": "SW", "id_emplazamiento": 1313002, "nombre_emplazamiento": "SANTA ROSA (SANTIAGO)", "id_nodo": 1362, "nombre_nodo": "OLT-SROS-2", "Longitud": -70.6395, "Latitud": -33.51624, "title_nodo": "SROS_OLT_2" }, "geometry": { "type": "Point", "coordinates": [ -70.6395, -33.51624 ] } },
{ "type": "Feature", "properties": { "Nemonico OC": "SROS", "tipo": "SW", "id_emplazamiento": 1313002, "nombre_emplazamiento": "SANTA ROSA (SANTIAGO)", "id_nodo": 1758, "nombre_nodo": "OLT-SROS-3", "Longitud": -70.6395, "Latitud": -33.51624, "title_nodo": "SROS_OLT_3" }, "geometry": { "type": "Point", "coordinates": [ -70.6395, -33.51624 ] } },
{ "type": "Feature", "properties": { "Nemonico OC": "SROS", "tipo": "SW", "id_emplazamiento": 1313002, "nombre_emplazamiento": "SANTA ROSA (SANTIAGO)", "id_nodo": 694, "nombre_nodo": "SROS02-SW9303", "Longitud": -70.6395, "Latitud": -33.51624, "title_nodo": "SW93SROS02" }, "geometry": { "type": "Point", "coordinates": [ -70.6395, -33.51624 ] } },
{ "type": "Feature", "properties": { "Nemonico OC": "SROS", "tipo": "PE", "id_emplazamiento": 1313002, "nombre_emplazamiento": "SANTA ROSA (SANTIAGO)", "id_nodo": 508, "nombre_nodo": "SANTA ROSA (STGO) - PE8000SROS01", "Longitud": -70.6395, "Latitud": -33.51624, "title_nodo": null }, "geometry": { "type": "Point", "coordinates": [ -70.6395, -33.51624 ] } },
{ "type": "Feature", "properties": { "Nemonico OC": "ESAL", "tipo": "SW", "id_emplazamiento": 1312702, "nombre_emplazamiento": "EL SALTO", "id_nodo": 1237, "nombre_nodo": "OLT-ESAL01", "Longitud": -70.64401, "Latitud": -33.40591, "title_nodo": "ESAL_OLT_1" }, "geometry": { "type": "Point", "coordinates": [ -70.64401, -33.40591 ] } },
{ "type": "Feature", "properties": { "Nemonico OC": "ESAL", "tipo": "SW", "id_emplazamiento": 1312702, "nombre_emplazamiento": "EL SALTO", "id_nodo": 1341, "nombre_nodo": "OLT-ESAL03", "Longitud": -70.64401, "Latitud": -33.40591, "title_nodo": "ESAL_OLT_3" }, "geometry": { "type": "Point", "coordinates": [ -70.64401, -33.40591 ] } },
{ "type": "Feature", "properties": { "Nemonico OC": "ESAL", "tipo": "SW", "id_emplazamiento": 1312702, "nombre_emplazamiento": "EL SALTO", "id_nodo": 1816, "nombre_nodo": "OLT-ESAL04", "Longitud": -70.64401, "Latitud": -33.40591, "title_nodo": "ESAL_OLT_4" }, "geometry": { "type": "Point", "coordinates": [ -70.64401, -33.40591 ] } },
{ "type": "Feature", "properties": { "Nemonico OC": "ESAL", "tipo": "SW", "id_emplazamiento": 1312702, "nombre_emplazamiento": "EL SALTO", "id_nodo": 1173, "nombre_nodo": "ESAL01-PE40", "Longitud": -70.64401, "Latitud": -33.40591, "title_nodo": "PE40ESAL01" }, "geometry": { "type": "Point", "coordinates": [ -70.64401, -33.40591 ] } },
{ "type": "Feature", "properties": { "Nemonico OC": "ESAL", "tipo": "SW", "id_emplazamiento": 1312702, "nombre_emplazamiento": "EL SALTO", "id_nodo": 196, "nombre_nodo": "ESAL01-SW3750", "Longitud": -70.64401, "Latitud": -33.40591, "title_nodo": "SW37ESAL01" }, "geometry": { "type": "Point", "coordinates": [ -70.64401, -33.40591 ] } },
{ "type": "Feature", "properties": { "Nemonico OC": "ESAL", "tipo": "SW", "id_emplazamiento": 1312702, "nombre_emplazamiento": "EL SALTO", "id_nodo": 263, "nombre_nodo": "ESAL01-SW6524", "Longitud": -70.64401, "Latitud": -33.40591, "title_nodo": "SW65ESAL01" }, "geometry": { "type": "Point", "coordinates": [ -70.64401, -33.40591 ] } },
{ "type": "Feature", "properties": { "Nemonico OC": "ESAL", "tipo": "SW", "id_emplazamiento": 1312702, "nombre_emplazamiento": "EL SALTO", "id_nodo": 669, "nombre_nodo": "ESAL01-SW9303", "Longitud": -70.64401, "Latitud": -33.40591, "title_nodo": "SW93ESAL01" }, "geometry": { "type": "Point", "coordinates": [ -70.64401, -33.40591 ] } },
{ "type": "Feature", "properties": { "Nemonico OC": "ESAL", "tipo": "SW", "id_emplazamiento": 1312702, "nombre_emplazamiento": "EL SALTO", "id_nodo": 887, "nombre_nodo": "ESAL02-SW9303", "Longitud": -70.64401, "Latitud": -33.40591, "title_nodo": "SW93ESAL02" }, "geometry": { "type": "Point", "coordinates": [ -70.64401, -33.40591 ] } },
{ "type": "Feature", "properties": { "Nemonico OC": "CHIL", "tipo": "SW", "id_emplazamiento": 1310104, "nombre_emplazamiento": "CHILOE", "id_nodo": 1323, "nombre_nodo": "OLT-CHIL10", "Longitud": -70.64492, "Latitud": -33.47095, "title_nodo": "CHIL_OLT_10" }, "geometry": { "type": "Point", "coordinates": [ -70.64492, -33.47095 ] } },
{ "type": "Feature", "properties": { "Nemonico OC": "CHIL", "tipo": "SW", "id_emplazamiento": 1310104, "nombre_emplazamiento": "CHILOE", "id_nodo": 1455, "nombre_nodo": "OLT-CHIL15", "Longitud": -70.64492, "Latitud": -33.47095, "title_nodo": "CHIL_OLT_15" }, "geometry": { "type": "Point", "coordinates": [ -70.64492, -33.47095 ] } },
{ "type": "Feature", "properties": { "Nemonico OC": "CHIL", "tipo": "SW", "id_emplazamiento": 1310104, "nombre_emplazamiento": "CHILOE", "id_nodo": 1615, "nombre_nodo": "OLT-CHIL16", "Longitud": -70.64492, "Latitud": -33.47095, "title_nodo": "CHIL_OLT_16" }, "geometry": { "type": "Point", "coordinates": [ -70.64492, -33.47095 ] } },
{ "type": "Feature", "properties": { "Nemonico OC": "CHIL", "tipo": "SW", "id_emplazamiento": 1310104, "nombre_emplazamiento": "CHILOE", "id_nodo": 1321, "nombre_nodo": "OLT-CHIL18", "Longitud": -70.64492, "Latitud": -33.47095, "title_nodo": "CHIL_OLT_18" }, "geometry": { "type": "Point", "coordinates": [ -70.64492, -33.47095 ] } },
{ "type": "Feature", "properties": { "Nemonico OC": "CHIL", "tipo": "SW", "id_emplazamiento": 1310104, "nombre_emplazamiento": "CHILOE", "id_nodo": 1493, "nombre_nodo": "OLT-CHIL20", "Longitud": -70.64492, "Latitud": -33.47095, "title_nodo": "CHIL_OLT_20" }, "geometry": { "type": "Point", "coordinates": [ -70.64492, -33.47095 ] } },
{ "type": "Feature", "properties": { "Nemonico OC": "CHIL", "tipo": "SW", "id_emplazamiento": 1310104, "nombre_emplazamiento": "CHILOE", "id_nodo": 1757, "nombre_nodo": "OLT-CHIL21", "Longitud": -70.64492, "Latitud": -33.47095, "title_nodo": "CHIL_OLT_21" }, "geometry": { "type": "Point", "coordinates": [ -70.64492, -33.47095 ] } },
{ "type": "Feature", "properties": { "Nemonico OC": "CHIL", "tipo": "SW", "id_emplazamiento": 1310104, "nombre_emplazamiento": "CHILOE", "id_nodo": 1781, "nombre_nodo": "OLT-CHIL22", "Longitud": -70.64492, "Latitud": -33.47095, "title_nodo": "CHIL_OLT_22" }, "geometry": { "type": "Point", "coordinates": [ -70.64492, -33.47095 ] } },
{ "type": "Feature", "properties": { "Nemonico OC": "CHIL", "tipo": "SW", "id_emplazamiento": 1310104, "nombre_emplazamiento": "CHILOE", "id_nodo": 1252, "nombre_nodo": "OLT-CHIL05", "Longitud": -70.64492, "Latitud": -33.47095, "title_nodo": "CHIL_OLT_5" }, "geometry": { "type": "Point", "coordinates": [ -70.64492, -33.47095 ] } },
{ "type": "Feature", "properties": { "Nemonico OC": "CHIL", "tipo": "SW", "id_emplazamiento": 1310104, "nombre_emplazamiento": "CHILOE", "id_nodo": 1106, "nombre_nodo": "OLT-CHIL07", "Longitud": -70.64492, "Latitud": -33.47095, "title_nodo": "CHIL_OLT_7" }, "geometry": { "type": "Point", "coordinates": [ -70.64492, -33.47095 ] } },
{ "type": "Feature", "properties": { "Nemonico OC": "CHIL", "tipo": "SW", "id_emplazamiento": 1310104, "nombre_emplazamiento": "CHILOE", "id_nodo": 1287, "nombre_nodo": "OLT-CHIL08", "Longitud": -70.64492, "Latitud": -33.47095, "title_nodo": "CHIL_OLT_8" }, "geometry": { "type": "Point", "coordinates": [ -70.64492, -33.47095 ] } },
{ "type": "Feature", "properties": { "Nemonico OC": "CHIL", "tipo": "SW", "id_emplazamiento": 1310104, "nombre_emplazamiento": "CHILOE", "id_nodo": 1303, "nombre_nodo": "OLT-CHIL09", "Longitud": -70.64492, "Latitud": -33.47095, "title_nodo": "CHIL_OLT_9" }, "geometry": { "type": "Point", "coordinates": [ -70.64492, -33.47095 ] } },
{ "type": "Feature", "properties": { "Nemonico OC": "CHIL", "tipo": "SW", "id_emplazamiento": 1310104, "nombre_emplazamiento": "CHILOE", "id_nodo": 1180, "nombre_nodo": "CHIO01-PE40", "Longitud": -70.64492, "Latitud": -33.47095, "title_nodo": "PE40CHIO01" }, "geometry": { "type": "Point", "coordinates": [ -70.64492, -33.47095 ] } },
{ "type": "Feature", "properties": { "Nemonico OC": "CHIL", "tipo": "SW", "id_emplazamiento": 1310104, "nombre_emplazamiento": "CHILOE", "id_nodo": 1257, "nombre_nodo": "CHIO02-PE40", "Longitud": -70.64492, "Latitud": -33.47095, "title_nodo": "PE40CHIO02" }, "geometry": { "type": "Point", "coordinates": [ -70.64492, -33.47095 ] } },
{ "type": "Feature", "properties": { "Nemonico OC": "CHIL", "tipo": "SW", "id_emplazamiento": 1310104, "nombre_emplazamiento": "CHILOE", "id_nodo": 1463, "nombre_nodo": "CHIO03-PE40-L", "Longitud": -70.64492, "Latitud": -33.47095, "title_nodo": "PE40CHIO03-L" }, "geometry": { "type": "Point", "coordinates": [ -70.64492, -33.47095 ] } },
{ "type": "Feature", "properties": { "Nemonico OC": "CHIL", "tipo": "SW", "id_emplazamiento": 1310104, "nombre_emplazamiento": "CHILOE", "id_nodo": 383, "nombre_nodo": "CHIO01-SW7609", "Longitud": -70.64492, "Latitud": -33.47095, "title_nodo": "SW76CHIO01" }, "geometry": { "type": "Point", "coordinates": [ -70.64492, -33.47095 ] } },
{ "type": "Feature", "properties": { "Nemonico OC": "CHIL", "tipo": "SW", "id_emplazamiento": 1310104, "nombre_emplazamiento": "CHILOE", "id_nodo": 639, "nombre_nodo": "CHIO01-SW9303", "Longitud": -70.64492, "Latitud": -33.47095, "title_nodo": "SW93CHIO01" }, "geometry": { "type": "Point", "coordinates": [ -70.64492, -33.47095 ] } },
{ "type": "Feature", "properties": { "Nemonico OC": "CHIL", "tipo": "SW", "id_emplazamiento": 1310104, "nombre_emplazamiento": "CHILOE", "id_nodo": 794, "nombre_nodo": "CHIO02-SW9303", "Longitud": -70.64492, "Latitud": -33.47095, "title_nodo": "SW93CHIO02" }, "geometry": { "type": "Point", "coordinates": [ -70.64492, -33.47095 ] } },
{ "type": "Feature", "properties": { "Nemonico OC": "CHIL", "tipo": "SW", "id_emplazamiento": 1310104, "nombre_emplazamiento": "CHILOE", "id_nodo": 979, "nombre_nodo": "CHIO03-SW9303", "Longitud": -70.64492, "Latitud": -33.47095, "title_nodo": "SW93CHIO03" }, "geometry": { "type": "Point", "coordinates": [ -70.64492, -33.47095 ] } },
{ "type": "Feature", "properties": { "Nemonico OC": "CHIL", "tipo": "SW", "id_emplazamiento": 1310104, "nombre_emplazamiento": "CHILOE", "id_nodo": 564, "nombre_nodo": "DW93-CHIO01", "Longitud": -70.64492, "Latitud": -33.47095, "title_nodo": "SW93DCHI01" }, "geometry": { "type": "Point", "coordinates": [ -70.64492, -33.47095 ] } },
{ "type": "Feature", "properties": { "Nemonico OC": "CHIL", "tipo": "PE", "id_emplazamiento": 1310104, "nombre_emplazamiento": "CHILOE", "id_nodo": 120, "nombre_nodo": "CHILOE - PE06CHIO02 (ELIMINADO)", "Longitud": -70.64492, "Latitud": -33.47095, "title_nodo": null }, "geometry": { "type": "Point", "coordinates": [ -70.64492, -33.47095 ] } },
{ "type": "Feature", "properties": { "Nemonico OC": "CHIL", "tipo": "PE", "id_emplazamiento": 1310104, "nombre_emplazamiento": "CHILOE", "id_nodo": 240, "nombre_nodo": "CHILOE - PE120CHIO01", "Longitud": -70.64492, "Latitud": -33.47095, "title_nodo": null }, "geometry": { "type": "Point", "coordinates": [ -70.64492, -33.47095 ] } },
{ "type": "Feature", "properties": { "Nemonico OC": "CHIL", "tipo": "PE", "id_emplazamiento": 1310104, "nombre_emplazamiento": "CHILOE", "id_nodo": 302, "nombre_nodo": "CHILOE - PE480CHIO01", "Longitud": -70.64492, "Latitud": -33.47095, "title_nodo": null }, "geometry": { "type": "Point", "coordinates": [ -70.64492, -33.47095 ] } },
{ "type": "Feature", "properties": { "Nemonico OC": "CHIL", "tipo": "PE", "id_emplazamiento": 1310104, "nombre_emplazamiento": "CHILOE", "id_nodo": 76, "nombre_nodo": "CHILOE - PE76CHIO01", "Longitud": -70.64492, "Latitud": -33.47095, "title_nodo": null }, "geometry": { "type": "Point", "coordinates": [ -70.64492, -33.47095 ] } },
{ "type": "Feature", "properties": { "Nemonico OC": "CHIL", "tipo": "PE", "id_emplazamiento": 1310104, "nombre_emplazamiento": "CHILOE", "id_nodo": 256, "nombre_nodo": "CHILOE - PE76QCHI01", "Longitud": -70.64492, "Latitud": -33.47095, "title_nodo": null }, "geometry": { "type": "Point", "coordinates": [ -70.64492, -33.47095 ] } },
{ "type": "Feature", "properties": { "Nemonico OC": "CHIL", "tipo": "PE", "id_emplazamiento": 1310104, "nombre_emplazamiento": "CHILOE", "id_nodo": 188, "nombre_nodo": "CHILOE - PE96CHIO01", "Longitud": -70.64492, "Latitud": -33.47095, "title_nodo": null }, "geometry": { "type": "Point", "coordinates": [ -70.64492, -33.47095 ] } },
{ "type": "Feature", "properties": { "Nemonico OC": "CHIL", "tipo": "PE", "id_emplazamiento": 1310104, "nombre_emplazamiento": "CHILOE", "id_nodo": 503, "nombre_nodo": "CHILOE - PE96CHIO02-L HL4 (CLI DIR)", "Longitud": -70.64492, "Latitud": -33.47095, "title_nodo": null }, "geometry": { "type": "Point", "coordinates": [ -70.64492, -33.47095 ] } },
{ "type": "Feature", "properties": { "Nemonico OC": "CHIL", "tipo": "PE", "id_emplazamiento": 1310104, "nombre_emplazamiento": "CHILOE", "id_nodo": 263, "nombre_nodo": "CHILOE - PE96MCHI01 - Mayorista", "Longitud": -70.64492, "Latitud": -33.47095, "title_nodo": null }, "geometry": { "type": "Point", "coordinates": [ -70.64492, -33.47095 ] } },
{ "type": "Feature", "properties": { "Nemonico OC": "CHIL", "tipo": "SW", "id_emplazamiento": 1310104, "nombre_emplazamiento": "CHILOE", "id_nodo": 118, "nombre_nodo": "CHIO69-HUAWEI", "Longitud": -70.64492, "Latitud": -33.47095, "title_nodo": null }, "geometry": { "type": "Point", "coordinates": [ -70.64492, -33.47095 ] } },
{ "type": "Feature", "properties": { "Nemonico OC": "CHIL", "tipo": "SW", "id_emplazamiento": 1310104, "nombre_emplazamiento": "CHILOE", "id_nodo": 221, "nombre_nodo": "CHIO70-HUAWEI", "Longitud": -70.64492, "Latitud": -33.47095, "title_nodo": null }, "geometry": { "type": "Point", "coordinates": [ -70.64492, -33.47095 ] } },
{ "type": "Feature", "properties": { "Nemonico OC": "CHIL", "tipo": "SW", "id_emplazamiento": 1310104, "nombre_emplazamiento": "CHILOE", "id_nodo": 284, "nombre_nodo": "CHIO71-HUAWEI", "Longitud": -70.64492, "Latitud": -33.47095, "title_nodo": null }, "geometry": { "type": "Point", "coordinates": [ -70.64492, -33.47095 ] } },
{ "type": "Feature", "properties": { "Nemonico OC": "CHIL", "tipo": "SW", "id_emplazamiento": 1310104, "nombre_emplazamiento": "CHILOE", "id_nodo": 909, "nombre_nodo": "CHIO72-HUAWEI", "Longitud": -70.64492, "Latitud": -33.47095, "title_nodo": null }, "geometry": { "type": "Point", "coordinates": [ -70.64492, -33.47095 ] } },
{ "type": "Feature", "properties": { "Nemonico OC": "SLUC", "tipo": "SW", "id_emplazamiento": 1310107, "nombre_emplazamiento": "SANTA LUCIA", "id_nodo": 1212, "nombre_nodo": "SLUC01-PE40", "Longitud": -70.64697, "Latitud": -33.43982, "title_nodo": "PE40SLUC01" }, "geometry": { "type": "Point", "coordinates": [ -70.64697, -33.43982 ] } },
{ "type": "Feature", "properties": { "Nemonico OC": "SLUC", "tipo": "SW", "id_emplazamiento": 1310107, "nombre_emplazamiento": "SANTA LUCIA", "id_nodo": 1064, "nombre_nodo": "SLUC02-PE40", "Longitud": -70.64697, "Latitud": -33.43982, "title_nodo": "PE40SLUC02" }, "geometry": { "type": "Point", "coordinates": [ -70.64697, -33.43982 ] } },
{ "type": "Feature", "properties": { "Nemonico OC": "SLUC", "tipo": "SW", "id_emplazamiento": 1310107, "nombre_emplazamiento": "SANTA LUCIA", "id_nodo": 1130, "nombre_nodo": "OLT-SLUC10", "Longitud": -70.64697, "Latitud": -33.43982, "title_nodo": "SLUC_OLT_10" }, "geometry": { "type": "Point", "coordinates": [ -70.64697, -33.43982 ] } },
{ "type": "Feature", "properties": { "Nemonico OC": "SLUC", "tipo": "SW", "id_emplazamiento": 1310107, "nombre_emplazamiento": "SANTA LUCIA", "id_nodo": 1326, "nombre_nodo": "OLT-SLUC11", "Longitud": -70.64697, "Latitud": -33.43982, "title_nodo": "SLUC_OLT_11" }, "geometry": { "type": "Point", "coordinates": [ -70.64697, -33.43982 ] } },
{ "type": "Feature", "properties": { "Nemonico OC": "SLUC", "tipo": "SW", "id_emplazamiento": 1310107, "nombre_emplazamiento": "SANTA LUCIA", "id_nodo": 1491, "nombre_nodo": "OLT-SLUC12", "Longitud": -70.64697, "Latitud": -33.43982, "title_nodo": "SLUC_OLT_12" }, "geometry": { "type": "Point", "coordinates": [ -70.64697, -33.43982 ] } },
{ "type": "Feature", "properties": { "Nemonico OC": "SLUC", "tipo": "SW", "id_emplazamiento": 1310107, "nombre_emplazamiento": "SANTA LUCIA", "id_nodo": 1741, "nombre_nodo": "OLT-SLUC13", "Longitud": -70.64697, "Latitud": -33.43982, "title_nodo": "SLUC_OLT_13" }, "geometry": { "type": "Point", "coordinates": [ -70.64697, -33.43982 ] } },
{ "type": "Feature", "properties": { "Nemonico OC": "SLUC", "tipo": "SW", "id_emplazamiento": 1310107, "nombre_emplazamiento": "SANTA LUCIA", "id_nodo": 1247, "nombre_nodo": "OLT-SLUC05", "Longitud": -70.64697, "Latitud": -33.43982, "title_nodo": "SLUC_OLT_5" }, "geometry": { "type": "Point", "coordinates": [ -70.64697, -33.43982 ] } },
{ "type": "Feature", "properties": { "Nemonico OC": "SLUC", "tipo": "SW", "id_emplazamiento": 1310107, "nombre_emplazamiento": "SANTA LUCIA", "id_nodo": 1655, "nombre_nodo": "OLT-SLUC-7", "Longitud": -70.64697, "Latitud": -33.43982, "title_nodo": "SLUC_OLT_7" }, "geometry": { "type": "Point", "coordinates": [ -70.64697, -33.43982 ] } },
{ "type": "Feature", "properties": { "Nemonico OC": "SLUC", "tipo": "SW", "id_emplazamiento": 1310107, "nombre_emplazamiento": "SANTA LUCIA", "id_nodo": 1158, "nombre_nodo": "OLT-SLUC08", "Longitud": -70.64697, "Latitud": -33.43982, "title_nodo": "SLUC_OLT_8" }, "geometry": { "type": "Point", "coordinates": [ -70.64697, -33.43982 ] } },
{ "type": "Feature", "properties": { "Nemonico OC": "SLUC", "tipo": "SW", "id_emplazamiento": 1310107, "nombre_emplazamiento": "SANTA LUCIA", "id_nodo": 1159, "nombre_nodo": "OLT-SLUC09", "Longitud": -70.64697, "Latitud": -33.43982, "title_nodo": "SLUC_OLT_9" }, "geometry": { "type": "Point", "coordinates": [ -70.64697, -33.43982 ] } },
{ "type": "Feature", "properties": { "Nemonico OC": "SLUC", "tipo": "SW", "id_emplazamiento": 1310107, "nombre_emplazamiento": "SANTA LUCIA", "id_nodo": 62, "nombre_nodo": "SLUC02-SW3624", "Longitud": -70.64697, "Latitud": -33.43982, "title_nodo": "SW36SLUC02" }, "geometry": { "type": "Point", "coordinates": [ -70.64697, -33.43982 ] } },
{ "type": "Feature", "properties": { "Nemonico OC": "SLUC", "tipo": "SW", "id_emplazamiento": 1310107, "nombre_emplazamiento": "SANTA LUCIA", "id_nodo": 413, "nombre_nodo": "DW37-SLUC01", "Longitud": -70.64697, "Latitud": -33.43982, "title_nodo": "SW37DSLU01" }, "geometry": { "type": "Point", "coordinates": [ -70.64697, -33.43982 ] } },
{ "type": "Feature", "properties": { "Nemonico OC": "SLUC", "tipo": "SW", "id_emplazamiento": 1310107, "nombre_emplazamiento": "SANTA LUCIA", "id_nodo": 151, "nombre_nodo": "SLUC02-SW3750", "Longitud": -70.64697, "Latitud": -33.43982, "title_nodo": "SW37SLUC02" }, "geometry": { "type": "Point", "coordinates": [ -70.64697, -33.43982 ] } },
{ "type": "Feature", "properties": { "Nemonico OC": "SLUC", "tipo": "SW", "id_emplazamiento": 1310107, "nombre_emplazamiento": "SANTA LUCIA", "id_nodo": 64, "nombre_nodo": "SLUC01-SW7606", "Longitud": -70.64697, "Latitud": -33.43982, "title_nodo": "SW76SLUC01" }, "geometry": { "type": "Point", "coordinates": [ -70.64697, -33.43982 ] } },
{ "type": "Feature", "properties": { "Nemonico OC": "SLUC", "tipo": "SW", "id_emplazamiento": 1310107, "nombre_emplazamiento": "SANTA LUCIA", "id_nodo": 244, "nombre_nodo": "SLUC02-SW7609", "Longitud": -70.64697, "Latitud": -33.43982, "title_nodo": "SW76SLUC02" }, "geometry": { "type": "Point", "coordinates": [ -70.64697, -33.43982 ] } },
{ "type": "Feature", "properties": { "Nemonico OC": "SLUC", "tipo": "SW", "id_emplazamiento": 1310107, "nombre_emplazamiento": "SANTA LUCIA", "id_nodo": 562, "nombre_nodo": "DW93-SLUC01", "Longitud": -70.64697, "Latitud": -33.43982, "title_nodo": "SW93DSLU01" }, "geometry": { "type": "Point", "coordinates": [ -70.64697, -33.43982 ] } },
{ "type": "Feature", "properties": { "Nemonico OC": "SLUC", "tipo": "SW", "id_emplazamiento": 1310107, "nombre_emplazamiento": "SANTA LUCIA", "id_nodo": 616, "nombre_nodo": "SLUC01-SW9303", "Longitud": -70.64697, "Latitud": -33.43982, "title_nodo": "SW93SLUC01" }, "geometry": { "type": "Point", "coordinates": [ -70.64697, -33.43982 ] } },
{ "type": "Feature", "properties": { "Nemonico OC": "SLUC", "tipo": "SW", "id_emplazamiento": 1310107, "nombre_emplazamiento": "SANTA LUCIA", "id_nodo": 772, "nombre_nodo": "SLUC02-SW9303", "Longitud": -70.64697, "Latitud": -33.43982, "title_nodo": "SW93SLUC02" }, "geometry": { "type": "Point", "coordinates": [ -70.64697, -33.43982 ] } },
{ "type": "Feature", "properties": { "Nemonico OC": "SLUC", "tipo": "SW", "id_emplazamiento": 1310107, "nombre_emplazamiento": "SANTA LUCIA", "id_nodo": 850, "nombre_nodo": "SLUC03-SW9303", "Longitud": -70.64697, "Latitud": -33.43982, "title_nodo": "SW93SLUC03" }, "geometry": { "type": "Point", "coordinates": [ -70.64697, -33.43982 ] } },
{ "type": "Feature", "properties": { "Nemonico OC": "SLUC", "tipo": "SW", "id_emplazamiento": 1310107, "nombre_emplazamiento": "SANTA LUCIA", "id_nodo": 906, "nombre_nodo": "SLUC04-SW9303", "Longitud": -70.64697, "Latitud": -33.43982, "title_nodo": "SW93SLUC04" }, "geometry": { "type": "Point", "coordinates": [ -70.64697, -33.43982 ] } },
{ "type": "Feature", "properties": { "Nemonico OC": "SLUC", "tipo": "SW", "id_emplazamiento": 1310107, "nombre_emplazamiento": "SANTA LUCIA", "id_nodo": 955, "nombre_nodo": "SLUC05-SW9306", "Longitud": -70.64697, "Latitud": -33.43982, "title_nodo": "SW93SLUC05" }, "geometry": { "type": "Point", "coordinates": [ -70.64697, -33.43982 ] } },
{ "type": "Feature", "properties": { "Nemonico OC": "SLUC", "tipo": "PE", "id_emplazamiento": 1310107, "nombre_emplazamiento": "SANTA LUCIA", "id_nodo": 60, "nombre_nodo": "CARRIER - PE04CARR02 - AT&T", "Longitud": -70.64697, "Latitud": -33.43982, "title_nodo": null }, "geometry": { "type": "Point", "coordinates": [ -70.64697, -33.43982 ] } },
{ "type": "Feature", "properties": { "Nemonico OC": "SLUC", "tipo": "PE", "id_emplazamiento": 1310107, "nombre_emplazamiento": "SANTA LUCIA", "id_nodo": 125, "nombre_nodo": "SANTA LUCIA - PE06SLUC01 (Cerrado)", "Longitud": -70.64697, "Latitud": -33.43982, "title_nodo": null }, "geometry": { "type": "Point", "coordinates": [ -70.64697, -33.43982 ] } },
{ "type": "Feature", "properties": { "Nemonico OC": "SLUC", "tipo": "PE", "id_emplazamiento": 1310107, "nombre_emplazamiento": "SANTA LUCIA", "id_nodo": 239, "nombre_nodo": "SANTA LUCIA - PE120SLUC01", "Longitud": -70.64697, "Latitud": -33.43982, "title_nodo": null }, "geometry": { "type": "Point", "coordinates": [ -70.64697, -33.43982 ] } },
{ "type": "Feature", "properties": { "Nemonico OC": "SLUC", "tipo": "PE", "id_emplazamiento": 1310107, "nombre_emplazamiento": "SANTA LUCIA", "id_nodo": 255, "nombre_nodo": "SANTA LUCIA - PE76QSLU01", "Longitud": -70.64697, "Latitud": -33.43982, "title_nodo": null }, "geometry": { "type": "Point", "coordinates": [ -70.64697, -33.43982 ] } },
{ "type": "Feature", "properties": { "Nemonico OC": "SLUC", "tipo": "PE", "id_emplazamiento": 1310107, "nombre_emplazamiento": "SANTA LUCIA", "id_nodo": 86, "nombre_nodo": "SANTA LUCIA - PE76SLUC01", "Longitud": -70.64697, "Latitud": -33.43982, "title_nodo": null }, "geometry": { "type": "Point", "coordinates": [ -70.64697, -33.43982 ] } },
{ "type": "Feature", "properties": { "Nemonico OC": "SLUC", "tipo": "PE", "id_emplazamiento": 1310107, "nombre_emplazamiento": "SANTA LUCIA", "id_nodo": 426, "nombre_nodo": "SANTA LUCIA - PE96SLUC01-L HL4 (CLI DIR)", "Longitud": -70.64697, "Latitud": -33.43982, "title_nodo": null }, "geometry": { "type": "Point", "coordinates": [ -70.64697, -33.43982 ] } },
{ "type": "Feature", "properties": { "Nemonico OC": "SLUC", "tipo": "SW", "id_emplazamiento": 1310107, "nombre_emplazamiento": "SANTA LUCIA", "id_nodo": 1163, "nombre_nodo": "SLUC69-DWDM", "Longitud": -70.64697, "Latitud": -33.43982, "title_nodo": null }, "geometry": { "type": "Point", "coordinates": [ -70.64697, -33.43982 ] } },
{ "type": "Feature", "properties": { "Nemonico OC": "LPIN", "tipo": "SW", "id_emplazamiento": 1312701, "nombre_emplazamiento": "LA PINCOYA", "id_nodo": 1121, "nombre_nodo": "OLT-LPIN01", "Longitud": -70.64761, "Latitud": -33.38417, "title_nodo": "LPIN_OLT_1" }, "geometry": { "type": "Point", "coordinates": [ -70.64761, -33.38417 ] } },
{ "type": "Feature", "properties": { "Nemonico OC": "LPIN", "tipo": "SW", "id_emplazamiento": 1312701, "nombre_emplazamiento": "LA PINCOYA", "id_nodo": 1156, "nombre_nodo": "OLT-LPIN03", "Longitud": -70.64761, "Latitud": -33.38417, "title_nodo": "LPIN_OLT_3" }, "geometry": { "type": "Point", "coordinates": [ -70.64761, -33.38417 ] } },
{ "type": "Feature", "properties": { "Nemonico OC": "LPIN", "tipo": "SW", "id_emplazamiento": 1312701, "nombre_emplazamiento": "LA PINCOYA", "id_nodo": 1759, "nombre_nodo": "OLT-LPIN04", "Longitud": -70.64761, "Latitud": -33.38417, "title_nodo": "LPIN_OLT_4" }, "geometry": { "type": "Point", "coordinates": [ -70.64761, -33.38417 ] } },
{ "type": "Feature", "properties": { "Nemonico OC": "LPIN", "tipo": "SW", "id_emplazamiento": 1312701, "nombre_emplazamiento": "LA PINCOYA", "id_nodo": 437, "nombre_nodo": "LPYA01-SW40E", "Longitud": -70.64761, "Latitud": -33.38417, "title_nodo": "SW40LPYA01" }, "geometry": { "type": "Point", "coordinates": [ -70.64761, -33.38417 ] } },
{ "type": "Feature", "properties": { "Nemonico OC": "LPIN", "tipo": "PE", "id_emplazamiento": 1312701, "nombre_emplazamiento": "LA PINCOYA", "id_nodo": 329, "nombre_nodo": "LA PINCOYA - PE96LPYA01 HL4 (CLI DIR)", "Longitud": -70.64761, "Latitud": -33.38417, "title_nodo": null }, "geometry": { "type": "Point", "coordinates": [ -70.64761, -33.38417 ] } },
{ "type": "Feature", "properties": { "Nemonico OC": "HUEC", "tipo": "SW", "id_emplazamiento": 1310701, "nombre_emplazamiento": "HUECHURABA", "id_nodo": 1176, "nombre_nodo": "HUEC01-PE40", "Longitud": -70.65206, "Latitud": -33.37086, "title_nodo": "PE40HUEC01" }, "geometry": { "type": "Point", "coordinates": [ -70.65206, -33.37086 ] } },
{ "type": "Feature", "properties": { "Nemonico OC": "HUEC", "tipo": "SW", "id_emplazamiento": 1310701, "nombre_emplazamiento": "HUECHURABA", "id_nodo": 82, "nombre_nodo": "HUEC01-SW3550", "Longitud": -70.65206, "Latitud": -33.37086, "title_nodo": "SW35HUEC01" }, "geometry": { "type": "Point", "coordinates": [ -70.65206, -33.37086 ] } },
{ "type": "Feature", "properties": { "Nemonico OC": "HUEC", "tipo": "SW", "id_emplazamiento": 1310701, "nombre_emplazamiento": "HUECHURABA", "id_nodo": 362, "nombre_nodo": "HUEC01-SW6524", "Longitud": -70.65206, "Latitud": -33.37086, "title_nodo": "SW65HUEC01" }, "geometry": { "type": "Point", "coordinates": [ -70.65206, -33.37086 ] } },
{ "type": "Feature", "properties": { "Nemonico OC": "HUEC", "tipo": "SW", "id_emplazamiento": 1310701, "nombre_emplazamiento": "HUECHURABA", "id_nodo": 789, "nombre_nodo": "HUEC01-SW9303", "Longitud": -70.65206, "Latitud": -33.37086, "title_nodo": "SW93HUEC01" }, "geometry": { "type": "Point", "coordinates": [ -70.65206, -33.37086 ] } },
{ "type": "Feature", "properties": { "Nemonico OC": "INDE", "tipo": "SW", "id_emplazamiento": 1310801, "nombre_emplazamiento": "INDEPENDENCIA (SANTIAGO)", "id_nodo": 1549, "nombre_nodo": "OLT-INDE-2", "Longitud": -70.65311, "Latitud": -33.4214, "title_nodo": "INDE_OLT_2" }, "geometry": { "type": "Point", "coordinates": [ -70.65311, -33.4214 ] } },
{ "type": "Feature", "properties": { "Nemonico OC": "INDE", "tipo": "SW", "id_emplazamiento": 1310801, "nombre_emplazamiento": "INDEPENDENCIA (SANTIAGO)", "id_nodo": 1392, "nombre_nodo": "OLT-INDE-3", "Longitud": -70.65311, "Latitud": -33.4214, "title_nodo": "INDE_OLT_3" }, "geometry": { "type": "Point", "coordinates": [ -70.65311, -33.4214 ] } },
{ "type": "Feature", "properties": { "Nemonico OC": "INDE", "tipo": "SW", "id_emplazamiento": 1310801, "nombre_emplazamiento": "INDEPENDENCIA (SANTIAGO)", "id_nodo": 1391, "nombre_nodo": "OLT-INDE-5", "Longitud": -70.65311, "Latitud": -33.4214, "title_nodo": "INDE_OLT_5" }, "geometry": { "type": "Point", "coordinates": [ -70.65311, -33.4214 ] } },
{ "type": "Feature", "properties": { "Nemonico OC": "INDE", "tipo": "SW", "id_emplazamiento": 1310801, "nombre_emplazamiento": "INDEPENDENCIA (SANTIAGO)", "id_nodo": 1763, "nombre_nodo": "OLT-INDE-6", "Longitud": -70.65311, "Latitud": -33.4214, "title_nodo": "INDE_OLT_6" }, "geometry": { "type": "Point", "coordinates": [ -70.65311, -33.4214 ] } },
{ "type": "Feature", "properties": { "Nemonico OC": "INDE", "tipo": "SW", "id_emplazamiento": 1310801, "nombre_emplazamiento": "INDEPENDENCIA (SANTIAGO)", "id_nodo": 1126, "nombre_nodo": "OLT-INDE-7", "Longitud": -70.65311, "Latitud": -33.4214, "title_nodo": "INDE_OLT_7" }, "geometry": { "type": "Point", "coordinates": [ -70.65311, -33.4214 ] } },
{ "type": "Feature", "properties": { "Nemonico OC": "INDE", "tipo": "SW", "id_emplazamiento": 1310801, "nombre_emplazamiento": "INDEPENDENCIA (SANTIAGO)", "id_nodo": 1100, "nombre_nodo": "OLT-INDE-8", "Longitud": -70.65311, "Latitud": -33.4214, "title_nodo": "INDE_OLT_8" }, "geometry": { "type": "Point", "coordinates": [ -70.65311, -33.4214 ] } },
{ "type": "Feature", "properties": { "Nemonico OC": "INDE", "tipo": "SW", "id_emplazamiento": 1310801, "nombre_emplazamiento": "INDEPENDENCIA (SANTIAGO)", "id_nodo": 1756, "nombre_nodo": "OLT-INDE-9", "Longitud": -70.65311, "Latitud": -33.4214, "title_nodo": "INDE_OLT_9" }, "geometry": { "type": "Point", "coordinates": [ -70.65311, -33.4214 ] } },
{ "type": "Feature", "properties": { "Nemonico OC": "INDE", "tipo": "SW", "id_emplazamiento": 1310801, "nombre_emplazamiento": "INDEPENDENCIA (SANTIAGO)", "id_nodo": 1167, "nombre_nodo": "INDE01-PE40", "Longitud": -70.65311, "Latitud": -33.4214, "title_nodo": "PE40INDE01" }, "geometry": { "type": "Point", "coordinates": [ -70.65311, -33.4214 ] } },
{ "type": "Feature", "properties": { "Nemonico OC": "INDE", "tipo": "SW", "id_emplazamiento": 1310801, "nombre_emplazamiento": "INDEPENDENCIA (SANTIAGO)", "id_nodo": 1019, "nombre_nodo": "INDE02-PE40", "Longitud": -70.65311, "Latitud": -33.4214, "title_nodo": "PE40INDE02" }, "geometry": { "type": "Point", "coordinates": [ -70.65311, -33.4214 ] } },
{ "type": "Feature", "properties": { "Nemonico OC": "INDE", "tipo": "SW", "id_emplazamiento": 1310801, "nombre_emplazamiento": "INDEPENDENCIA (SANTIAGO)", "id_nodo": 20, "nombre_nodo": "INDE02-SW3624", "Longitud": -70.65311, "Latitud": -33.4214, "title_nodo": "SW36INDE02" }, "geometry": { "type": "Point", "coordinates": [ -70.65311, -33.4214 ] } },
{ "type": "Feature", "properties": { "Nemonico OC": "INDE", "tipo": "SW", "id_emplazamiento": 1310801, "nombre_emplazamiento": "INDEPENDENCIA (SANTIAGO)", "id_nodo": 434, "nombre_nodo": "DW37-INDE01", "Longitud": -70.65311, "Latitud": -33.4214, "title_nodo": "SW37DIND01" }, "geometry": { "type": "Point", "coordinates": [ -70.65311, -33.4214 ] } },
{ "type": "Feature", "properties": { "Nemonico OC": "INDE", "tipo": "SW", "id_emplazamiento": 1310801, "nombre_emplazamiento": "INDEPENDENCIA (SANTIAGO)", "id_nodo": 213, "nombre_nodo": "INDE02-SW3750", "Longitud": -70.65311, "Latitud": -33.4214, "title_nodo": "SW37INDE02" }, "geometry": { "type": "Point", "coordinates": [ -70.65311, -33.4214 ] } },
{ "type": "Feature", "properties": { "Nemonico OC": "INDE", "tipo": "SW", "id_emplazamiento": 1310801, "nombre_emplazamiento": "INDEPENDENCIA (SANTIAGO)", "id_nodo": 348, "nombre_nodo": "TIND01-SW6524", "Longitud": -70.65311, "Latitud": -33.4214, "title_nodo": "SW65TIND01" }, "geometry": { "type": "Point", "coordinates": [ -70.65311, -33.4214 ] } },
{ "type": "Feature", "properties": { "Nemonico OC": "INDE", "tipo": "SW", "id_emplazamiento": 1310801, "nombre_emplazamiento": "INDEPENDENCIA (SANTIAGO)", "id_nodo": 509, "nombre_nodo": "TIND02-SW6524", "Longitud": -70.65311, "Latitud": -33.4214, "title_nodo": "SW65TIND02" }, "geometry": { "type": "Point", "coordinates": [ -70.65311, -33.4214 ] } },
{ "type": "Feature", "properties": { "Nemonico OC": "INDE", "tipo": "SW", "id_emplazamiento": 1310801, "nombre_emplazamiento": "INDEPENDENCIA (SANTIAGO)", "id_nodo": 246, "nombre_nodo": "INDE01-SW7609", "Longitud": -70.65311, "Latitud": -33.4214, "title_nodo": "SW76INDE01" }, "geometry": { "type": "Point", "coordinates": [ -70.65311, -33.4214 ] } },
{ "type": "Feature", "properties": { "Nemonico OC": "INDE", "tipo": "SW", "id_emplazamiento": 1310801, "nombre_emplazamiento": "INDEPENDENCIA (SANTIAGO)", "id_nodo": 620, "nombre_nodo": "INDE01-SW9303", "Longitud": -70.65311, "Latitud": -33.4214, "title_nodo": "SW93INDE01" }, "geometry": { "type": "Point", "coordinates": [ -70.65311, -33.4214 ] } },
{ "type": "Feature", "properties": { "Nemonico OC": "INDE", "tipo": "SW", "id_emplazamiento": 1310801, "nombre_emplazamiento": "INDEPENDENCIA (SANTIAGO)", "id_nodo": 801, "nombre_nodo": "INDE02-SW9303", "Longitud": -70.65311, "Latitud": -33.4214, "title_nodo": "SW93INDE02" }, "geometry": { "type": "Point", "coordinates": [ -70.65311, -33.4214 ] } },
{ "type": "Feature", "properties": { "Nemonico OC": "INDE", "tipo": "SW", "id_emplazamiento": 1310801, "nombre_emplazamiento": "INDEPENDENCIA (SANTIAGO)", "id_nodo": 869, "nombre_nodo": "INDE03-SW9303", "Longitud": -70.65311, "Latitud": -33.4214, "title_nodo": "SW93INDE03" }, "geometry": { "type": "Point", "coordinates": [ -70.65311, -33.4214 ] } },
{ "type": "Feature", "properties": { "Nemonico OC": "INDE", "tipo": "SW", "id_emplazamiento": 1310801, "nombre_emplazamiento": "INDEPENDENCIA (SANTIAGO)", "id_nodo": 958, "nombre_nodo": "INDE04-SW9306", "Longitud": -70.65311, "Latitud": -33.4214, "title_nodo": "SW93INDE04" }, "geometry": { "type": "Point", "coordinates": [ -70.65311, -33.4214 ] } },
{ "type": "Feature", "properties": { "Nemonico OC": "INDE", "tipo": "PE", "id_emplazamiento": 1310801, "nombre_emplazamiento": "INDEPENDENCIA (SANTIAGO)", "id_nodo": 245, "nombre_nodo": "INDEPENDENCIA - NB76INDE01", "Longitud": -70.65311, "Latitud": -33.4214, "title_nodo": null }, "geometry": { "type": "Point", "coordinates": [ -70.65311, -33.4214 ] } },
{ "type": "Feature", "properties": { "Nemonico OC": "INDE", "tipo": "PE", "id_emplazamiento": 1310801, "nombre_emplazamiento": "INDEPENDENCIA (SANTIAGO)", "id_nodo": 119, "nombre_nodo": "INDEPENDENCIA - PE06INDE02 (Cerrado)", "Longitud": -70.65311, "Latitud": -33.4214, "title_nodo": null }, "geometry": { "type": "Point", "coordinates": [ -70.65311, -33.4214 ] } },
{ "type": "Feature", "properties": { "Nemonico OC": "INDE", "tipo": "PE", "id_emplazamiento": 1310801, "nombre_emplazamiento": "INDEPENDENCIA (SANTIAGO)", "id_nodo": 237, "nombre_nodo": "INDEPENDENCIA - PE120INDE01", "Longitud": -70.65311, "Latitud": -33.4214, "title_nodo": null }, "geometry": { "type": "Point", "coordinates": [ -70.65311, -33.4214 ] } },
{ "type": "Feature", "properties": { "Nemonico OC": "INDE", "tipo": "PE", "id_emplazamiento": 1310801, "nombre_emplazamiento": "INDEPENDENCIA (SANTIAGO)", "id_nodo": 258, "nombre_nodo": "INDEPENDENCIA - PE480INDE01", "Longitud": -70.65311, "Latitud": -33.4214, "title_nodo": null }, "geometry": { "type": "Point", "coordinates": [ -70.65311, -33.4214 ] } },
{ "type": "Feature", "properties": { "Nemonico OC": "INDE", "tipo": "PE", "id_emplazamiento": 1310801, "nombre_emplazamiento": "INDEPENDENCIA (SANTIAGO)", "id_nodo": 315, "nombre_nodo": "INDEPENDENCIA - PE480INDE02", "Longitud": -70.65311, "Latitud": -33.4214, "title_nodo": null }, "geometry": { "type": "Point", "coordinates": [ -70.65311, -33.4214 ] } },
{ "type": "Feature", "properties": { "Nemonico OC": "INDE", "tipo": "PE", "id_emplazamiento": 1310801, "nombre_emplazamiento": "INDEPENDENCIA (SANTIAGO)", "id_nodo": 85, "nombre_nodo": "INDEPENDENCIA - PE76INDE01", "Longitud": -70.65311, "Latitud": -33.4214, "title_nodo": null }, "geometry": { "type": "Point", "coordinates": [ -70.65311, -33.4214 ] } },
{ "type": "Feature", "properties": { "Nemonico OC": "INDE", "tipo": "PE", "id_emplazamiento": 1310801, "nombre_emplazamiento": "INDEPENDENCIA (SANTIAGO)", "id_nodo": 142, "nombre_nodo": "INDEPENDENCIA - PE76INDE02", "Longitud": -70.65311, "Latitud": -33.4214, "title_nodo": null }, "geometry": { "type": "Point", "coordinates": [ -70.65311, -33.4214 ] } },
{ "type": "Feature", "properties": { "Nemonico OC": "INDE", "tipo": "PE", "id_emplazamiento": 1310801, "nombre_emplazamiento": "INDEPENDENCIA (SANTIAGO)", "id_nodo": 148, "nombre_nodo": "INDEPENDENCIA - PE76QIND01", "Longitud": -70.65311, "Latitud": -33.4214, "title_nodo": null }, "geometry": { "type": "Point", "coordinates": [ -70.65311, -33.4214 ] } },
{ "type": "Feature", "properties": { "Nemonico OC": "INDE", "tipo": "PE", "id_emplazamiento": 1310801, "nombre_emplazamiento": "INDEPENDENCIA (SANTIAGO)", "id_nodo": 183, "nombre_nodo": "INDEPENDENCIA - PE96INDE01 (Cerrado)", "Longitud": -70.65311, "Latitud": -33.4214, "title_nodo": null }, "geometry": { "type": "Point", "coordinates": [ -70.65311, -33.4214 ] } },
{ "type": "Feature", "properties": { "Nemonico OC": "INDE", "tipo": "PE", "id_emplazamiento": 1310801, "nombre_emplazamiento": "INDEPENDENCIA (SANTIAGO)", "id_nodo": 225, "nombre_nodo": "INDEPENDENCIA - PE96INDE02", "Longitud": -70.65311, "Latitud": -33.4214, "title_nodo": null }, "geometry": { "type": "Point", "coordinates": [ -70.65311, -33.4214 ] } },
{ "type": "Feature", "properties": { "Nemonico OC": "INDE", "tipo": "PE", "id_emplazamiento": 1310801, "nombre_emplazamiento": "INDEPENDENCIA (SANTIAGO)", "id_nodo": 262, "nombre_nodo": "INDEPENDENCIA - PE96MIND01 - Mayorista", "Longitud": -70.65311, "Latitud": -33.4214, "title_nodo": null }, "geometry": { "type": "Point", "coordinates": [ -70.65311, -33.4214 ] } },
{ "type": "Feature", "properties": { "Nemonico OC": "INDE", "tipo": "PE", "id_emplazamiento": 1310801, "nombre_emplazamiento": "INDEPENDENCIA (SANTIAGO)", "id_nodo": 323, "nombre_nodo": "INDEPENDENCIA - PEM90IND03-4 (IPSEC)", "Longitud": -70.65311, "Latitud": -33.4214, "title_nodo": null }, "geometry": { "type": "Point", "coordinates": [ -70.65311, -33.4214 ] } },
{ "type": "Feature", "properties": { "Nemonico OC": "INDE", "tipo": "SW", "id_emplazamiento": 1310801, "nombre_emplazamiento": "INDEPENDENCIA (SANTIAGO)", "id_nodo": 289, "nombre_nodo": "INDE69-HUAWEI", "Longitud": -70.65311, "Latitud": -33.4214, "title_nodo": null }, "geometry": { "type": "Point", "coordinates": [ -70.65311, -33.4214 ] } },
{ "type": "Feature", "properties": { "Nemonico OC": "INDE", "tipo": "SW", "id_emplazamiento": 1310801, "nombre_emplazamiento": "INDEPENDENCIA (SANTIAGO)", "id_nodo": 327, "nombre_nodo": "INDE70-HUAWEI", "Longitud": -70.65311, "Latitud": -33.4214, "title_nodo": null }, "geometry": { "type": "Point", "coordinates": [ -70.65311, -33.4214 ] } },
{ "type": "Feature", "properties": { "Nemonico OC": "INDE", "tipo": "SW", "id_emplazamiento": 1310801, "nombre_emplazamiento": "INDEPENDENCIA (SANTIAGO)", "id_nodo": 354, "nombre_nodo": "INDE71-SINAPS", "Longitud": -70.65311, "Latitud": -33.4214, "title_nodo": null }, "geometry": { "type": "Point", "coordinates": [ -70.65311, -33.4214 ] } },
{ "type": "Feature", "properties": { "Nemonico OC": "INDE", "tipo": "SW", "id_emplazamiento": 1310801, "nombre_emplazamiento": "INDEPENDENCIA (SANTIAGO)", "id_nodo": 456, "nombre_nodo": "INDE72-HUAWEI", "Longitud": -70.65311, "Latitud": -33.4214, "title_nodo": null }, "geometry": { "type": "Point", "coordinates": [ -70.65311, -33.4214 ] } },
{ "type": "Feature", "properties": { "Nemonico OC": "MCHA", "tipo": "SW", "id_emplazamiento": 610803, "nombre_emplazamiento": "MACHALI", "id_nodo": 854, "nombre_nodo": "MACH01-SW9303", "Longitud": -70.65342, "Latitud": -34.17973, "title_nodo": "SW93MACH01" }, "geometry": { "type": "Point", "coordinates": [ -70.65342, -34.17973 ] } },
{ "type": "Feature", "properties": { "Nemonico OC": "MCHA", "tipo": "PE", "id_emplazamiento": 610803, "nombre_emplazamiento": "MACHALI", "id_nodo": 435, "nombre_nodo": "MACHALI - PE80MACH01-L", "Longitud": -70.65342, "Latitud": -34.17973, "title_nodo": null }, "geometry": { "type": "Point", "coordinates": [ -70.65342, -34.17973 ] } },
{ "type": "Feature", "properties": { "Nemonico OC": "MCHA", "tipo": "SW", "id_emplazamiento": 610803, "nombre_emplazamiento": "MACHALI", "id_nodo": 1528, "nombre_nodo": "ATP-MCHA-1", "Longitud": -70.65342, "Latitud": -34.17973, "title_nodo": null }, "geometry": { "type": "Point", "coordinates": [ -70.65342, -34.17973 ] } },
{ "type": "Feature", "properties": { "Nemonico OC": "PRIN", "tipo": "SW", "id_emplazamiento": 1310106, "nombre_emplazamiento": "PRINCIPAL", "id_nodo": 1037, "nombre_nodo": "PPAL01-PE40", "Longitud": -70.65775, "Latitud": -33.44379, "title_nodo": "PE40PPAL01" }, "geometry": { "type": "Point", "coordinates": [ -70.65775, -33.44379 ] } },
{ "type": "Feature", "properties": { "Nemonico OC": "PRIN", "tipo": "SW", "id_emplazamiento": 1310106, "nombre_emplazamiento": "PRINCIPAL", "id_nodo": 1048, "nombre_nodo": "PPAL02-PE40", "Longitud": -70.65775, "Latitud": -33.44379, "title_nodo": "PE40PPAL02" }, "geometry": { "type": "Point", "coordinates": [ -70.65775, -33.44379 ] } },
{ "type": "Feature", "properties": { "Nemonico OC": "PRIN", "tipo": "SW", "id_emplazamiento": 1310106, "nombre_emplazamiento": "PRINCIPAL", "id_nodo": 1124, "nombre_nodo": "PPAL03-PE40", "Longitud": -70.65775, "Latitud": -33.44379, "title_nodo": "PE40PPAL03" }, "geometry": { "type": "Point", "coordinates": [ -70.65775, -33.44379 ] } },
{ "type": "Feature", "properties": { "Nemonico OC": "PRIN", "tipo": "SW", "id_emplazamiento": 1310106, "nombre_emplazamiento": "PRINCIPAL", "id_nodo": 1125, "nombre_nodo": "PPAL04-PE40", "Longitud": -70.65775, "Latitud": -33.44379, "title_nodo": "PE40PPAL04" }, "geometry": { "type": "Point", "coordinates": [ -70.65775, -33.44379 ] } },
{ "type": "Feature", "properties": { "Nemonico OC": "PRIN", "tipo": "SW", "id_emplazamiento": 1310106, "nombre_emplazamiento": "PRINCIPAL", "id_nodo": 1155, "nombre_nodo": "OLT-PRIN10", "Longitud": -70.65775, "Latitud": -33.44379, "title_nodo": "PRIN_OLT_10" }, "geometry": { "type": "Point", "coordinates": [ -70.65775, -33.44379 ] } },
{ "type": "Feature", "properties": { "Nemonico OC": "PRIN", "tipo": "SW", "id_emplazamiento": 1310106, "nombre_emplazamiento": "PRINCIPAL", "id_nodo": 1703, "nombre_nodo": "OLT-PRIN11", "Longitud": -70.65775, "Latitud": -33.44379, "title_nodo": "PRIN_OLT_11" }, "geometry": { "type": "Point", "coordinates": [ -70.65775, -33.44379 ] } },
{ "type": "Feature", "properties": { "Nemonico OC": "PRIN", "tipo": "SW", "id_emplazamiento": 1310106, "nombre_emplazamiento": "PRINCIPAL", "id_nodo": 1394, "nombre_nodo": "OLT-PRIN13", "Longitud": -70.65775, "Latitud": -33.44379, "title_nodo": "PRIN_OLT_13" }, "geometry": { "type": "Point", "coordinates": [ -70.65775, -33.44379 ] } },
{ "type": "Feature", "properties": { "Nemonico OC": "PRIN", "tipo": "SW", "id_emplazamiento": 1310106, "nombre_emplazamiento": "PRINCIPAL", "id_nodo": 1786, "nombre_nodo": "OLT-PRIN14", "Longitud": -70.65775, "Latitud": -33.44379, "title_nodo": "PRIN_OLT_14" }, "geometry": { "type": "Point", "coordinates": [ -70.65775, -33.44379 ] } },
{ "type": "Feature", "properties": { "Nemonico OC": "PRIN", "tipo": "SW", "id_emplazamiento": 1310106, "nombre_emplazamiento": "PRINCIPAL", "id_nodo": 1304, "nombre_nodo": "OLT-PRIN03", "Longitud": -70.65775, "Latitud": -33.44379, "title_nodo": "PRIN_OLT_3" }, "geometry": { "type": "Point", "coordinates": [ -70.65775, -33.44379 ] } },
{ "type": "Feature", "properties": { "Nemonico OC": "PRIN", "tipo": "SW", "id_emplazamiento": 1310106, "nombre_emplazamiento": "PRINCIPAL", "id_nodo": 1149, "nombre_nodo": "OLT-PRIN05", "Longitud": -70.65775, "Latitud": -33.44379, "title_nodo": "PRIN_OLT_5" }, "geometry": { "type": "Point", "coordinates": [ -70.65775, -33.44379 ] } },
{ "type": "Feature", "properties": { "Nemonico OC": "PRIN", "tipo": "SW", "id_emplazamiento": 1310106, "nombre_emplazamiento": "PRINCIPAL", "id_nodo": 1709, "nombre_nodo": "OLT-PRIN07", "Longitud": -70.65775, "Latitud": -33.44379, "title_nodo": "PRIN_OLT_7" }, "geometry": { "type": "Point", "coordinates": [ -70.65775, -33.44379 ] } },
{ "type": "Feature", "properties": { "Nemonico OC": "PRIN", "tipo": "SW", "id_emplazamiento": 1310106, "nombre_emplazamiento": "PRINCIPAL", "id_nodo": 1087, "nombre_nodo": "OLT-PRIN08", "Longitud": -70.65775, "Latitud": -33.44379, "title_nodo": "PRIN_OLT_8" }, "geometry": { "type": "Point", "coordinates": [ -70.65775, -33.44379 ] } },
{ "type": "Feature", "properties": { "Nemonico OC": "PRIN", "tipo": "SW", "id_emplazamiento": 1310106, "nombre_emplazamiento": "PRINCIPAL", "id_nodo": 1134, "nombre_nodo": "OLT-PRIN09", "Longitud": -70.65775, "Latitud": -33.44379, "title_nodo": "PRIN_OLT_9" }, "geometry": { "type": "Point", "coordinates": [ -70.65775, -33.44379 ] } },
{ "type": "Feature", "properties": { "Nemonico OC": "PRIN", "tipo": "SW", "id_emplazamiento": 1310106, "nombre_emplazamiento": "PRINCIPAL", "id_nodo": 97, "nombre_nodo": "STIC01-SW4912", "Longitud": -70.65775, "Latitud": -33.44379, "title_nodo": "SW12STIC01" }, "geometry": { "type": "Point", "coordinates": [ -70.65775, -33.44379 ] } },
{ "type": "Feature", "properties": { "Nemonico OC": "PRIN", "tipo": "SW", "id_emplazamiento": 1310106, "nombre_emplazamiento": "PRINCIPAL", "id_nodo": 46, "nombre_nodo": "PPAL04-SW2924", "Longitud": -70.65775, "Latitud": -33.44379, "title_nodo": "SW24PPAL04" }, "geometry": { "type": "Point", "coordinates": [ -70.65775, -33.44379 ] } },
{ "type": "Feature", "properties": { "Nemonico OC": "PRIN", "tipo": "SW", "id_emplazamiento": 1310106, "nombre_emplazamiento": "PRINCIPAL", "id_nodo": 96, "nombre_nodo": "PPAL04-SW3550", "Longitud": -70.65775, "Latitud": -33.44379, "title_nodo": "SW35PPAL04" }, "geometry": { "type": "Point", "coordinates": [ -70.65775, -33.44379 ] } },
{ "type": "Feature", "properties": { "Nemonico OC": "PRIN", "tipo": "SW", "id_emplazamiento": 1310106, "nombre_emplazamiento": "PRINCIPAL", "id_nodo": 92, "nombre_nodo": "STIC01-SW3550", "Longitud": -70.65775, "Latitud": -33.44379, "title_nodo": "SW35STIC01" }, "geometry": { "type": "Point", "coordinates": [ -70.65775, -33.44379 ] } },
{ "type": "Feature", "properties": { "Nemonico OC": "PRIN", "tipo": "SW", "id_emplazamiento": 1310106, "nombre_emplazamiento": "PRINCIPAL", "id_nodo": 43, "nombre_nodo": "PPAL05-SW3624", "Longitud": -70.65775, "Latitud": -33.44379, "title_nodo": "SW36PPAL05" }, "geometry": { "type": "Point", "coordinates": [ -70.65775, -33.44379 ] } },
{ "type": "Feature", "properties": { "Nemonico OC": "PRIN", "tipo": "SW", "id_emplazamiento": 1310106, "nombre_emplazamiento": "PRINCIPAL", "id_nodo": 410, "nombre_nodo": "DW37-PPAL01", "Longitud": -70.65775, "Latitud": -33.44379, "title_nodo": "SW37DPPA01" }, "geometry": { "type": "Point", "coordinates": [ -70.65775, -33.44379 ] } },
{ "type": "Feature", "properties": { "Nemonico OC": "PRIN", "tipo": "SW", "id_emplazamiento": 1310106, "nombre_emplazamiento": "PRINCIPAL", "id_nodo": 114, "nombre_nodo": "PPAL02-SW3750", "Longitud": -70.65775, "Latitud": -33.44379, "title_nodo": "SW37PPAL02" }, "geometry": { "type": "Point", "coordinates": [ -70.65775, -33.44379 ] } },
{ "type": "Feature", "properties": { "Nemonico OC": "PRIN", "tipo": "SW", "id_emplazamiento": 1310106, "nombre_emplazamiento": "PRINCIPAL", "id_nodo": 129, "nombre_nodo": "PPAL03-SW3750", "Longitud": -70.65775, "Latitud": -33.44379, "title_nodo": "SW37PPAL03" }, "geometry": { "type": "Point", "coordinates": [ -70.65775, -33.44379 ] } },
{ "type": "Feature", "properties": { "Nemonico OC": "PRIN", "tipo": "SW", "id_emplazamiento": 1310106, "nombre_emplazamiento": "PRINCIPAL", "id_nodo": 130, "nombre_nodo": "PPAL04-SW3750", "Longitud": -70.65775, "Latitud": -33.44379, "title_nodo": "SW37PPAL04" }, "geometry": { "type": "Point", "coordinates": [ -70.65775, -33.44379 ] } },
{ "type": "Feature", "properties": { "Nemonico OC": "PRIN", "tipo": "SW", "id_emplazamiento": 1310106, "nombre_emplazamiento": "PRINCIPAL", "id_nodo": 154, "nombre_nodo": "PPAL05-SW3750", "Longitud": -70.65775, "Latitud": -33.44379, "title_nodo": "SW37PPAL05" }, "geometry": { "type": "Point", "coordinates": [ -70.65775, -33.44379 ] } },
{ "type": "Feature", "properties": { "Nemonico OC": "PRIN", "tipo": "SW", "id_emplazamiento": 1310106, "nombre_emplazamiento": "PRINCIPAL", "id_nodo": 49, "nombre_nodo": "PPAL01-SW6506", "Longitud": -70.65775, "Latitud": -33.44379, "title_nodo": "SW65PPAL01" }, "geometry": { "type": "Point", "coordinates": [ -70.65775, -33.44379 ] } },
{ "type": "Feature", "properties": { "Nemonico OC": "PRIN", "tipo": "SW", "id_emplazamiento": 1310106, "nombre_emplazamiento": "PRINCIPAL", "id_nodo": 522, "nombre_nodo": "TPPA01-SW6524", "Longitud": -70.65775, "Latitud": -33.44379, "title_nodo": "SW65TPPA01" }, "geometry": { "type": "Point", "coordinates": [ -70.65775, -33.44379 ] } },
{ "type": "Feature", "properties": { "Nemonico OC": "PRIN", "tipo": "SW", "id_emplazamiento": 1310106, "nombre_emplazamiento": "PRINCIPAL", "id_nodo": 510, "nombre_nodo": "TPPA02-SW6524", "Longitud": -70.65775, "Latitud": -33.44379, "title_nodo": "SW65TPPA02" }, "geometry": { "type": "Point", "coordinates": [ -70.65775, -33.44379 ] } },
{ "type": "Feature", "properties": { "Nemonico OC": "PRIN", "tipo": "SW", "id_emplazamiento": 1310106, "nombre_emplazamiento": "PRINCIPAL", "id_nodo": 168, "nombre_nodo": "PPAL01-SW7609", "Longitud": -70.65775, "Latitud": -33.44379, "title_nodo": "SW76PPAL01" }, "geometry": { "type": "Point", "coordinates": [ -70.65775, -33.44379 ] } },
{ "type": "Feature", "properties": { "Nemonico OC": "PRIN", "tipo": "SW", "id_emplazamiento": 1310106, "nombre_emplazamiento": "PRINCIPAL", "id_nodo": 353, "nombre_nodo": "PPAL02-SW7609", "Longitud": -70.65775, "Latitud": -33.44379, "title_nodo": "SW76PPAL02" }, "geometry": { "type": "Point", "coordinates": [ -70.65775, -33.44379 ] } },
{ "type": "Feature", "properties": { "Nemonico OC": "PRIN", "tipo": "SW", "id_emplazamiento": 1310106, "nombre_emplazamiento": "PRINCIPAL", "id_nodo": 484, "nombre_nodo": "PPAL03-SW7609", "Longitud": -70.65775, "Latitud": -33.44379, "title_nodo": "SW76PPAL03" }, "geometry": { "type": "Point", "coordinates": [ -70.65775, -33.44379 ] } },
{ "type": "Feature", "properties": { "Nemonico OC": "PRIN", "tipo": "SW", "id_emplazamiento": 1310106, "nombre_emplazamiento": "PRINCIPAL", "id_nodo": 624, "nombre_nodo": "PPAL04-SW7609", "Longitud": -70.65775, "Latitud": -33.44379, "title_nodo": "SW76PPAL04" }, "geometry": { "type": "Point", "coordinates": [ -70.65775, -33.44379 ] } },
{ "type": "Feature", "properties": { "Nemonico OC": "PRIN", "tipo": "SW", "id_emplazamiento": 1310106, "nombre_emplazamiento": "PRINCIPAL", "id_nodo": 558, "nombre_nodo": "DW93-PPAL01", "Longitud": -70.65775, "Latitud": -33.44379, "title_nodo": "SW93DPPA01" }, "geometry": { "type": "Point", "coordinates": [ -70.65775, -33.44379 ] } },
{ "type": "Feature", "properties": { "Nemonico OC": "PRIN", "tipo": "SW", "id_emplazamiento": 1310106, "nombre_emplazamiento": "PRINCIPAL", "id_nodo": 905, "nombre_nodo": "PPAL01-SW9303", "Longitud": -70.65775, "Latitud": -33.44379, "title_nodo": "SW93PPAL01" }, "geometry": { "type": "Point", "coordinates": [ -70.65775, -33.44379 ] } },
{ "type": "Feature", "properties": { "Nemonico OC": "PRIN", "tipo": "SW", "id_emplazamiento": 1310106, "nombre_emplazamiento": "PRINCIPAL", "id_nodo": 763, "nombre_nodo": "PPAL02-SW9303", "Longitud": -70.65775, "Latitud": -33.44379, "title_nodo": "SW93PPAL02" }, "geometry": { "type": "Point", "coordinates": [ -70.65775, -33.44379 ] } },
{ "type": "Feature", "properties": { "Nemonico OC": "PRIN", "tipo": "SW", "id_emplazamiento": 1310106, "nombre_emplazamiento": "PRINCIPAL", "id_nodo": 830, "nombre_nodo": "PPAL03-SW9303", "Longitud": -70.65775, "Latitud": -33.44379, "title_nodo": "SW93PPAL03" }, "geometry": { "type": "Point", "coordinates": [ -70.65775, -33.44379 ] } },
{ "type": "Feature", "properties": { "Nemonico OC": "PRIN", "tipo": "SW", "id_emplazamiento": 1310106, "nombre_emplazamiento": "PRINCIPAL", "id_nodo": 964, "nombre_nodo": "PPAL04-SW9306", "Longitud": -70.65775, "Latitud": -33.44379, "title_nodo": "SW93PPAL04" }, "geometry": { "type": "Point", "coordinates": [ -70.65775, -33.44379 ] } },
{ "type": "Feature", "properties": { "Nemonico OC": "PRIN", "tipo": "SW", "id_emplazamiento": 1310106, "nombre_emplazamiento": "PRINCIPAL", "id_nodo": 94, "nombre_nodo": "PPAL01-SW35GG", "Longitud": -70.65775, "Latitud": -33.44379, "title_nodo": "SWGGPPAL01" }, "geometry": { "type": "Point", "coordinates": [ -70.65775, -33.44379 ] } },
{ "type": "Feature", "properties": { "Nemonico OC": "PRIN", "tipo": "PE", "id_emplazamiento": 1310106, "nombre_emplazamiento": "PRINCIPAL", "id_nodo": 274, "nombre_nodo": "PRINCIPAL - NAP96PPAL02 - NAP", "Longitud": -70.65775, "Latitud": -33.44379, "title_nodo": null }, "geometry": { "type": "Point", "coordinates": [ -70.65775, -33.44379 ] } },
{ "type": "Feature", "properties": { "Nemonico OC": "PRIN", "tipo": "PE", "id_emplazamiento": 1310106, "nombre_emplazamiento": "PRINCIPAL", "id_nodo": 191, "nombre_nodo": "PRINCIPAL - PE06ENTEL01", "Longitud": -70.65775, "Latitud": -33.44379, "title_nodo": null }, "geometry": { "type": "Point", "coordinates": [ -70.65775, -33.44379 ] } },
{ "type": "Feature", "properties": { "Nemonico OC": "PRIN", "tipo": "PE", "id_emplazamiento": 1310106, "nombre_emplazamiento": "PRINCIPAL", "id_nodo": 159, "nombre_nodo": "PRINCIPAL - PE06MGTD01 - GTD (Cerrado)", "Longitud": -70.65775, "Latitud": -33.44379, "title_nodo": null }, "geometry": { "type": "Point", "coordinates": [ -70.65775, -33.44379 ] } },
{ "type": "Feature", "properties": { "Nemonico OC": "PRIN", "tipo": "PE", "id_emplazamiento": 1310106, "nombre_emplazamiento": "PRINCIPAL", "id_nodo": 117, "nombre_nodo": "PRINCIPAL - PE06PPAL02 (Cerrado)", "Longitud": -70.65775, "Latitud": -33.44379, "title_nodo": null }, "geometry": { "type": "Point", "coordinates": [ -70.65775, -33.44379 ] } },
{ "type": "Feature", "properties": { "Nemonico OC": "PRIN", "tipo": "PE", "id_emplazamiento": 1310106, "nombre_emplazamiento": "PRINCIPAL", "id_nodo": 227, "nombre_nodo": "PRINCIPAL - PE120PPAL01", "Longitud": -70.65775, "Latitud": -33.44379, "title_nodo": null }, "geometry": { "type": "Point", "coordinates": [ -70.65775, -33.44379 ] } },
{ "type": "Feature", "properties": { "Nemonico OC": "PRIN", "tipo": "PE", "id_emplazamiento": 1310106, "nombre_emplazamiento": "PRINCIPAL", "id_nodo": 165, "nombre_nodo": "PRINCIPAL - PE12PPAL01", "Longitud": -70.65775, "Latitud": -33.44379, "title_nodo": null }, "geometry": { "type": "Point", "coordinates": [ -70.65775, -33.44379 ] } },
{ "type": "Feature", "properties": { "Nemonico OC": "PRIN", "tipo": "PE", "id_emplazamiento": 1310106, "nombre_emplazamiento": "PRINCIPAL", "id_nodo": 42, "nombre_nodo": "PRINCIPAL - PE20STIC01 - STIC02 (Cerrado)", "Longitud": -70.65775, "Latitud": -33.44379, "title_nodo": null }, "geometry": { "type": "Point", "coordinates": [ -70.65775, -33.44379 ] } },
{ "type": "Feature", "properties": { "Nemonico OC": "PRIN", "tipo": "PE", "id_emplazamiento": 1310106, "nombre_emplazamiento": "PRINCIPAL", "id_nodo": 79, "nombre_nodo": "PRINCIPAL - PE24PASO01 Internacional", "Longitud": -70.65775, "Latitud": -33.44379, "title_nodo": null }, "geometry": { "type": "Point", "coordinates": [ -70.65775, -33.44379 ] } },
{ "type": "Feature", "properties": { "Nemonico OC": "PRIN", "tipo": "PE", "id_emplazamiento": 1310106, "nombre_emplazamiento": "PRINCIPAL", "id_nodo": 2, "nombre_nodo": "PRINCIPAL - PE24PASO02 Internacional", "Longitud": -70.65775, "Latitud": -33.44379, "title_nodo": null }, "geometry": { "type": "Point", "coordinates": [ -70.65775, -33.44379 ] } },
{ "type": "Feature", "properties": { "Nemonico OC": "PRIN", "tipo": "PE", "id_emplazamiento": 1310106, "nombre_emplazamiento": "PRINCIPAL", "id_nodo": 279, "nombre_nodo": "PRINCIPAL - PE40CPPL01 y 02", "Longitud": -70.65775, "Latitud": -33.44379, "title_nodo": null }, "geometry": { "type": "Point", "coordinates": [ -70.65775, -33.44379 ] } },
{ "type": "Feature", "properties": { "Nemonico OC": "PRIN", "tipo": "PE", "id_emplazamiento": 1310106, "nombre_emplazamiento": "PRINCIPAL", "id_nodo": 158, "nombre_nodo": "PRINCIPAL - PE65STIC01 - STIC02", "Longitud": -70.65775, "Latitud": -33.44379, "title_nodo": null }, "geometry": { "type": "Point", "coordinates": [ -70.65775, -33.44379 ] } },
{ "type": "Feature", "properties": { "Nemonico OC": "PRIN", "tipo": "PE", "id_emplazamiento": 1310106, "nombre_emplazamiento": "PRINCIPAL", "id_nodo": 57, "nombre_nodo": "PRINCIPAL - PE76PPAL01", "Longitud": -70.65775, "Latitud": -33.44379, "title_nodo": null }, "geometry": { "type": "Point", "coordinates": [ -70.65775, -33.44379 ] } },
{ "type": "Feature", "properties": { "Nemonico OC": "PRIN", "tipo": "PE", "id_emplazamiento": 1310106, "nombre_emplazamiento": "PRINCIPAL", "id_nodo": 136, "nombre_nodo": "PRINCIPAL - PE76PPAL02", "Longitud": -70.65775, "Latitud": -33.44379, "title_nodo": null }, "geometry": { "type": "Point", "coordinates": [ -70.65775, -33.44379 ] } },
{ "type": "Feature", "properties": { "Nemonico OC": "PRIN", "tipo": "PE", "id_emplazamiento": 1310106, "nombre_emplazamiento": "PRINCIPAL", "id_nodo": 147, "nombre_nodo": "PRINCIPAL - PE76QPPA01 (ELIMINADO)", "Longitud": -70.65775, "Latitud": -33.44379, "title_nodo": null }, "geometry": { "type": "Point", "coordinates": [ -70.65775, -33.44379 ] } },
{ "type": "Feature", "properties": { "Nemonico OC": "PRIN", "tipo": "PE", "id_emplazamiento": 1310106, "nombre_emplazamiento": "PRINCIPAL", "id_nodo": 184, "nombre_nodo": "PRINCIPAL - PE96PPAL01 (Cerrado)", "Longitud": -70.65775, "Latitud": -33.44379, "title_nodo": null }, "geometry": { "type": "Point", "coordinates": [ -70.65775, -33.44379 ] } },
{ "type": "Feature", "properties": { "Nemonico OC": "PRIN", "tipo": "PE", "id_emplazamiento": 1310106, "nombre_emplazamiento": "PRINCIPAL", "id_nodo": 224, "nombre_nodo": "PRINCIPAL - PE96PPAL02", "Longitud": -70.65775, "Latitud": -33.44379, "title_nodo": null }, "geometry": { "type": "Point", "coordinates": [ -70.65775, -33.44379 ] } },
{ "type": "Feature", "properties": { "Nemonico OC": "PRIN", "tipo": "PE", "id_emplazamiento": 1310106, "nombre_emplazamiento": "PRINCIPAL", "id_nodo": 423, "nombre_nodo": "PRINCIPAL - PE96PPAL03-L HL4 (CLI DIR)", "Longitud": -70.65775, "Latitud": -33.44379, "title_nodo": null }, "geometry": { "type": "Point", "coordinates": [ -70.65775, -33.44379 ] } },
{ "type": "Feature", "properties": { "Nemonico OC": "PRIN", "tipo": "PE", "id_emplazamiento": 1310106, "nombre_emplazamiento": "PRINCIPAL", "id_nodo": 43, "nombre_nodo": "PRINCIPAL - PP16PPAL01", "Longitud": -70.65775, "Latitud": -33.44379, "title_nodo": null }, "geometry": { "type": "Point", "coordinates": [ -70.65775, -33.44379 ] } },
{ "type": "Feature", "properties": { "Nemonico OC": "PRIN", "tipo": "PE", "id_emplazamiento": 1310106, "nombre_emplazamiento": "PRINCIPAL", "id_nodo": 280, "nombre_nodo": "PRINCIPAL - PPAL69 Huawei", "Longitud": -70.65775, "Latitud": -33.44379, "title_nodo": null }, "geometry": { "type": "Point", "coordinates": [ -70.65775, -33.44379 ] } },
{ "type": "Feature", "properties": { "Nemonico OC": "PRIN", "tipo": "PE", "id_emplazamiento": 1310106, "nombre_emplazamiento": "PRINCIPAL", "id_nodo": 44, "nombre_nodo": "PRINCIPAL - RR04PPAL01", "Longitud": -70.65775, "Latitud": -33.44379, "title_nodo": null }, "geometry": { "type": "Point", "coordinates": [ -70.65775, -33.44379 ] } },
{ "type": "Feature", "properties": { "Nemonico OC": "PRIN", "tipo": "PE", "id_emplazamiento": 1310106, "nombre_emplazamiento": "PRINCIPAL", "id_nodo": 174, "nombre_nodo": "PRINCIPAL - TMX76PPAL01", "Longitud": -70.65775, "Latitud": -33.44379, "title_nodo": null }, "geometry": { "type": "Point", "coordinates": [ -70.65775, -33.44379 ] } },
{ "type": "Feature", "properties": { "Nemonico OC": "PRIN", "tipo": "SW", "id_emplazamiento": 1310106, "nombre_emplazamiento": "PRINCIPAL", "id_nodo": 107, "nombre_nodo": "PPAL69-HUAWEI", "Longitud": -70.65775, "Latitud": -33.44379, "title_nodo": null }, "geometry": { "type": "Point", "coordinates": [ -70.65775, -33.44379 ] } },
{ "type": "Feature", "properties": { "Nemonico OC": "PRIN", "tipo": "SW", "id_emplazamiento": 1310106, "nombre_emplazamiento": "PRINCIPAL", "id_nodo": 117, "nombre_nodo": "PPAL70-HUAWEI", "Longitud": -70.65775, "Latitud": -33.44379, "title_nodo": null }, "geometry": { "type": "Point", "coordinates": [ -70.65775, -33.44379 ] } },
{ "type": "Feature", "properties": { "Nemonico OC": "PRIN", "tipo": "SW", "id_emplazamiento": 1310106, "nombre_emplazamiento": "PRINCIPAL", "id_nodo": 144, "nombre_nodo": "PPAL71-HUAWEI", "Longitud": -70.65775, "Latitud": -33.44379, "title_nodo": null }, "geometry": { "type": "Point", "coordinates": [ -70.65775, -33.44379 ] } },
{ "type": "Feature", "properties": { "Nemonico OC": "PRIN", "tipo": "SW", "id_emplazamiento": 1310106, "nombre_emplazamiento": "PRINCIPAL", "id_nodo": 145, "nombre_nodo": "PPAL72-HUAWEI", "Longitud": -70.65775, "Latitud": -33.44379, "title_nodo": null }, "geometry": { "type": "Point", "coordinates": [ -70.65775, -33.44379 ] } },
{ "type": "Feature", "properties": { "Nemonico OC": "PRIN", "tipo": "SW", "id_emplazamiento": 1310106, "nombre_emplazamiento": "PRINCIPAL", "id_nodo": 158, "nombre_nodo": "PPAL73-HUAWEI", "Longitud": -70.65775, "Latitud": -33.44379, "title_nodo": null }, "geometry": { "type": "Point", "coordinates": [ -70.65775, -33.44379 ] } },
{ "type": "Feature", "properties": { "Nemonico OC": "PRIN", "tipo": "SW", "id_emplazamiento": 1310106, "nombre_emplazamiento": "PRINCIPAL", "id_nodo": 207, "nombre_nodo": "PPAL74-HUAWEI", "Longitud": -70.65775, "Latitud": -33.44379, "title_nodo": null }, "geometry": { "type": "Point", "coordinates": [ -70.65775, -33.44379 ] } },
{ "type": "Feature", "properties": { "Nemonico OC": "PRIN", "tipo": "SW", "id_emplazamiento": 1310106, "nombre_emplazamiento": "PRINCIPAL", "id_nodo": 208, "nombre_nodo": "PPAL75-HUAWEI", "Longitud": -70.65775, "Latitud": -33.44379, "title_nodo": null }, "geometry": { "type": "Point", "coordinates": [ -70.65775, -33.44379 ] } },
{ "type": "Feature", "properties": { "Nemonico OC": "PRIN", "tipo": "SW", "id_emplazamiento": 1310106, "nombre_emplazamiento": "PRINCIPAL", "id_nodo": 404, "nombre_nodo": "PPAL76-HUAWEI", "Longitud": -70.65775, "Latitud": -33.44379, "title_nodo": null }, "geometry": { "type": "Point", "coordinates": [ -70.65775, -33.44379 ] } },
{ "type": "Feature", "properties": { "Nemonico OC": "PRIN", "tipo": "SW", "id_emplazamiento": 1310106, "nombre_emplazamiento": "PRINCIPAL", "id_nodo": 405, "nombre_nodo": "PPAL77-HUAWEI", "Longitud": -70.65775, "Latitud": -33.44379, "title_nodo": null }, "geometry": { "type": "Point", "coordinates": [ -70.65775, -33.44379 ] } },
{ "type": "Feature", "properties": { "Nemonico OC": "PRIN", "tipo": "SW", "id_emplazamiento": 1310106, "nombre_emplazamiento": "PRINCIPAL", "id_nodo": 613, "nombre_nodo": "PPAL78-ENTEL", "Longitud": -70.65775, "Latitud": -33.44379, "title_nodo": null }, "geometry": { "type": "Point", "coordinates": [ -70.65775, -33.44379 ] } },
{ "type": "Feature", "properties": { "Nemonico OC": "PRIN", "tipo": "SW", "id_emplazamiento": 1310106, "nombre_emplazamiento": "PRINCIPAL", "id_nodo": 622, "nombre_nodo": "PPAL79-HUAWEI", "Longitud": -70.65775, "Latitud": -33.44379, "title_nodo": null }, "geometry": { "type": "Point", "coordinates": [ -70.65775, -33.44379 ] } },
{ "type": "Feature", "properties": { "Nemonico OC": "PRIN", "tipo": "SW", "id_emplazamiento": 1310106, "nombre_emplazamiento": "PRINCIPAL", "id_nodo": 781, "nombre_nodo": "PPAL80-HUAWEI", "Longitud": -70.65775, "Latitud": -33.44379, "title_nodo": null }, "geometry": { "type": "Point", "coordinates": [ -70.65775, -33.44379 ] } },
{ "type": "Feature", "properties": { "Nemonico OC": "PRIN", "tipo": "SW", "id_emplazamiento": 1310106, "nombre_emplazamiento": "PRINCIPAL", "id_nodo": 953, "nombre_nodo": "PPAL81-HUAWEI", "Longitud": -70.65775, "Latitud": -33.44379, "title_nodo": null }, "geometry": { "type": "Point", "coordinates": [ -70.65775, -33.44379 ] } },
{ "type": "Feature", "properties": { "Nemonico OC": "PRIN", "tipo": "SW", "id_emplazamiento": 1310106, "nombre_emplazamiento": "PRINCIPAL", "id_nodo": 1485, "nombre_nodo": "PPAL82-HUAWEI", "Longitud": -70.65775, "Latitud": -33.44379, "title_nodo": null }, "geometry": { "type": "Point", "coordinates": [ -70.65775, -33.44379 ] } },
{ "type": "Feature", "properties": { "Nemonico OC": "PRIN", "tipo": "SW", "id_emplazamiento": 1312301, "nombre_emplazamiento": "PROVIDENCIA", "id_nodo": 1147, "nombre_nodo": "PROV01-PE40", "Longitud": -70.65775, "Latitud": -33.44379, "title_nodo": "PE40PROV01" }, "geometry": { "type": "Point", "coordinates": [ -70.65775, -33.44379 ] } },
{ "type": "Feature", "properties": { "Nemonico OC": "PRIN", "tipo": "SW", "id_emplazamiento": 1312301, "nombre_emplazamiento": "PROVIDENCIA", "id_nodo": 1040, "nombre_nodo": "PROV02-PE40", "Longitud": -70.65775, "Latitud": -33.44379, "title_nodo": "PE40PROV02" }, "geometry": { "type": "Point", "coordinates": [ -70.65775, -33.44379 ] } },
{ "type": "Feature", "properties": { "Nemonico OC": "PRIN", "tipo": "SW", "id_emplazamiento": 1312301, "nombre_emplazamiento": "PROVIDENCIA", "id_nodo": 1052, "nombre_nodo": "OLT-PROV12", "Longitud": -70.65775, "Latitud": -33.44379, "title_nodo": "PROV_OLT_12" }, "geometry": { "type": "Point", "coordinates": [ -70.65775, -33.44379 ] } },
{ "type": "Feature", "properties": { "Nemonico OC": "PRIN", "tipo": "SW", "id_emplazamiento": 1312301, "nombre_emplazamiento": "PROVIDENCIA", "id_nodo": 1454, "nombre_nodo": "OLT-PROV13", "Longitud": -70.65775, "Latitud": -33.44379, "title_nodo": "PROV_OLT_13" }, "geometry": { "type": "Point", "coordinates": [ -70.65775, -33.44379 ] } },
{ "type": "Feature", "properties": { "Nemonico OC": "PRIN", "tipo": "SW", "id_emplazamiento": 1312301, "nombre_emplazamiento": "PROVIDENCIA", "id_nodo": 1140, "nombre_nodo": "OLT-PROV15", "Longitud": -70.65775, "Latitud": -33.44379, "title_nodo": "PROV_OLT_15" }, "geometry": { "type": "Point", "coordinates": [ -70.65775, -33.44379 ] } },
{ "type": "Feature", "properties": { "Nemonico OC": "PRIN", "tipo": "SW", "id_emplazamiento": 1312301, "nombre_emplazamiento": "PROVIDENCIA", "id_nodo": 1097, "nombre_nodo": "OLT-PROV16", "Longitud": -70.65775, "Latitud": -33.44379, "title_nodo": "PROV_OLT_16" }, "geometry": { "type": "Point", "coordinates": [ -70.65775, -33.44379 ] } },
{ "type": "Feature", "properties": { "Nemonico OC": "PRIN", "tipo": "SW", "id_emplazamiento": 1312301, "nombre_emplazamiento": "PROVIDENCIA", "id_nodo": 1214, "nombre_nodo": "OLT-PROV17", "Longitud": -70.65775, "Latitud": -33.44379, "title_nodo": "PROV_OLT_17" }, "geometry": { "type": "Point", "coordinates": [ -70.65775, -33.44379 ] } },
{ "type": "Feature", "properties": { "Nemonico OC": "PRIN", "tipo": "SW", "id_emplazamiento": 1312301, "nombre_emplazamiento": "PROVIDENCIA", "id_nodo": 1522, "nombre_nodo": "OLT-PROV18", "Longitud": -70.65775, "Latitud": -33.44379, "title_nodo": "PROV_OLT_18" }, "geometry": { "type": "Point", "coordinates": [ -70.65775, -33.44379 ] } },
{ "type": "Feature", "properties": { "Nemonico OC": "PRIN", "tipo": "SW", "id_emplazamiento": 1312301, "nombre_emplazamiento": "PROVIDENCIA", "id_nodo": 1795, "nombre_nodo": "OLT-PROV19", "Longitud": -70.65775, "Latitud": -33.44379, "title_nodo": "PROV_OLT_19" }, "geometry": { "type": "Point", "coordinates": [ -70.65775, -33.44379 ] } },
{ "type": "Feature", "properties": { "Nemonico OC": "PRIN", "tipo": "SW", "id_emplazamiento": 1312301, "nombre_emplazamiento": "PROVIDENCIA", "id_nodo": 1197, "nombre_nodo": "OLT-PROV09", "Longitud": -70.65775, "Latitud": -33.44379, "title_nodo": "PROV_OLT_9" }, "geometry": { "type": "Point", "coordinates": [ -70.65775, -33.44379 ] } },
{ "type": "Feature", "properties": { "Nemonico OC": "PRIN", "tipo": "SW", "id_emplazamiento": 1312301, "nombre_emplazamiento": "PROVIDENCIA", "id_nodo": 55, "nombre_nodo": "PROV01-SW2924", "Longitud": -70.65775, "Latitud": -33.44379, "title_nodo": "SW24PROV01" }, "geometry": { "type": "Point", "coordinates": [ -70.65775, -33.44379 ] } },
{ "type": "Feature", "properties": { "Nemonico OC": "PRIN", "tipo": "SW", "id_emplazamiento": 1312301, "nombre_emplazamiento": "PROVIDENCIA", "id_nodo": 52, "nombre_nodo": "PROV03-SW3624", "Longitud": -70.65775, "Latitud": -33.44379, "title_nodo": "SW36PROV03" }, "geometry": { "type": "Point", "coordinates": [ -70.65775, -33.44379 ] } },
{ "type": "Feature", "properties": { "Nemonico OC": "PRIN", "tipo": "SW", "id_emplazamiento": 1312301, "nombre_emplazamiento": "PROVIDENCIA", "id_nodo": 51, "nombre_nodo": "PROV04-SW3624", "Longitud": -70.65775, "Latitud": -33.44379, "title_nodo": "SW36PROV04" }, "geometry": { "type": "Point", "coordinates": [ -70.65775, -33.44379 ] } },
{ "type": "Feature", "properties": { "Nemonico OC": "PRIN", "tipo": "SW", "id_emplazamiento": 1312301, "nombre_emplazamiento": "PROVIDENCIA", "id_nodo": 331, "nombre_nodo": "CARR01-SW3750", "Longitud": -70.65775, "Latitud": -33.44379, "title_nodo": "SW37CARR01" }, "geometry": { "type": "Point", "coordinates": [ -70.65775, -33.44379 ] } },
{ "type": "Feature", "properties": { "Nemonico OC": "PRIN", "tipo": "SW", "id_emplazamiento": 1312301, "nombre_emplazamiento": "PROVIDENCIA", "id_nodo": 56, "nombre_nodo": "PROV01-SW4006", "Longitud": -70.65775, "Latitud": -33.44379, "title_nodo": "SW40PROV01" }, "geometry": { "type": "Point", "coordinates": [ -70.65775, -33.44379 ] } },
{ "type": "Feature", "properties": { "Nemonico OC": "PRIN", "tipo": "SW", "id_emplazamiento": 1312301, "nombre_emplazamiento": "PROVIDENCIA", "id_nodo": 170, "nombre_nodo": "PROV01-SW7609", "Longitud": -70.65775, "Latitud": -33.44379, "title_nodo": "SW76PROV01" }, "geometry": { "type": "Point", "coordinates": [ -70.65775, -33.44379 ] } },
{ "type": "Feature", "properties": { "Nemonico OC": "PRIN", "tipo": "SW", "id_emplazamiento": 1312301, "nombre_emplazamiento": "PROVIDENCIA", "id_nodo": 560, "nombre_nodo": "DW93-PROV01", "Longitud": -70.65775, "Latitud": -33.44379, "title_nodo": "SW93DPRO01" }, "geometry": { "type": "Point", "coordinates": [ -70.65775, -33.44379 ] } },
{ "type": "Feature", "properties": { "Nemonico OC": "PRIN", "tipo": "SW", "id_emplazamiento": 1312301, "nombre_emplazamiento": "PROVIDENCIA", "id_nodo": 481, "nombre_nodo": "PROV01-SW9303", "Longitud": -70.65775, "Latitud": -33.44379, "title_nodo": "SW93PROV01" }, "geometry": { "type": "Point", "coordinates": [ -70.65775, -33.44379 ] } },
{ "type": "Feature", "properties": { "Nemonico OC": "PRIN", "tipo": "SW", "id_emplazamiento": 1312301, "nombre_emplazamiento": "PROVIDENCIA", "id_nodo": 610, "nombre_nodo": "PROV02-SW9303", "Longitud": -70.65775, "Latitud": -33.44379, "title_nodo": "SW93PROV02" }, "geometry": { "type": "Point", "coordinates": [ -70.65775, -33.44379 ] } },
{ "type": "Feature", "properties": { "Nemonico OC": "PRIN", "tipo": "SW", "id_emplazamiento": 1312301, "nombre_emplazamiento": "PROVIDENCIA", "id_nodo": 617, "nombre_nodo": "PROV03-SW9303", "Longitud": -70.65775, "Latitud": -33.44379, "title_nodo": "SW93PROV03" }, "geometry": { "type": "Point", "coordinates": [ -70.65775, -33.44379 ] } },
{ "type": "Feature", "properties": { "Nemonico OC": "PRIN", "tipo": "SW", "id_emplazamiento": 1312301, "nombre_emplazamiento": "PROVIDENCIA", "id_nodo": 827, "nombre_nodo": "PROV04-SW9303", "Longitud": -70.65775, "Latitud": -33.44379, "title_nodo": "SW93PROV04" }, "geometry": { "type": "Point", "coordinates": [ -70.65775, -33.44379 ] } },
{ "type": "Feature", "properties": { "Nemonico OC": "PRIN", "tipo": "SW", "id_emplazamiento": 1312301, "nombre_emplazamiento": "PROVIDENCIA", "id_nodo": 877, "nombre_nodo": "PROV05-SW9303", "Longitud": -70.65775, "Latitud": -33.44379, "title_nodo": "SW93PROV05" }, "geometry": { "type": "Point", "coordinates": [ -70.65775, -33.44379 ] } },
{ "type": "Feature", "properties": { "Nemonico OC": "PRIN", "tipo": "SW", "id_emplazamiento": 1312301, "nombre_emplazamiento": "PROVIDENCIA", "id_nodo": 936, "nombre_nodo": "PROV06-SW9303", "Longitud": -70.65775, "Latitud": -33.44379, "title_nodo": "SW93PROV06" }, "geometry": { "type": "Point", "coordinates": [ -70.65775, -33.44379 ] } },
{ "type": "Feature", "properties": { "Nemonico OC": "PRIN", "tipo": "PE", "id_emplazamiento": 1312301, "nombre_emplazamiento": "PROVIDENCIA", "id_nodo": 41, "nombre_nodo": "CARRIER - PE04CARR01", "Longitud": -70.65775, "Latitud": -33.44379, "title_nodo": null }, "geometry": { "type": "Point", "coordinates": [ -70.65775, -33.44379 ] } },
{ "type": "Feature", "properties": { "Nemonico OC": "PRIN", "tipo": "PE", "id_emplazamiento": 1312301, "nombre_emplazamiento": "PROVIDENCIA", "id_nodo": 141, "nombre_nodo": "CARRIER - PE06CARR01 (Cerrado)", "Longitud": -70.65775, "Latitud": -33.44379, "title_nodo": null }, "geometry": { "type": "Point", "coordinates": [ -70.65775, -33.44379 ] } },
{ "type": "Feature", "properties": { "Nemonico OC": "PRIN", "tipo": "PE", "id_emplazamiento": 1312301, "nombre_emplazamiento": "PROVIDENCIA", "id_nodo": 130, "nombre_nodo": "PROVIDENCIA - PE06PROV01 (Cerrado)", "Longitud": -70.65775, "Latitud": -33.44379, "title_nodo": null }, "geometry": { "type": "Point", "coordinates": [ -70.65775, -33.44379 ] } },
{ "type": "Feature", "properties": { "Nemonico OC": "PRIN", "tipo": "PE", "id_emplazamiento": 1312301, "nombre_emplazamiento": "PROVIDENCIA", "id_nodo": 243, "nombre_nodo": "PROVIDENCIA - PE120PROV01", "Longitud": -70.65775, "Latitud": -33.44379, "title_nodo": null }, "geometry": { "type": "Point", "coordinates": [ -70.65775, -33.44379 ] } },
{ "type": "Feature", "properties": { "Nemonico OC": "PRIN", "tipo": "PE", "id_emplazamiento": 1312301, "nombre_emplazamiento": "PROVIDENCIA", "id_nodo": 75, "nombre_nodo": "PROVIDENCIA - PE76PROV01", "Longitud": -70.65775, "Latitud": -33.44379, "title_nodo": null }, "geometry": { "type": "Point", "coordinates": [ -70.65775, -33.44379 ] } },
{ "type": "Feature", "properties": { "Nemonico OC": "PRIN", "tipo": "PE", "id_emplazamiento": 1312301, "nombre_emplazamiento": "PROVIDENCIA", "id_nodo": 144, "nombre_nodo": "PROVIDENCIA - PE76PROV02", "Longitud": -70.65775, "Latitud": -33.44379, "title_nodo": null }, "geometry": { "type": "Point", "coordinates": [ -70.65775, -33.44379 ] } },
{ "type": "Feature", "properties": { "Nemonico OC": "PRIN", "tipo": "PE", "id_emplazamiento": 1312301, "nombre_emplazamiento": "PROVIDENCIA", "id_nodo": 146, "nombre_nodo": "PROVIDENCIA - PE76PROV99 FTTX", "Longitud": -70.65775, "Latitud": -33.44379, "title_nodo": null }, "geometry": { "type": "Point", "coordinates": [ -70.65775, -33.44379 ] } },
{ "type": "Feature", "properties": { "Nemonico OC": "PRIN", "tipo": "PE", "id_emplazamiento": 1312301, "nombre_emplazamiento": "PROVIDENCIA", "id_nodo": 3, "nombre_nodo": "PROVIDENCIA - PE76QPRO01 (ELIMINADO)", "Longitud": -70.65775, "Latitud": -33.44379, "title_nodo": null }, "geometry": { "type": "Point", "coordinates": [ -70.65775, -33.44379 ] } },
{ "type": "Feature", "properties": { "Nemonico OC": "PRIN", "tipo": "PE", "id_emplazamiento": 1312301, "nombre_emplazamiento": "PROVIDENCIA", "id_nodo": 186, "nombre_nodo": "PROVIDENCIA - PE96PROV01", "Longitud": -70.65775, "Latitud": -33.44379, "title_nodo": null }, "geometry": { "type": "Point", "coordinates": [ -70.65775, -33.44379 ] } },
{ "type": "Feature", "properties": { "Nemonico OC": "PRIN", "tipo": "PE", "id_emplazamiento": 1312301, "nombre_emplazamiento": "PROVIDENCIA", "id_nodo": 422, "nombre_nodo": "PROVIDENCIA - PE96PROV02-L", "Longitud": -70.65775, "Latitud": -33.44379, "title_nodo": null }, "geometry": { "type": "Point", "coordinates": [ -70.65775, -33.44379 ] } },
{ "type": "Feature", "properties": { "Nemonico OC": "PRIN", "tipo": "PE", "id_emplazamiento": 1312301, "nombre_emplazamiento": "PROVIDENCIA", "id_nodo": 281, "nombre_nodo": "PROVIDENCIA - PEM40MMT01 MOVIL", "Longitud": -70.65775, "Latitud": -33.44379, "title_nodo": null }, "geometry": { "type": "Point", "coordinates": [ -70.65775, -33.44379 ] } },
{ "type": "Feature", "properties": { "Nemonico OC": "PRIN", "tipo": "PE", "id_emplazamiento": 1312301, "nombre_emplazamiento": "PROVIDENCIA", "id_nodo": 283, "nombre_nodo": "PROVIDENCIA - PEM40MMT02 MOVIL", "Longitud": -70.65775, "Latitud": -33.44379, "title_nodo": null }, "geometry": { "type": "Point", "coordinates": [ -70.65775, -33.44379 ] } },
{ "type": "Feature", "properties": { "Nemonico OC": "PRIN", "tipo": "PE", "id_emplazamiento": 1312301, "nombre_emplazamiento": "PROVIDENCIA", "id_nodo": 33, "nombre_nodo": "PROVIDENCIA - PP16PROV01", "Longitud": -70.65775, "Latitud": -33.44379, "title_nodo": null }, "geometry": { "type": "Point", "coordinates": [ -70.65775, -33.44379 ] } },
{ "type": "Feature", "properties": { "Nemonico OC": "PRIN", "tipo": "PE", "id_emplazamiento": 1312301, "nombre_emplazamiento": "PROVIDENCIA", "id_nodo": 45, "nombre_nodo": "PROVIDENCIA - RR04PROV01", "Longitud": -70.65775, "Latitud": -33.44379, "title_nodo": null }, "geometry": { "type": "Point", "coordinates": [ -70.65775, -33.44379 ] } },
{ "type": "Feature", "properties": { "Nemonico OC": "PRIN", "tipo": "SW", "id_emplazamiento": 1312301, "nombre_emplazamiento": "PROVIDENCIA", "id_nodo": 469, "nombre_nodo": "CARR69-EQUAN", "Longitud": -70.65775, "Latitud": -33.44379, "title_nodo": null }, "geometry": { "type": "Point", "coordinates": [ -70.65775, -33.44379 ] } },
{ "type": "Feature", "properties": { "Nemonico OC": "PRIN", "tipo": "SW", "id_emplazamiento": 1312301, "nombre_emplazamiento": "PROVIDENCIA", "id_nodo": 470, "nombre_nodo": "CARR69-ITLG", "Longitud": -70.65775, "Latitud": -33.44379, "title_nodo": null }, "geometry": { "type": "Point", "coordinates": [ -70.65775, -33.44379 ] } },
{ "type": "Feature", "properties": { "Nemonico OC": "PRIN", "tipo": "SW", "id_emplazamiento": 1312301, "nombre_emplazamiento": "PROVIDENCIA", "id_nodo": 483, "nombre_nodo": "CARR69-TELSUR", "Longitud": -70.65775, "Latitud": -33.44379, "title_nodo": null }, "geometry": { "type": "Point", "coordinates": [ -70.65775, -33.44379 ] } },
{ "type": "Feature", "properties": { "Nemonico OC": "PRIN", "tipo": "SW", "id_emplazamiento": 1312301, "nombre_emplazamiento": "PROVIDENCIA", "id_nodo": 1277, "nombre_nodo": "PROV69-HUAWEI", "Longitud": -70.65775, "Latitud": -33.44379, "title_nodo": null }, "geometry": { "type": "Point", "coordinates": [ -70.65775, -33.44379 ] } },
{ "type": "Feature", "properties": { "Nemonico OC": "DEPA", "tipo": "SW", "id_emplazamiento": 1313001, "nombre_emplazamiento": "DEPARTAMENTAL", "id_nodo": 1555, "nombre_nodo": "OLT-DEPA10", "Longitud": -70.66504, "Latitud": -33.50214, "title_nodo": "DEPA_OLT_10" }, "geometry": { "type": "Point", "coordinates": [ -70.66504, -33.50214 ] } },
{ "type": "Feature", "properties": { "Nemonico OC": "DEPA", "tipo": "SW", "id_emplazamiento": 1313001, "nombre_emplazamiento": "DEPARTAMENTAL", "id_nodo": 1260, "nombre_nodo": "OLT-DEPA02", "Longitud": -70.66504, "Latitud": -33.50214, "title_nodo": "DEPA_OLT_2" }, "geometry": { "type": "Point", "coordinates": [ -70.66504, -33.50214 ] } },
{ "type": "Feature", "properties": { "Nemonico OC": "DEPA", "tipo": "SW", "id_emplazamiento": 1313001, "nombre_emplazamiento": "DEPARTAMENTAL", "id_nodo": 1269, "nombre_nodo": "OLT-DEPA03", "Longitud": -70.66504, "Latitud": -33.50214, "title_nodo": "DEPA_OLT_3" }, "geometry": { "type": "Point", "coordinates": [ -70.66504, -33.50214 ] } },
{ "type": "Feature", "properties": { "Nemonico OC": "DEPA", "tipo": "SW", "id_emplazamiento": 1313001, "nombre_emplazamiento": "DEPARTAMENTAL", "id_nodo": 1270, "nombre_nodo": "OLT-DEPA05", "Longitud": -70.66504, "Latitud": -33.50214, "title_nodo": "DEPA_OLT_5" }, "geometry": { "type": "Point", "coordinates": [ -70.66504, -33.50214 ] } },
{ "type": "Feature", "properties": { "Nemonico OC": "DEPA", "tipo": "SW", "id_emplazamiento": 1313001, "nombre_emplazamiento": "DEPARTAMENTAL", "id_nodo": 1261, "nombre_nodo": "OLT-DEPA07", "Longitud": -70.66504, "Latitud": -33.50214, "title_nodo": "DEPA_OLT_7" }, "geometry": { "type": "Point", "coordinates": [ -70.66504, -33.50214 ] } },
{ "type": "Feature", "properties": { "Nemonico OC": "DEPA", "tipo": "SW", "id_emplazamiento": 1313001, "nombre_emplazamiento": "DEPARTAMENTAL", "id_nodo": 1571, "nombre_nodo": "OLT-DEPA08", "Longitud": -70.66504, "Latitud": -33.50214, "title_nodo": "DEPA_OLT_8" }, "geometry": { "type": "Point", "coordinates": [ -70.66504, -33.50214 ] } },
{ "type": "Feature", "properties": { "Nemonico OC": "DEPA", "tipo": "SW", "id_emplazamiento": 1313001, "nombre_emplazamiento": "DEPARTAMENTAL", "id_nodo": 1268, "nombre_nodo": "OLT-DEPA09", "Longitud": -70.66504, "Latitud": -33.50214, "title_nodo": "DEPA_OLT_9" }, "geometry": { "type": "Point", "coordinates": [ -70.66504, -33.50214 ] } },
{ "type": "Feature", "properties": { "Nemonico OC": "DEPA", "tipo": "SW", "id_emplazamiento": 1313001, "nombre_emplazamiento": "DEPARTAMENTAL", "id_nodo": 1194, "nombre_nodo": "DEPA01-PE40", "Longitud": -70.66504, "Latitud": -33.50214, "title_nodo": "PE40DEPA01" }, "geometry": { "type": "Point", "coordinates": [ -70.66504, -33.50214 ] } },
{ "type": "Feature", "properties": { "Nemonico OC": "DEPA", "tipo": "SW", "id_emplazamiento": 1313001, "nombre_emplazamiento": "DEPARTAMENTAL", "id_nodo": 80, "nombre_nodo": "DEPA01-SW3550", "Longitud": -70.66504, "Latitud": -33.50214, "title_nodo": "SW35DEPA01" }, "geometry": { "type": "Point", "coordinates": [ -70.66504, -33.50214 ] } },
{ "type": "Feature", "properties": { "Nemonico OC": "DEPA", "tipo": "SW", "id_emplazamiento": 1313001, "nombre_emplazamiento": "DEPARTAMENTAL", "id_nodo": 269, "nombre_nodo": "TDEP01-SW6524", "Longitud": -70.66504, "Latitud": -33.50214, "title_nodo": "SW65TDEP01" }, "geometry": { "type": "Point", "coordinates": [ -70.66504, -33.50214 ] } },
{ "type": "Feature", "properties": { "Nemonico OC": "DEPA", "tipo": "SW", "id_emplazamiento": 1313001, "nombre_emplazamiento": "DEPARTAMENTAL", "id_nodo": 352, "nombre_nodo": "TDEP02-SW6524", "Longitud": -70.66504, "Latitud": -33.50214, "title_nodo": "SW65TDEP02" }, "geometry": { "type": "Point", "coordinates": [ -70.66504, -33.50214 ] } },
{ "type": "Feature", "properties": { "Nemonico OC": "DEPA", "tipo": "SW", "id_emplazamiento": 1313001, "nombre_emplazamiento": "DEPARTAMENTAL", "id_nodo": 640, "nombre_nodo": "DEPA01-SW9303", "Longitud": -70.66504, "Latitud": -33.50214, "title_nodo": "SW93DEPA01" }, "geometry": { "type": "Point", "coordinates": [ -70.66504, -33.50214 ] } },
{ "type": "Feature", "properties": { "Nemonico OC": "DEPA", "tipo": "SW", "id_emplazamiento": 1313001, "nombre_emplazamiento": "DEPARTAMENTAL", "id_nodo": 922, "nombre_nodo": "DEPA02-SW9303", "Longitud": -70.66504, "Latitud": -33.50214, "title_nodo": "SW93DEPA02" }, "geometry": { "type": "Point", "coordinates": [ -70.66504, -33.50214 ] } },
{ "type": "Feature", "properties": { "Nemonico OC": "DEPA", "tipo": "PE", "id_emplazamiento": 1313001, "nombre_emplazamiento": "DEPARTAMENTAL", "id_nodo": 378, "nombre_nodo": "DEPARTAMENTAL - PE96DEPA01 HL4 (CLI DIR)", "Longitud": -70.66504, "Latitud": -33.50214, "title_nodo": null }, "geometry": { "type": "Point", "coordinates": [ -70.66504, -33.50214 ] } },
{ "type": "Feature", "properties": { "Nemonico OC": "DEPA", "tipo": "SW", "id_emplazamiento": 1313001, "nombre_emplazamiento": "DEPARTAMENTAL", "id_nodo": 501, "nombre_nodo": "TDEP69-HUAWEI", "Longitud": -70.66504, "Latitud": -33.50214, "title_nodo": null }, "geometry": { "type": "Point", "coordinates": [ -70.66504, -33.50214 ] } },
{ "type": "Feature", "properties": { "Nemonico OC": "DEPA", "tipo": "SW", "id_emplazamiento": 1313001, "nombre_emplazamiento": "DEPARTAMENTAL", "id_nodo": 636, "nombre_nodo": "TDEP70-HUAWEI", "Longitud": -70.66504, "Latitud": -33.50214, "title_nodo": null }, "geometry": { "type": "Point", "coordinates": [ -70.66504, -33.50214 ] } },
{ "type": "Feature", "properties": { "Nemonico OC": "CIST", "tipo": "SW", "id_emplazamiento": 1310901, "nombre_emplazamiento": "LA CISTERNA", "id_nodo": 1411, "nombre_nodo": "OLT-CIST-1", "Longitud": -70.66577, "Latitud": -33.54019, "title_nodo": "CIST_OLT_1" }, "geometry": { "type": "Point", "coordinates": [ -70.66577, -33.54019 ] } },
{ "type": "Feature", "properties": { "Nemonico OC": "CIST", "tipo": "SW", "id_emplazamiento": 1310901, "nombre_emplazamiento": "LA CISTERNA", "id_nodo": 1437, "nombre_nodo": "OLT-CIST-2", "Longitud": -70.66577, "Latitud": -33.54019, "title_nodo": "CIST_OLT_2" }, "geometry": { "type": "Point", "coordinates": [ -70.66577, -33.54019 ] } },
{ "type": "Feature", "properties": { "Nemonico OC": "CIST", "tipo": "SW", "id_emplazamiento": 1310901, "nombre_emplazamiento": "LA CISTERNA", "id_nodo": 1554, "nombre_nodo": "OLT-CIST-3", "Longitud": -70.66577, "Latitud": -33.54019, "title_nodo": "CIST_OLT_3" }, "geometry": { "type": "Point", "coordinates": [ -70.66577, -33.54019 ] } },
{ "type": "Feature", "properties": { "Nemonico OC": "CIST", "tipo": "SW", "id_emplazamiento": 1310901, "nombre_emplazamiento": "LA CISTERNA", "id_nodo": 1772, "nombre_nodo": "OLT-CIST-4", "Longitud": -70.66577, "Latitud": -33.54019, "title_nodo": "CIST_OLT_4" }, "geometry": { "type": "Point", "coordinates": [ -70.66577, -33.54019 ] } },
{ "type": "Feature", "properties": { "Nemonico OC": "CIST", "tipo": "SW", "id_emplazamiento": 1310901, "nombre_emplazamiento": "LA CISTERNA", "id_nodo": 1299, "nombre_nodo": "CIST01-PE40", "Longitud": -70.66577, "Latitud": -33.54019, "title_nodo": "PE40CIST01" }, "geometry": { "type": "Point", "coordinates": [ -70.66577, -33.54019 ] } },
{ "type": "Feature", "properties": { "Nemonico OC": "CIST", "tipo": "SW", "id_emplazamiento": 1310901, "nombre_emplazamiento": "LA CISTERNA", "id_nodo": 1049, "nombre_nodo": "CIST02-PE40", "Longitud": -70.66577, "Latitud": -33.54019, "title_nodo": "PE40CIST02" }, "geometry": { "type": "Point", "coordinates": [ -70.66577, -33.54019 ] } },
{ "type": "Feature", "properties": { "Nemonico OC": "CIST", "tipo": "SW", "id_emplazamiento": 1310901, "nombre_emplazamiento": "LA CISTERNA", "id_nodo": 1504, "nombre_nodo": "CIST03-PE40-L", "Longitud": -70.66577, "Latitud": -33.54019, "title_nodo": "PE40CIST03-L" }, "geometry": { "type": "Point", "coordinates": [ -70.66577, -33.54019 ] } },
{ "type": "Feature", "properties": { "Nemonico OC": "CIST", "tipo": "SW", "id_emplazamiento": 1310901, "nombre_emplazamiento": "LA CISTERNA", "id_nodo": 998, "nombre_nodo": "FTLCIS-SW2303", "Longitud": -70.66577, "Latitud": -33.54019, "title_nodo": "SW23FTLCIS01" }, "geometry": { "type": "Point", "coordinates": [ -70.66577, -33.54019 ] } },
{ "type": "Feature", "properties": { "Nemonico OC": "CIST", "tipo": "SW", "id_emplazamiento": 1310901, "nombre_emplazamiento": "LA CISTERNA", "id_nodo": 466, "nombre_nodo": "CIST01-SW9303", "Longitud": -70.66577, "Latitud": -33.54019, "title_nodo": "SW93CIST01" }, "geometry": { "type": "Point", "coordinates": [ -70.66577, -33.54019 ] } },
{ "type": "Feature", "properties": { "Nemonico OC": "CIST", "tipo": "SW", "id_emplazamiento": 1310901, "nombre_emplazamiento": "LA CISTERNA", "id_nodo": 720, "nombre_nodo": "CIST02-SW9303", "Longitud": -70.66577, "Latitud": -33.54019, "title_nodo": "SW93CIST02" }, "geometry": { "type": "Point", "coordinates": [ -70.66577, -33.54019 ] } },
{ "type": "Feature", "properties": { "Nemonico OC": "CIST", "tipo": "SW", "id_emplazamiento": 1310901, "nombre_emplazamiento": "LA CISTERNA", "id_nodo": 750, "nombre_nodo": "CIST03-SW9303", "Longitud": -70.66577, "Latitud": -33.54019, "title_nodo": "SW93CIST03" }, "geometry": { "type": "Point", "coordinates": [ -70.66577, -33.54019 ] } },
{ "type": "Feature", "properties": { "Nemonico OC": "CIST", "tipo": "PE", "id_emplazamiento": 1310901, "nombre_emplazamiento": "LA CISTERNA", "id_nodo": 114, "nombre_nodo": "LA CISTERNA - PE06CIST01 (Cerrado)", "Longitud": -70.66577, "Latitud": -33.54019, "title_nodo": null }, "geometry": { "type": "Point", "coordinates": [ -70.66577, -33.54019 ] } },
{ "type": "Feature", "properties": { "Nemonico OC": "CIST", "tipo": "PE", "id_emplazamiento": 1310901, "nombre_emplazamiento": "LA CISTERNA", "id_nodo": 88, "nombre_nodo": "LA CISTERNA - PE76CIST01", "Longitud": -70.66577, "Latitud": -33.54019, "title_nodo": null }, "geometry": { "type": "Point", "coordinates": [ -70.66577, -33.54019 ] } },
{ "type": "Feature", "properties": { "Nemonico OC": "CIST", "tipo": "SW", "id_emplazamiento": 1310901, "nombre_emplazamiento": "LA CISTERNA", "id_nodo": 464, "nombre_nodo": "CIST69-HUAWEI", "Longitud": -70.66577, "Latitud": -33.54019, "title_nodo": null }, "geometry": { "type": "Point", "coordinates": [ -70.66577, -33.54019 ] } },
{ "type": "Feature", "properties": { "Nemonico OC": "CIST", "tipo": "SW", "id_emplazamiento": 1310901, "nombre_emplazamiento": "LA CISTERNA", "id_nodo": 476, "nombre_nodo": "CIST70-ALU", "Longitud": -70.66577, "Latitud": -33.54019, "title_nodo": null }, "geometry": { "type": "Point", "coordinates": [ -70.66577, -33.54019 ] } },
{ "type": "Feature", "properties": { "Nemonico OC": "CIST", "tipo": "SW", "id_emplazamiento": 1310901, "nombre_emplazamiento": "LA CISTERNA", "id_nodo": 678, "nombre_nodo": "CIST71-HUAWEI", "Longitud": -70.66577, "Latitud": -33.54019, "title_nodo": null }, "geometry": { "type": "Point", "coordinates": [ -70.66577, -33.54019 ] } },
{ "type": "Feature", "properties": { "Nemonico OC": "CHCU", "tipo": "SW", "id_emplazamiento": 1330105, "nombre_emplazamiento": "CHICUREO", "id_nodo": 1331, "nombre_nodo": "OLT-CHCU-2", "Longitud": -70.66753, "Latitud": -33.28117, "title_nodo": "CHCU_OLT_2" }, "geometry": { "type": "Point", "coordinates": [ -70.66753, -33.28117 ] } },
{ "type": "Feature", "properties": { "Nemonico OC": "CHCU", "tipo": "SW", "id_emplazamiento": 1330105, "nombre_emplazamiento": "CHICUREO", "id_nodo": 1680, "nombre_nodo": "OLT-CHCU-3", "Longitud": -70.66753, "Latitud": -33.28117, "title_nodo": "CHCU_OLT_3" }, "geometry": { "type": "Point", "coordinates": [ -70.66753, -33.28117 ] } },
{ "type": "Feature", "properties": { "Nemonico OC": "CHCU", "tipo": "SW", "id_emplazamiento": 1330105, "nombre_emplazamiento": "CHICUREO", "id_nodo": 632, "nombre_nodo": "CHIC01-SW9303", "Longitud": -70.66753, "Latitud": -33.28117, "title_nodo": "SW93CHIC01" }, "geometry": { "type": "Point", "coordinates": [ -70.66753, -33.28117 ] } },
{ "type": "Feature", "properties": { "Nemonico OC": "CHCU", "tipo": "PE", "id_emplazamiento": 1330105, "nombre_emplazamiento": "CHICUREO", "id_nodo": 414, "nombre_nodo": "CHICUREO - PE204CHIC01-L HL4 (CLI DIR)", "Longitud": -70.66753, "Latitud": -33.28117, "title_nodo": null }, "geometry": { "type": "Point", "coordinates": [ -70.66753, -33.28117 ] } },
{ "type": "Feature", "properties": { "Nemonico OC": "LFER", "tipo": "SW", "id_emplazamiento": 1312101, "nombre_emplazamiento": "LA FERIA", "id_nodo": 814, "nombre_nodo": "LFER01-SW9303", "Longitud": -70.66899, "Latitud": -33.47965, "title_nodo": "SW93LFER01" }, "geometry": { "type": "Point", "coordinates": [ -70.66899, -33.47965 ] } },
{ "type": "Feature", "properties": { "Nemonico OC": "FONT", "tipo": "SW", "id_emplazamiento": 1310716, "nombre_emplazamiento": "PEDRO FONTOVA", "id_nodo": 1752, "nombre_nodo": "OLT-FONT-2", "Longitud": -70.67023, "Latitud": -33.35379, "title_nodo": "FONT_OLT_2" }, "geometry": { "type": "Point", "coordinates": [ -70.67023, -33.35379 ] } },
{ "type": "Feature", "properties": { "Nemonico OC": "FONT", "tipo": "SW", "id_emplazamiento": 1310716, "nombre_emplazamiento": "PEDRO FONTOVA", "id_nodo": 1396, "nombre_nodo": "OLT-FONT-3", "Longitud": -70.67023, "Latitud": -33.35379, "title_nodo": "FONT_OLT_3" }, "geometry": { "type": "Point", "coordinates": [ -70.67023, -33.35379 ] } },
{ "type": "Feature", "properties": { "Nemonico OC": "FONT", "tipo": "SW", "id_emplazamiento": 1310716, "nombre_emplazamiento": "PEDRO FONTOVA", "id_nodo": 1749, "nombre_nodo": "PFON02-PE40-L", "Longitud": -70.67023, "Latitud": -33.35379, "title_nodo": "PE40PFON02-L" }, "geometry": { "type": "Point", "coordinates": [ -70.67023, -33.35379 ] } },
{ "type": "Feature", "properties": { "Nemonico OC": "FONT", "tipo": "SW", "id_emplazamiento": 1310716, "nombre_emplazamiento": "PEDRO FONTOVA", "id_nodo": 566, "nombre_nodo": "DW93-PFON01", "Longitud": -70.67023, "Latitud": -33.35379, "title_nodo": "SW93DPFO01" }, "geometry": { "type": "Point", "coordinates": [ -70.67023, -33.35379 ] } },
{ "type": "Feature", "properties": { "Nemonico OC": "FONT", "tipo": "SW", "id_emplazamiento": 1310716, "nombre_emplazamiento": "PEDRO FONTOVA", "id_nodo": 551, "nombre_nodo": "PFON02-SW9303", "Longitud": -70.67023, "Latitud": -33.35379, "title_nodo": "SW93PFON02" }, "geometry": { "type": "Point", "coordinates": [ -70.67023, -33.35379 ] } },
{ "type": "Feature", "properties": { "Nemonico OC": "FONT", "tipo": "PE", "id_emplazamiento": 1310716, "nombre_emplazamiento": "PEDRO FONTOVA", "id_nodo": 349, "nombre_nodo": "PEDRO FONTOVA - PE96PFON01 HL4 (CLI DIR)", "Longitud": -70.67023, "Latitud": -33.35379, "title_nodo": null }, "geometry": { "type": "Point", "coordinates": [ -70.67023, -33.35379 ] } },
{ "type": "Feature", "properties": { "Nemonico OC": "CONC", "tipo": "SW", "id_emplazamiento": 1310402, "nombre_emplazamiento": "CONCHALI", "id_nodo": 1386, "nombre_nodo": "OLT-CONC-2", "Longitud": -70.67274, "Latitud": -33.3929, "title_nodo": "CONC-2- OLT" }, "geometry": { "type": "Point", "coordinates": [ -70.67274, -33.3929 ] } },
{ "type": "Feature", "properties": { "Nemonico OC": "CONC", "tipo": "SW", "id_emplazamiento": 1310402, "nombre_emplazamiento": "CONCHALI", "id_nodo": 438, "nombre_nodo": "CNCH01-SW40E", "Longitud": -70.67274, "Latitud": -33.3929, "title_nodo": "SW40CNCH01" }, "geometry": { "type": "Point", "coordinates": [ -70.67274, -33.3929 ] } },
{ "type": "Feature", "properties": { "Nemonico OC": "CONC", "tipo": "SW", "id_emplazamiento": 1310402, "nombre_emplazamiento": "CONCHALI", "id_nodo": 951, "nombre_nodo": "CNCH01-SW9303", "Longitud": -70.67274, "Latitud": -33.3929, "title_nodo": "SW93CNCH01" }, "geometry": { "type": "Point", "coordinates": [ -70.67274, -33.3929 ] } },
{ "type": "Feature", "properties": { "Nemonico OC": "CONC", "tipo": "PE", "id_emplazamiento": 1310402, "nombre_emplazamiento": "CONCHALI", "id_nodo": 450, "nombre_nodo": "CONCHALI - PE96CNCH01-L HL4 (CLI DIR)", "Longitud": -70.67274, "Latitud": -33.3929, "title_nodo": null }, "geometry": { "type": "Point", "coordinates": [ -70.67274, -33.3929 ] } },
{ "type": "Feature", "properties": { "Nemonico OC": "CONC", "tipo": "SW", "id_emplazamiento": 1310402, "nombre_emplazamiento": "CONCHALI", "id_nodo": 1279, "nombre_nodo": "OLT-CONC-1", "Longitud": -70.67274, "Latitud": -33.3929, "title_nodo": null }, "geometry": { "type": "Point", "coordinates": [ -70.67274, -33.3929 ] } },
{ "type": "Feature", "properties": { "Nemonico OC": "CHIP", "tipo": "SW", "id_emplazamiento": 1310105, "nombre_emplazamiento": "CLUB HIPICO", "id_nodo": 1498, "nombre_nodo": "OLT-CHIP-2", "Longitud": -70.67356, "Latitud": -33.4653, "title_nodo": "CHIP-2- OLT" }, "geometry": { "type": "Point", "coordinates": [ -70.67356, -33.4653 ] } },
{ "type": "Feature", "properties": { "Nemonico OC": "CHIP", "tipo": "SW", "id_emplazamiento": 1310105, "nombre_emplazamiento": "CLUB HIPICO", "id_nodo": 1168, "nombre_nodo": "OLT-CHIP-7", "Longitud": -70.67356, "Latitud": -33.4653, "title_nodo": "CHIP-7- OLT" }, "geometry": { "type": "Point", "coordinates": [ -70.67356, -33.4653 ] } },
{ "type": "Feature", "properties": { "Nemonico OC": "CHIP", "tipo": "SW", "id_emplazamiento": 1310105, "nombre_emplazamiento": "CLUB HIPICO", "id_nodo": 1039, "nombre_nodo": "CHIP01-PE40", "Longitud": -70.67356, "Latitud": -33.4653, "title_nodo": "PE40CHIP01" }, "geometry": { "type": "Point", "coordinates": [ -70.67356, -33.4653 ] } },
{ "type": "Feature", "properties": { "Nemonico OC": "CHIP", "tipo": "SW", "id_emplazamiento": 1310105, "nombre_emplazamiento": "CLUB HIPICO", "id_nodo": 387, "nombre_nodo": "CHIP01-SW6524", "Longitud": -70.67356, "Latitud": -33.4653, "title_nodo": "SW65CHIP01" }, "geometry": { "type": "Point", "coordinates": [ -70.67356, -33.4653 ] } },
{ "type": "Feature", "properties": { "Nemonico OC": "CHIP", "tipo": "SW", "id_emplazamiento": 1310105, "nombre_emplazamiento": "CLUB HIPICO", "id_nodo": 675, "nombre_nodo": "CHIP01-SW9303", "Longitud": -70.67356, "Latitud": -33.4653, "title_nodo": "SW93CHIP01" }, "geometry": { "type": "Point", "coordinates": [ -70.67356, -33.4653 ] } },
{ "type": "Feature", "properties": { "Nemonico OC": "AGUS", "tipo": "SW", "id_emplazamiento": 1310109, "nombre_emplazamiento": "AGUSTINAS", "id_nodo": 1096, "nombre_nodo": "OLT-AGUS-3", "Longitud": -70.67527, "Latitud": -33.44679, "title_nodo": "AGUS_OLT_3" }, "geometry": { "type": "Point", "coordinates": [ -70.67527, -33.44679 ] } },
{ "type": "Feature", "properties": { "Nemonico OC": "AGUS", "tipo": "SW", "id_emplazamiento": 1310109, "nombre_emplazamiento": "AGUSTINAS", "id_nodo": 1563, "nombre_nodo": "OLT-AGUS-2", "Longitud": -70.67527, "Latitud": -33.44679, "title_nodo": "AGUS-2- OLT" }, "geometry": { "type": "Point", "coordinates": [ -70.67527, -33.44679 ] } },
{ "type": "Feature", "properties": { "Nemonico OC": "AGUS", "tipo": "SW", "id_emplazamiento": 1310109, "nombre_emplazamiento": "AGUSTINAS", "id_nodo": 1036, "nombre_nodo": "AGUS01-PE40", "Longitud": -70.67527, "Latitud": -33.44679, "title_nodo": "PE40AGUS01" }, "geometry": { "type": "Point", "coordinates": [ -70.67527, -33.44679 ] } },
{ "type": "Feature", "properties": { "Nemonico OC": "AGUS", "tipo": "SW", "id_emplazamiento": 1310109, "nombre_emplazamiento": "AGUSTINAS", "id_nodo": 1587, "nombre_nodo": "AGUS02-PE40-L", "Longitud": -70.67527, "Latitud": -33.44679, "title_nodo": "PE40AGUS02-L" }, "geometry": { "type": "Point", "coordinates": [ -70.67527, -33.44679 ] } },
{ "type": "Feature", "properties": { "Nemonico OC": "AGUS", "tipo": "SW", "id_emplazamiento": 1310109, "nombre_emplazamiento": "AGUSTINAS", "id_nodo": 453, "nombre_nodo": "AGUS01-SW40E", "Longitud": -70.67527, "Latitud": -33.44679, "title_nodo": "SW40AGUS01" }, "geometry": { "type": "Point", "coordinates": [ -70.67527, -33.44679 ] } },
{ "type": "Feature", "properties": { "Nemonico OC": "AGUS", "tipo": "SW", "id_emplazamiento": 1310109, "nombre_emplazamiento": "AGUSTINAS", "id_nodo": 751, "nombre_nodo": "AGUS02-SW9303", "Longitud": -70.67527, "Latitud": -33.44679, "title_nodo": "SW93AGUS02" }, "geometry": { "type": "Point", "coordinates": [ -70.67527, -33.44679 ] } },
{ "type": "Feature", "properties": { "Nemonico OC": "AGUS", "tipo": "SW", "id_emplazamiento": 1310109, "nombre_emplazamiento": "AGUSTINAS", "id_nodo": 1539, "nombre_nodo": "AGUS03-SW9303", "Longitud": -70.67527, "Latitud": -33.44679, "title_nodo": "SW93AGUS03" }, "geometry": { "type": "Point", "coordinates": [ -70.67527, -33.44679 ] } },
{ "type": "Feature", "properties": { "Nemonico OC": "AGUS", "tipo": "SW", "id_emplazamiento": 1310109, "nombre_emplazamiento": "AGUSTINAS", "id_nodo": 1540, "nombre_nodo": "AGUS04-SW9303", "Longitud": -70.67527, "Latitud": -33.44679, "title_nodo": "SW93AGUS04" }, "geometry": { "type": "Point", "coordinates": [ -70.67527, -33.44679 ] } },
{ "type": "Feature", "properties": { "Nemonico OC": "AGUS", "tipo": "SW", "id_emplazamiento": 1310109, "nombre_emplazamiento": "AGUSTINAS", "id_nodo": 1548, "nombre_nodo": "OLT-AGUS-4", "Longitud": -70.67527, "Latitud": -33.44679, "title_nodo": null }, "geometry": { "type": "Point", "coordinates": [ -70.67527, -33.44679 ] } },
{ "type": "Feature", "properties": { "Nemonico OC": "AGUS", "tipo": "SW", "id_emplazamiento": 1310109, "nombre_emplazamiento": "AGUSTINAS", "id_nodo": 1553, "nombre_nodo": "OLT-AGUS-5", "Longitud": -70.67527, "Latitud": -33.44679, "title_nodo": null }, "geometry": { "type": "Point", "coordinates": [ -70.67527, -33.44679 ] } },
{ "type": "Feature", "properties": { "Nemonico OC": "COLI", "tipo": "SW", "id_emplazamiento": 1330108, "nombre_emplazamiento": "COLINA", "id_nodo": 1405, "nombre_nodo": "OLT-COLI-1", "Longitud": -70.67815, "Latitud": -33.20447, "title_nodo": "COLI_OLT_1" }, "geometry": { "type": "Point", "coordinates": [ -70.67815, -33.20447 ] } },
{ "type": "Feature", "properties": { "Nemonico OC": "COLI", "tipo": "SW", "id_emplazamiento": 1330108, "nombre_emplazamiento": "COLINA", "id_nodo": 1806, "nombre_nodo": "OLT-COLI-2", "Longitud": -70.67815, "Latitud": -33.20447, "title_nodo": "COLI_OLT_2" }, "geometry": { "type": "Point", "coordinates": [ -70.67815, -33.20447 ] } },
{ "type": "Feature", "properties": { "Nemonico OC": "COLI", "tipo": "SW", "id_emplazamiento": 1330108, "nombre_emplazamiento": "COLINA", "id_nodo": 995, "nombre_nodo": "COLI01-PE40", "Longitud": -70.67815, "Latitud": -33.20447, "title_nodo": "PE40COLI01" }, "geometry": { "type": "Point", "coordinates": [ -70.67815, -33.20447 ] } },
{ "type": "Feature", "properties": { "Nemonico OC": "COLI", "tipo": "SW", "id_emplazamiento": 1330108, "nombre_emplazamiento": "COLINA", "id_nodo": 552, "nombre_nodo": "COLI01-SW9303", "Longitud": -70.67815, "Latitud": -33.20447, "title_nodo": "SW93COLI01" }, "geometry": { "type": "Point", "coordinates": [ -70.67815, -33.20447 ] } },
{ "type": "Feature", "properties": { "Nemonico OC": "COLI", "tipo": "SW", "id_emplazamiento": 1330108, "nombre_emplazamiento": "COLINA", "id_nodo": 565, "nombre_nodo": "DW93-COLI01", "Longitud": -70.67815, "Latitud": -33.20447, "title_nodo": "SW93DCOL01" }, "geometry": { "type": "Point", "coordinates": [ -70.67815, -33.20447 ] } },
{ "type": "Feature", "properties": { "Nemonico OC": "COLI", "tipo": "SW", "id_emplazamiento": 1330108, "nombre_emplazamiento": "COLINA", "id_nodo": 742, "nombre_nodo": "COLI69-HUAWEI", "Longitud": -70.67815, "Latitud": -33.20447, "title_nodo": null }, "geometry": { "type": "Point", "coordinates": [ -70.67815, -33.20447 ] } },
{ "type": "Feature", "properties": { "Nemonico OC": "COLI", "tipo": "SW", "id_emplazamiento": 1330108, "nombre_emplazamiento": "COLINA", "id_nodo": 1329, "nombre_nodo": "COLI70-HUAWEI", "Longitud": -70.67815, "Latitud": -33.20447, "title_nodo": null }, "geometry": { "type": "Point", "coordinates": [ -70.67815, -33.20447 ] } },
{ "type": "Feature", "properties": { "Nemonico OC": "ECOR", "tipo": "SW", "id_emplazamiento": 1310401, "nombre_emplazamiento": "EL CORTIJO", "id_nodo": 1561, "nombre_nodo": "OLT-ECOR-3", "Longitud": -70.67964, "Latitud": -33.37799, "title_nodo": "ECOR-3- OLT" }, "geometry": { "type": "Point", "coordinates": [ -70.67964, -33.37799 ] } },
{ "type": "Feature", "properties": { "Nemonico OC": "ECOR", "tipo": "SW", "id_emplazamiento": 1310401, "nombre_emplazamiento": "EL CORTIJO", "id_nodo": 1206, "nombre_nodo": "ECOR01-PE40", "Longitud": -70.67964, "Latitud": -33.37799, "title_nodo": "PE40ECOR01" }, "geometry": { "type": "Point", "coordinates": [ -70.67964, -33.37799 ] } },
{ "type": "Feature", "properties": { "Nemonico OC": "ECOR", "tipo": "SW", "id_emplazamiento": 1310401, "nombre_emplazamiento": "EL CORTIJO", "id_nodo": 1032, "nombre_nodo": "ECOR02-PE40", "Longitud": -70.67964, "Latitud": -33.37799, "title_nodo": "PE40ECOR02" }, "geometry": { "type": "Point", "coordinates": [ -70.67964, -33.37799 ] } },
{ "type": "Feature", "properties": { "Nemonico OC": "ECOR", "tipo": "SW", "id_emplazamiento": 1310401, "nombre_emplazamiento": "EL CORTIJO", "id_nodo": 285, "nombre_nodo": "ECOR01-SW6524", "Longitud": -70.67964, "Latitud": -33.37799, "title_nodo": "SW65ECOR01" }, "geometry": { "type": "Point", "coordinates": [ -70.67964, -33.37799 ] } },
{ "type": "Feature", "properties": { "Nemonico OC": "ECOR", "tipo": "SW", "id_emplazamiento": 1310401, "nombre_emplazamiento": "EL CORTIJO", "id_nodo": 349, "nombre_nodo": "TECO01-SW6524", "Longitud": -70.67964, "Latitud": -33.37799, "title_nodo": "SW65TECO01" }, "geometry": { "type": "Point", "coordinates": [ -70.67964, -33.37799 ] } },
{ "type": "Feature", "properties": { "Nemonico OC": "ECOR", "tipo": "SW", "id_emplazamiento": 1310401, "nombre_emplazamiento": "EL CORTIJO", "id_nodo": 460, "nombre_nodo": "ECOR01-SW9303", "Longitud": -70.67964, "Latitud": -33.37799, "title_nodo": "SW93ECOR01" }, "geometry": { "type": "Point", "coordinates": [ -70.67964, -33.37799 ] } },
{ "type": "Feature", "properties": { "Nemonico OC": "ECOR", "tipo": "SW", "id_emplazamiento": 1310401, "nombre_emplazamiento": "EL CORTIJO", "id_nodo": 785, "nombre_nodo": "ECOR02-SW9303", "Longitud": -70.67964, "Latitud": -33.37799, "title_nodo": "SW93ECOR02" }, "geometry": { "type": "Point", "coordinates": [ -70.67964, -33.37799 ] } },
{ "type": "Feature", "properties": { "Nemonico OC": "ECOR", "tipo": "PE", "id_emplazamiento": 1310401, "nombre_emplazamiento": "EL CORTIJO", "id_nodo": 84, "nombre_nodo": "EL CORTIJO - PE76ECOR01", "Longitud": -70.67964, "Latitud": -33.37799, "title_nodo": null }, "geometry": { "type": "Point", "coordinates": [ -70.67964, -33.37799 ] } },
{ "type": "Feature", "properties": { "Nemonico OC": "ECOR", "tipo": "SW", "id_emplazamiento": 1310401, "nombre_emplazamiento": "EL CORTIJO", "id_nodo": 1291, "nombre_nodo": "OLT-ECOR-1", "Longitud": -70.67964, "Latitud": -33.37799, "title_nodo": null }, "geometry": { "type": "Point", "coordinates": [ -70.67964, -33.37799 ] } },
{ "type": "Feature", "properties": { "Nemonico OC": "ECOR", "tipo": "SW", "id_emplazamiento": 1310401, "nombre_emplazamiento": "EL CORTIJO", "id_nodo": 1285, "nombre_nodo": "OLT-ECOR-2", "Longitud": -70.67964, "Latitud": -33.37799, "title_nodo": null }, "geometry": { "type": "Point", "coordinates": [ -70.67964, -33.37799 ] } },
{ "type": "Feature", "properties": { "Nemonico OC": "ECOR", "tipo": "SW", "id_emplazamiento": 1310401, "nombre_emplazamiento": "EL CORTIJO", "id_nodo": 485, "nombre_nodo": "ECOR69-HUAWEI", "Longitud": -70.67964, "Latitud": -33.37799, "title_nodo": null }, "geometry": { "type": "Point", "coordinates": [ -70.67964, -33.37799 ] } },
{ "type": "Feature", "properties": { "Nemonico OC": "ECOR", "tipo": "SW", "id_emplazamiento": 1310401, "nombre_emplazamiento": "EL CORTIJO", "id_nodo": 1787, "nombre_nodo": "ECOR70-HUAWEI", "Longitud": -70.67964, "Latitud": -33.37799, "title_nodo": null }, "geometry": { "type": "Point", "coordinates": [ -70.67964, -33.37799 ] } },
{ "type": "Feature", "properties": { "Nemonico OC": "ECOR", "tipo": "SW", "id_emplazamiento": 1310401, "nombre_emplazamiento": "EL CORTIJO", "id_nodo": 1477, "nombre_nodo": "ECOR71-HUAWEI", "Longitud": -70.67964, "Latitud": -33.37799, "title_nodo": null }, "geometry": { "type": "Point", "coordinates": [ -70.67964, -33.37799 ] } },
{ "type": "Feature", "properties": { "Nemonico OC": "LGRA", "tipo": "SW", "id_emplazamiento": 1310501, "nombre_emplazamiento": "LA GRANJA", "id_nodo": 1755, "nombre_nodo": "LGRA02-PE40-L", "Longitud": -70.68351, "Latitud": -33.5698, "title_nodo": "PE40LGRA02-L" }, "geometry": { "type": "Point", "coordinates": [ -70.68351, -33.5698 ] } },
{ "type": "Feature", "properties": { "Nemonico OC": "LGRA", "tipo": "SW", "id_emplazamiento": 1310501, "nombre_emplazamiento": "LA GRANJA", "id_nodo": 264, "nombre_nodo": "LGRA01-SW6524", "Longitud": -70.68351, "Latitud": -33.5698, "title_nodo": "SW65LGRA01" }, "geometry": { "type": "Point", "coordinates": [ -70.68351, -33.5698 ] } },
{ "type": "Feature", "properties": { "Nemonico OC": "LGRA", "tipo": "SW", "id_emplazamiento": 1310501, "nombre_emplazamiento": "LA GRANJA", "id_nodo": 693, "nombre_nodo": "LGRA01-SW9303", "Longitud": -70.68351, "Latitud": -33.5698, "title_nodo": "SW93LGRA01" }, "geometry": { "type": "Point", "coordinates": [ -70.68351, -33.5698 ] } },
{ "type": "Feature", "properties": { "Nemonico OC": "LGRA", "tipo": "PE", "id_emplazamiento": 1310501, "nombre_emplazamiento": "LA GRANJA", "id_nodo": 347, "nombre_nodo": "LA GRANJA - PE96LGRA01 HL4 (CLI DIR)) CERRADO", "Longitud": -70.68351, "Latitud": -33.5698, "title_nodo": null }, "geometry": { "type": "Point", "coordinates": [ -70.68351, -33.5698 ] } },
{ "type": "Feature", "properties": { "Nemonico OC": "LGRA", "tipo": "SW", "id_emplazamiento": 1310501, "nombre_emplazamiento": "LA GRANJA", "id_nodo": 700, "nombre_nodo": "LGRA69-HUAWEI", "Longitud": -70.68351, "Latitud": -33.5698, "title_nodo": null }, "geometry": { "type": "Point", "coordinates": [ -70.68351, -33.5698 ] } },
{ "type": "Feature", "properties": { "Nemonico OC": "LGRA", "tipo": "SW", "id_emplazamiento": 1310501, "nombre_emplazamiento": "LA GRANJA", "id_nodo": 907, "nombre_nodo": "LGRA70-HUAWEI", "Longitud": -70.68351, "Latitud": -33.5698, "title_nodo": null }, "geometry": { "type": "Point", "coordinates": [ -70.68351, -33.5698 ] } },
{ "type": "Feature", "properties": { "Nemonico OC": "LESP", "tipo": "SW", "id_emplazamiento": 1311601, "nombre_emplazamiento": "LO ESPEJO", "id_nodo": 504, "nombre_nodo": "LESP01-SW9303", "Longitud": -70.68659, "Latitud": -33.51549, "title_nodo": "SW93LESP01" }, "geometry": { "type": "Point", "coordinates": [ -70.68659, -33.51549 ] } },
{ "type": "Feature", "properties": { "Nemonico OC": "LESP", "tipo": "PE", "id_emplazamiento": 1311601, "nombre_emplazamiento": "LO ESPEJO", "id_nodo": 327, "nombre_nodo": "LO ESPEJO - PE96LESP01 HL4 (CLI DIR)", "Longitud": -70.68659, "Latitud": -33.51549, "title_nodo": null }, "geometry": { "type": "Point", "coordinates": [ -70.68659, -33.51549 ] } },
{ "type": "Feature", "properties": { "Nemonico OC": "RINC", "tipo": "PE", "id_emplazamiento": 530122, "nombre_emplazamiento": "RINCONADA DE LOS ANDES", "id_nodo": 445, "nombre_nodo": "RINCONADA DE LOS ANDES - PE80RINC01-L", "Longitud": -70.68885, "Latitud": -32.83282, "title_nodo": null }, "geometry": { "type": "Point", "coordinates": [ -70.68885, -32.83282 ] } },
{ "type": "Feature", "properties": { "Nemonico OC": "LCNT", "tipo": "SW", "id_emplazamiento": 1330110, "nombre_emplazamiento": "LAS CANTERAS (COLINA)", "id_nodo": 1654, "nombre_nodo": "OLT-LCNT-2", "Longitud": -70.69477, "Latitud": -33.3057, "title_nodo": "LCNT_OLT_2" }, "geometry": { "type": "Point", "coordinates": [ -70.69477, -33.3057 ] } },
{ "type": "Feature", "properties": { "Nemonico OC": "LCNT", "tipo": "PE", "id_emplazamiento": 1330110, "nombre_emplazamiento": "LAS CANTERAS (COLINA)", "id_nodo": 427, "nombre_nodo": "LAS CANTERAS - PE204LCNT01-L HL4 (CLI DIR)", "Longitud": -70.69477, "Latitud": -33.3057, "title_nodo": null }, "geometry": { "type": "Point", "coordinates": [ -70.69477, -33.3057 ] } },
{ "type": "Feature", "properties": { "Nemonico OC": "MAES", "tipo": "SW", "id_emplazamiento": 1340107, "nombre_emplazamiento": "MAESTRANZA", "id_nodo": 1453, "nombre_nodo": "OLT-MAES-3", "Longitud": -70.69601, "Latitud": -33.61641, "title_nodo": "MAES-3- OLT" }, "geometry": { "type": "Point", "coordinates": [ -70.69601, -33.61641 ] } },
{ "type": "Feature", "properties": { "Nemonico OC": "MAES", "tipo": "SW", "id_emplazamiento": 1340107, "nombre_emplazamiento": "MAESTRANZA", "id_nodo": 1471, "nombre_nodo": "OLT-MAES-4", "Longitud": -70.69601, "Latitud": -33.61641, "title_nodo": "MAES-4- OLT" }, "geometry": { "type": "Point", "coordinates": [ -70.69601, -33.61641 ] } },
{ "type": "Feature", "properties": { "Nemonico OC": "MAES", "tipo": "PE", "id_emplazamiento": 1340107, "nombre_emplazamiento": "MAESTRANZA", "id_nodo": 344, "nombre_nodo": "MAESTRANZA - PE96MAES01 (CLI DIR)", "Longitud": -70.69601, "Latitud": -33.61641, "title_nodo": null }, "geometry": { "type": "Point", "coordinates": [ -70.69601, -33.61641 ] } },
{ "type": "Feature", "properties": { "Nemonico OC": "LREJ", "tipo": "SW", "id_emplazamiento": 1310602, "nombre_emplazamiento": "LAS REJAS", "id_nodo": 1639, "nombre_nodo": "OLT-LREJ-6", "Longitud": -70.69787, "Latitud": -33.45596, "title_nodo": "LREJ_OLT_6" }, "geometry": { "type": "Point", "coordinates": [ -70.69787, -33.45596 ] } },
{ "type": "Feature", "properties": { "Nemonico OC": "LREJ", "tipo": "SW", "id_emplazamiento": 1310602, "nombre_emplazamiento": "LAS REJAS", "id_nodo": 1256, "nombre_nodo": "OLT-LREJ-2", "Longitud": -70.69787, "Latitud": -33.45596, "title_nodo": "LREJ-2- OLT" }, "geometry": { "type": "Point", "coordinates": [ -70.69787, -33.45596 ] } },
{ "type": "Feature", "properties": { "Nemonico OC": "LREJ", "tipo": "SW", "id_emplazamiento": 1310602, "nombre_emplazamiento": "LAS REJAS", "id_nodo": 1469, "nombre_nodo": "OLT-LREJ-4", "Longitud": -70.69787, "Latitud": -33.45596, "title_nodo": "LREJ-4- OLT" }, "geometry": { "type": "Point", "coordinates": [ -70.69787, -33.45596 ] } },
{ "type": "Feature", "properties": { "Nemonico OC": "LREJ", "tipo": "SW", "id_emplazamiento": 1310602, "nombre_emplazamiento": "LAS REJAS", "id_nodo": 1452, "nombre_nodo": "OLT-LREJ-7", "Longitud": -70.69787, "Latitud": -33.45596, "title_nodo": "LREJ-7- OLT" }, "geometry": { "type": "Point", "coordinates": [ -70.69787, -33.45596 ] } },
{ "type": "Feature", "properties": { "Nemonico OC": "LREJ", "tipo": "SW", "id_emplazamiento": 1310602, "nombre_emplazamiento": "LAS REJAS", "id_nodo": 1558, "nombre_nodo": "OLT-LREJ-8", "Longitud": -70.69787, "Latitud": -33.45596, "title_nodo": "LREJ-8- OLT" }, "geometry": { "type": "Point", "coordinates": [ -70.69787, -33.45596 ] } },
{ "type": "Feature", "properties": { "Nemonico OC": "LREJ", "tipo": "SW", "id_emplazamiento": 1310602, "nombre_emplazamiento": "LAS REJAS", "id_nodo": 1152, "nombre_nodo": "LREJ01-PE40", "Longitud": -70.69787, "Latitud": -33.45596, "title_nodo": "PE40LREJ01" }, "geometry": { "type": "Point", "coordinates": [ -70.69787, -33.45596 ] } },
{ "type": "Feature", "properties": { "Nemonico OC": "LREJ", "tipo": "SW", "id_emplazamiento": 1310602, "nombre_emplazamiento": "LAS REJAS", "id_nodo": 1022, "nombre_nodo": "LREJ02-PE40", "Longitud": -70.69787, "Latitud": -33.45596, "title_nodo": "PE40LREJ02" }, "geometry": { "type": "Point", "coordinates": [ -70.69787, -33.45596 ] } },
{ "type": "Feature", "properties": { "Nemonico OC": "LREJ", "tipo": "SW", "id_emplazamiento": 1310602, "nombre_emplazamiento": "LAS REJAS", "id_nodo": 1508, "nombre_nodo": "LREJ03-PE40-L", "Longitud": -70.69787, "Latitud": -33.45596, "title_nodo": "PE40LREJ03-L" }, "geometry": { "type": "Point", "coordinates": [ -70.69787, -33.45596 ] } },
{ "type": "Feature", "properties": { "Nemonico OC": "LREJ", "tipo": "SW", "id_emplazamiento": 1310602, "nombre_emplazamiento": "LAS REJAS", "id_nodo": 1533, "nombre_nodo": "LREJ04-PE40-L", "Longitud": -70.69787, "Latitud": -33.45596, "title_nodo": "PE40LREJ04-L" }, "geometry": { "type": "Point", "coordinates": [ -70.69787, -33.45596 ] } },
{ "type": "Feature", "properties": { "Nemonico OC": "LREJ", "tipo": "SW", "id_emplazamiento": 1310602, "nombre_emplazamiento": "LAS REJAS", "id_nodo": 333, "nombre_nodo": "LREJ01-SW6524", "Longitud": -70.69787, "Latitud": -33.45596, "title_nodo": "SW65LREJ01" }, "geometry": { "type": "Point", "coordinates": [ -70.69787, -33.45596 ] } },
{ "type": "Feature", "properties": { "Nemonico OC": "LREJ", "tipo": "SW", "id_emplazamiento": 1310602, "nombre_emplazamiento": "LAS REJAS", "id_nodo": 521, "nombre_nodo": "TLRJ01-SW6524", "Longitud": -70.69787, "Latitud": -33.45596, "title_nodo": "SW65TLRJ01" }, "geometry": { "type": "Point", "coordinates": [ -70.69787, -33.45596 ] } },
{ "type": "Feature", "properties": { "Nemonico OC": "LREJ", "tipo": "SW", "id_emplazamiento": 1310602, "nombre_emplazamiento": "LAS REJAS", "id_nodo": 723, "nombre_nodo": "LREJ01-SW9303", "Longitud": -70.69787, "Latitud": -33.45596, "title_nodo": "SW93LREJ01" }, "geometry": { "type": "Point", "coordinates": [ -70.69787, -33.45596 ] } },
{ "type": "Feature", "properties": { "Nemonico OC": "LREJ", "tipo": "SW", "id_emplazamiento": 1310602, "nombre_emplazamiento": "LAS REJAS", "id_nodo": 495, "nombre_nodo": "LREJ02-SW9303", "Longitud": -70.69787, "Latitud": -33.45596, "title_nodo": "SW93LREJ02" }, "geometry": { "type": "Point", "coordinates": [ -70.69787, -33.45596 ] } },
{ "type": "Feature", "properties": { "Nemonico OC": "LREJ", "tipo": "PE", "id_emplazamiento": 1310602, "nombre_emplazamiento": "LAS REJAS", "id_nodo": 261, "nombre_nodo": "LAS REJAS - PE10LREJ01", "Longitud": -70.69787, "Latitud": -33.45596, "title_nodo": null }, "geometry": { "type": "Point", "coordinates": [ -70.69787, -33.45596 ] } },
{ "type": "Feature", "properties": { "Nemonico OC": "LREJ", "tipo": "PE", "id_emplazamiento": 1310602, "nombre_emplazamiento": "LAS REJAS", "id_nodo": 87, "nombre_nodo": "LAS REJAS - PE76LREJ01", "Longitud": -70.69787, "Latitud": -33.45596, "title_nodo": null }, "geometry": { "type": "Point", "coordinates": [ -70.69787, -33.45596 ] } },
{ "type": "Feature", "properties": { "Nemonico OC": "LREJ", "tipo": "SW", "id_emplazamiento": 1310602, "nombre_emplazamiento": "LAS REJAS", "id_nodo": 477, "nombre_nodo": "LREJ69-HUAWEI", "Longitud": -70.69787, "Latitud": -33.45596, "title_nodo": null }, "geometry": { "type": "Point", "coordinates": [ -70.69787, -33.45596 ] } },
{ "type": "Feature", "properties": { "Nemonico OC": "LREJ", "tipo": "SW", "id_emplazamiento": 1310602, "nombre_emplazamiento": "LAS REJAS", "id_nodo": 515, "nombre_nodo": "LREJ70-HUAWEI", "Longitud": -70.69787, "Latitud": -33.45596, "title_nodo": null }, "geometry": { "type": "Point", "coordinates": [ -70.69787, -33.45596 ] } },
{ "type": "Feature", "properties": { "Nemonico OC": "LREJ", "tipo": "SW", "id_emplazamiento": 1310602, "nombre_emplazamiento": "LAS REJAS", "id_nodo": 677, "nombre_nodo": "LREJ71-HUAWEI", "Longitud": -70.69787, "Latitud": -33.45596, "title_nodo": null }, "geometry": { "type": "Point", "coordinates": [ -70.69787, -33.45596 ] } },
{ "type": "Feature", "properties": { "Nemonico OC": "LACO", "tipo": "PE", "id_emplazamiento": 1330106, "nombre_emplazamiento": "LO ARCAYA DE COLINA", "id_nodo": 418, "nombre_nodo": "LO ARCAYA DE COLINA - PE204LACO01-L (CLI DIR)", "Longitud": -70.69835, "Latitud": -33.24622, "title_nodo": null }, "geometry": { "type": "Point", "coordinates": [ -70.69835, -33.24622 ] } },
{ "type": "Feature", "properties": { "Nemonico OC": "LACO", "tipo": "SW", "id_emplazamiento": 1330106, "nombre_emplazamiento": "LO ARCAYA DE COLINA", "id_nodo": 1297, "nombre_nodo": "OLT-LACO2", "Longitud": -70.69835, "Latitud": -33.24622, "title_nodo": null }, "geometry": { "type": "Point", "coordinates": [ -70.69835, -33.24622 ] } },
{ "type": "Feature", "properties": { "Nemonico OC": "LACO", "tipo": "SW", "id_emplazamiento": 1330106, "nombre_emplazamiento": "LO ARCAYA DE COLINA", "id_nodo": 1267, "nombre_nodo": "OLT-LACO3", "Longitud": -70.69835, "Latitud": -33.24622, "title_nodo": null }, "geometry": { "type": "Point", "coordinates": [ -70.69835, -33.24622 ] } },
{ "type": "Feature", "properties": { "Nemonico OC": "PANS", "tipo": "SW", "id_emplazamiento": 1340103, "nombre_emplazamiento": "PANAMERICANA SUR", "id_nodo": 1205, "nombre_nodo": "PASU01-PE40", "Longitud": -70.69886, "Latitud": -33.5321, "title_nodo": "PE40PASU01" }, "geometry": { "type": "Point", "coordinates": [ -70.69886, -33.5321 ] } },
{ "type": "Feature", "properties": { "Nemonico OC": "PANS", "tipo": "SW", "id_emplazamiento": 1340103, "nombre_emplazamiento": "PANAMERICANA SUR", "id_nodo": 748, "nombre_nodo": "PASU01-SW9303", "Longitud": -70.69886, "Latitud": -33.5321, "title_nodo": "SW93PASU01" }, "geometry": { "type": "Point", "coordinates": [ -70.69886, -33.5321 ] } },
{ "type": "Feature", "properties": { "Nemonico OC": "PANS", "tipo": "SW", "id_emplazamiento": 1340103, "nombre_emplazamiento": "PANAMERICANA SUR", "id_nodo": 939, "nombre_nodo": "PASU69-HUAWEI", "Longitud": -70.69886, "Latitud": -33.5321, "title_nodo": null }, "geometry": { "type": "Point", "coordinates": [ -70.69886, -33.5321 ] } },
{ "type": "Feature", "properties": { "Nemonico OC": "RENC", "tipo": "SW", "id_emplazamiento": 1312804, "nombre_emplazamiento": "RENCA", "id_nodo": 1190, "nombre_nodo": "RENC01-PE40", "Longitud": -70.69931, "Latitud": -33.40358, "title_nodo": "PE40RENC01" }, "geometry": { "type": "Point", "coordinates": [ -70.69931, -33.40358 ] } },
{ "type": "Feature", "properties": { "Nemonico OC": "RENC", "tipo": "SW", "id_emplazamiento": 1312804, "nombre_emplazamiento": "RENCA", "id_nodo": 966, "nombre_nodo": "FTRENC-SW2303", "Longitud": -70.69931, "Latitud": -33.40358, "title_nodo": "SW23FTRENC01" }, "geometry": { "type": "Point", "coordinates": [ -70.69931, -33.40358 ] } },
{ "type": "Feature", "properties": { "Nemonico OC": "RENC", "tipo": "SW", "id_emplazamiento": 1312804, "nombre_emplazamiento": "RENCA", "id_nodo": 302, "nombre_nodo": "RENC01-SW3750", "Longitud": -70.69931, "Latitud": -33.40358, "title_nodo": "SW37RENC01" }, "geometry": { "type": "Point", "coordinates": [ -70.69931, -33.40358 ] } },
{ "type": "Feature", "properties": { "Nemonico OC": "RENC", "tipo": "SW", "id_emplazamiento": 1312804, "nombre_emplazamiento": "RENCA", "id_nodo": 543, "nombre_nodo": "RENC01-SW9303", "Longitud": -70.69931, "Latitud": -33.40358, "title_nodo": "SW93RENC01" }, "geometry": { "type": "Point", "coordinates": [ -70.69931, -33.40358 ] } },
{ "type": "Feature", "properties": { "Nemonico OC": "RENC", "tipo": "SW", "id_emplazamiento": 1312804, "nombre_emplazamiento": "RENCA", "id_nodo": 1231, "nombre_nodo": "OLT-RENC01", "Longitud": -70.69931, "Latitud": -33.40358, "title_nodo": null }, "geometry": { "type": "Point", "coordinates": [ -70.69931, -33.40358 ] } },
{ "type": "Feature", "properties": { "Nemonico OC": "RENC", "tipo": "SW", "id_emplazamiento": 1312804, "nombre_emplazamiento": "RENCA", "id_nodo": 1221, "nombre_nodo": "OLT-RENC03", "Longitud": -70.69931, "Latitud": -33.40358, "title_nodo": null }, "geometry": { "type": "Point", "coordinates": [ -70.69931, -33.40358 ] } },
{ "type": "Feature", "properties": { "Nemonico OC": "RENC", "tipo": "SW", "id_emplazamiento": 1312804, "nombre_emplazamiento": "RENCA", "id_nodo": 355, "nombre_nodo": "RENC69-SINAPS", "Longitud": -70.69931, "Latitud": -33.40358, "title_nodo": null }, "geometry": { "type": "Point", "coordinates": [ -70.69931, -33.40358 ] } },
{ "type": "Feature", "properties": { "Nemonico OC": "YUNG", "tipo": "SW", "id_emplazamiento": 1312601, "nombre_emplazamiento": "YUNGAY (SANTIAGO)", "id_nodo": 989, "nombre_nodo": "YUNG01-PE40", "Longitud": -70.70474, "Latitud": -33.42809, "title_nodo": "PE40YUNG01" }, "geometry": { "type": "Point", "coordinates": [ -70.70474, -33.42809 ] } },
{ "type": "Feature", "properties": { "Nemonico OC": "YUNG", "tipo": "SW", "id_emplazamiento": 1312601, "nombre_emplazamiento": "YUNGAY (SANTIAGO)", "id_nodo": 1512, "nombre_nodo": "YUNG02-PE40-L", "Longitud": -70.70474, "Latitud": -33.42809, "title_nodo": "PE40YUNG02-L" }, "geometry": { "type": "Point", "coordinates": [ -70.70474, -33.42809 ] } },
{ "type": "Feature", "properties": { "Nemonico OC": "YUNG", "tipo": "SW", "id_emplazamiento": 1312601, "nombre_emplazamiento": "YUNGAY (SANTIAGO)", "id_nodo": 446, "nombre_nodo": "DW37-YUNG01", "Longitud": -70.70474, "Latitud": -33.42809, "title_nodo": "SW37DYUN01" }, "geometry": { "type": "Point", "coordinates": [ -70.70474, -33.42809 ] } },
{ "type": "Feature", "properties": { "Nemonico OC": "YUNG", "tipo": "SW", "id_emplazamiento": 1312601, "nombre_emplazamiento": "YUNGAY (SANTIAGO)", "id_nodo": 645, "nombre_nodo": "YUNG01-SW9303", "Longitud": -70.70474, "Latitud": -33.42809, "title_nodo": "SW93YUNG01" }, "geometry": { "type": "Point", "coordinates": [ -70.70474, -33.42809 ] } },
{ "type": "Feature", "properties": { "Nemonico OC": "YUNG", "tipo": "SW", "id_emplazamiento": 1312601, "nombre_emplazamiento": "YUNGAY (SANTIAGO)", "id_nodo": 870, "nombre_nodo": "YUNG02-SW9303", "Longitud": -70.70474, "Latitud": -33.42809, "title_nodo": "SW93YUNG02" }, "geometry": { "type": "Point", "coordinates": [ -70.70474, -33.42809 ] } },
{ "type": "Feature", "properties": { "Nemonico OC": "YUNG", "tipo": "SW", "id_emplazamiento": 1312601, "nombre_emplazamiento": "YUNGAY (SANTIAGO)", "id_nodo": 1229, "nombre_nodo": "OLT-YUNG-1", "Longitud": -70.70474, "Latitud": -33.42809, "title_nodo": "YUNG_OLT_1" }, "geometry": { "type": "Point", "coordinates": [ -70.70474, -33.42809 ] } },
{ "type": "Feature", "properties": { "Nemonico OC": "YUNG", "tipo": "SW", "id_emplazamiento": 1312601, "nombre_emplazamiento": "YUNGAY (SANTIAGO)", "id_nodo": 1679, "nombre_nodo": "OLT-YUNG-2", "Longitud": -70.70474, "Latitud": -33.42809, "title_nodo": "YUNG_OLT_2" }, "geometry": { "type": "Point", "coordinates": [ -70.70474, -33.42809 ] } },
{ "type": "Feature", "properties": { "Nemonico OC": "YUNG", "tipo": "SW", "id_emplazamiento": 1312601, "nombre_emplazamiento": "YUNGAY (SANTIAGO)", "id_nodo": 1227, "nombre_nodo": "OLT-YUNG-3", "Longitud": -70.70474, "Latitud": -33.42809, "title_nodo": "YUNG_OLT_3" }, "geometry": { "type": "Point", "coordinates": [ -70.70474, -33.42809 ] } },
{ "type": "Feature", "properties": { "Nemonico OC": "YUNG", "tipo": "SW", "id_emplazamiento": 1312601, "nombre_emplazamiento": "YUNGAY (SANTIAGO)", "id_nodo": 1235, "nombre_nodo": "OLT-YUNG-4", "Longitud": -70.70474, "Latitud": -33.42809, "title_nodo": "YUNG_OLT_4" }, "geometry": { "type": "Point", "coordinates": [ -70.70474, -33.42809 ] } },
{ "type": "Feature", "properties": { "Nemonico OC": "YUNG", "tipo": "SW", "id_emplazamiento": 1312601, "nombre_emplazamiento": "YUNGAY (SANTIAGO)", "id_nodo": 1568, "nombre_nodo": "OLT-YUNG-5", "Longitud": -70.70474, "Latitud": -33.42809, "title_nodo": "YUNG_OLT_5" }, "geometry": { "type": "Point", "coordinates": [ -70.70474, -33.42809 ] } },
{ "type": "Feature", "properties": { "Nemonico OC": "YUNG", "tipo": "SW", "id_emplazamiento": 1312601, "nombre_emplazamiento": "YUNGAY (SANTIAGO)", "id_nodo": 1792, "nombre_nodo": "OLT-YUNG-6", "Longitud": -70.70474, "Latitud": -33.42809, "title_nodo": "YUNG_OLT_6" }, "geometry": { "type": "Point", "coordinates": [ -70.70474, -33.42809 ] } },
{ "type": "Feature", "properties": { "Nemonico OC": "SBER", "tipo": "SW", "id_emplazamiento": 1340106, "nombre_emplazamiento": "SAN BERNARDO", "id_nodo": 1239, "nombre_nodo": "SBER01-PE40", "Longitud": -70.70676, "Latitud": -33.59183, "title_nodo": "PE40SBER01" }, "geometry": { "type": "Point", "coordinates": [ -70.70676, -33.59183 ] } },
{ "type": "Feature", "properties": { "Nemonico OC": "SBER", "tipo": "SW", "id_emplazamiento": 1340106, "nombre_emplazamiento": "SAN BERNARDO", "id_nodo": 1547, "nombre_nodo": "SBER03-PE40-L", "Longitud": -70.70676, "Latitud": -33.59183, "title_nodo": "PE40SBER01-L" }, "geometry": { "type": "Point", "coordinates": [ -70.70676, -33.59183 ] } },
{ "type": "Feature", "properties": { "Nemonico OC": "SBER", "tipo": "SW", "id_emplazamiento": 1340106, "nombre_emplazamiento": "SAN BERNARDO", "id_nodo": 1031, "nombre_nodo": "SBER02-PE40", "Longitud": -70.70676, "Latitud": -33.59183, "title_nodo": "PE40SBER02" }, "geometry": { "type": "Point", "coordinates": [ -70.70676, -33.59183 ] } },
{ "type": "Feature", "properties": { "Nemonico OC": "SBER", "tipo": "SW", "id_emplazamiento": 1340106, "nombre_emplazamiento": "SAN BERNARDO", "id_nodo": 1254, "nombre_nodo": "OLT-SBER02", "Longitud": -70.70676, "Latitud": -33.59183, "title_nodo": "SBER_OLT_2" }, "geometry": { "type": "Point", "coordinates": [ -70.70676, -33.59183 ] } },
{ "type": "Feature", "properties": { "Nemonico OC": "SBER", "tipo": "SW", "id_emplazamiento": 1340106, "nombre_emplazamiento": "SAN BERNARDO", "id_nodo": 1478, "nombre_nodo": "OLT-SBER03", "Longitud": -70.70676, "Latitud": -33.59183, "title_nodo": "SBER_OLT_3" }, "geometry": { "type": "Point", "coordinates": [ -70.70676, -33.59183 ] } },
{ "type": "Feature", "properties": { "Nemonico OC": "SBER", "tipo": "SW", "id_emplazamiento": 1340106, "nombre_emplazamiento": "SAN BERNARDO", "id_nodo": 1746, "nombre_nodo": "OLT-SBER04", "Longitud": -70.70676, "Latitud": -33.59183, "title_nodo": "SBER_OLT_4" }, "geometry": { "type": "Point", "coordinates": [ -70.70676, -33.59183 ] } },
{ "type": "Feature", "properties": { "Nemonico OC": "SBER", "tipo": "SW", "id_emplazamiento": 1340106, "nombre_emplazamiento": "SAN BERNARDO", "id_nodo": 381, "nombre_nodo": "SBER01-SW6524", "Longitud": -70.70676, "Latitud": -33.59183, "title_nodo": "SW65SBER01" }, "geometry": { "type": "Point", "coordinates": [ -70.70676, -33.59183 ] } },
{ "type": "Feature", "properties": { "Nemonico OC": "SBER", "tipo": "SW", "id_emplazamiento": 1340106, "nombre_emplazamiento": "SAN BERNARDO", "id_nodo": 671, "nombre_nodo": "SBER01-SW9303", "Longitud": -70.70676, "Latitud": -33.59183, "title_nodo": "SW93SBER01" }, "geometry": { "type": "Point", "coordinates": [ -70.70676, -33.59183 ] } },
{ "type": "Feature", "properties": { "Nemonico OC": "SBER", "tipo": "PE", "id_emplazamiento": 1340106, "nombre_emplazamiento": "SAN BERNARDO", "id_nodo": 89, "nombre_nodo": "SAN BERNARDO - PE76SBER01", "Longitud": -70.70676, "Latitud": -33.59183, "title_nodo": null }, "geometry": { "type": "Point", "coordinates": [ -70.70676, -33.59183 ] } },
{ "type": "Feature", "properties": { "Nemonico OC": "SBER", "tipo": "PE", "id_emplazamiento": 1340106, "nombre_emplazamiento": "SAN BERNARDO", "id_nodo": 202, "nombre_nodo": "SAN BERNARDO - SBER70 Huawei", "Longitud": -70.70676, "Latitud": -33.59183, "title_nodo": null }, "geometry": { "type": "Point", "coordinates": [ -70.70676, -33.59183 ] } },
{ "type": "Feature", "properties": { "Nemonico OC": "SBER", "tipo": "PE", "id_emplazamiento": 1340106, "nombre_emplazamiento": "SAN BERNARDO", "id_nodo": 312, "nombre_nodo": "SAN BERNARDO - SBER71 Huawei", "Longitud": -70.70676, "Latitud": -33.59183, "title_nodo": null }, "geometry": { "type": "Point", "coordinates": [ -70.70676, -33.59183 ] } },
{ "type": "Feature", "properties": { "Nemonico OC": "SBER", "tipo": "SW", "id_emplazamiento": 1340106, "nombre_emplazamiento": "SAN BERNARDO", "id_nodo": 517, "nombre_nodo": "SBER69-HUAWEI", "Longitud": -70.70676, "Latitud": -33.59183, "title_nodo": null }, "geometry": { "type": "Point", "coordinates": [ -70.70676, -33.59183 ] } },
{ "type": "Feature", "properties": { "Nemonico OC": "SBER", "tipo": "SW", "id_emplazamiento": 1340106, "nombre_emplazamiento": "SAN BERNARDO", "id_nodo": 968, "nombre_nodo": "SBER72-HUAWEI", "Longitud": -70.70676, "Latitud": -33.59183, "title_nodo": null }, "geometry": { "type": "Point", "coordinates": [ -70.70676, -33.59183 ] } },
{ "type": "Feature", "properties": { "Nemonico OC": "SBER", "tipo": "SW", "id_emplazamiento": 1340106, "nombre_emplazamiento": "SAN BERNARDO", "id_nodo": 1266, "nombre_nodo": "SBER73-HUAWEI", "Longitud": -70.70676, "Latitud": -33.59183, "title_nodo": null }, "geometry": { "type": "Point", "coordinates": [ -70.70676, -33.59183 ] } },
{ "type": "Feature", "properties": { "Nemonico OC": "SBER", "tipo": "SW", "id_emplazamiento": 1340106, "nombre_emplazamiento": "SAN BERNARDO", "id_nodo": 1789, "nombre_nodo": "SBER74-HUAWEI", "Longitud": -70.70676, "Latitud": -33.59183, "title_nodo": null }, "geometry": { "type": "Point", "coordinates": [ -70.70676, -33.59183 ] } },
{ "type": "Feature", "properties": { "Nemonico OC": "BUEN", "tipo": "SW", "id_emplazamiento": 1312501, "nombre_emplazamiento": "BUENAVENTURA", "id_nodo": 631, "nombre_nodo": "BNAV01-SW9303", "Longitud": -70.70853, "Latitud": -33.32399, "title_nodo": "SW93BNAV01" }, "geometry": { "type": "Point", "coordinates": [ -70.70853, -33.32399 ] } },
{ "type": "Feature", "properties": { "Nemonico OC": "BUEN", "tipo": "SW", "id_emplazamiento": 1312501, "nombre_emplazamiento": "BUENAVENTURA", "id_nodo": 986, "nombre_nodo": "BNAV02-SW9303", "Longitud": -70.70853, "Latitud": -33.32399, "title_nodo": "SW93BNAV02" }, "geometry": { "type": "Point", "coordinates": [ -70.70853, -33.32399 ] } },
{ "type": "Feature", "properties": { "Nemonico OC": "BUEN", "tipo": "PE", "id_emplazamiento": 1312501, "nombre_emplazamiento": "BUENAVENTURA", "id_nodo": 404, "nombre_nodo": "BUENAVENTURA - PE80BNAV01-L", "Longitud": -70.70853, "Latitud": -33.32399, "title_nodo": null }, "geometry": { "type": "Point", "coordinates": [ -70.70853, -33.32399 ] } },
{ "type": "Feature", "properties": { "Nemonico OC": "VICU", "tipo": "SW", "id_emplazamiento": 410601, "nombre_emplazamiento": "VICUNA", "id_nodo": 915, "nombre_nodo": "VICU01-SW9303", "Longitud": -70.7103, "Latitud": -30.03011, "title_nodo": "SW93VICU01" }, "geometry": { "type": "Point", "coordinates": [ -70.7103, -30.03011 ] } },
{ "type": "Feature", "properties": { "Nemonico OC": "VICU", "tipo": "SW", "id_emplazamiento": 410601, "nombre_emplazamiento": "VICUNA", "id_nodo": 1666, "nombre_nodo": "OLT-VICU-1", "Longitud": -70.7103, "Latitud": -30.03011, "title_nodo": "VICU_OLT_1" }, "geometry": { "type": "Point", "coordinates": [ -70.7103, -30.03011 ] } },
{ "type": "Feature", "properties": { "Nemonico OC": "VICU", "tipo": "PE", "id_emplazamiento": 410601, "nombre_emplazamiento": "VICUNA", "id_nodo": 476, "nombre_nodo": "VICUÑA - PE80VICU01-L", "Longitud": -70.7103, "Latitud": -30.03011, "title_nodo": null }, "geometry": { "type": "Point", "coordinates": [ -70.7103, -30.03011 ] } },
{ "type": "Feature", "properties": { "Nemonico OC": "VICU", "tipo": "SW", "id_emplazamiento": 410601, "nombre_emplazamiento": "VICUNA", "id_nodo": 1728, "nombre_nodo": "VICU69-HUAWEI", "Longitud": -70.7103, "Latitud": -30.03011, "title_nodo": null }, "geometry": { "type": "Point", "coordinates": [ -70.7103, -30.03011 ] } },
{ "type": "Feature", "properties": { "Nemonico OC": "MPSB", "tipo": "SW", "id_emplazamiento": 1340116, "nombre_emplazamiento": "MALL PLAZA SAN BERNARDO", "id_nodo": 779, "nombre_nodo": "MSBD01-SW9303", "Longitud": -70.71153, "Latitud": -33.63494, "title_nodo": "SW93MSBD01" }, "geometry": { "type": "Point", "coordinates": [ -70.71153, -33.63494 ] } },
{ "type": "Feature", "properties": { "Nemonico OC": "SFMO", "tipo": "SW", "id_emplazamiento": 611001, "nombre_emplazamiento": "SAN FCO DE MOSTAZAL", "id_nodo": 1778, "nombre_nodo": "OLT-SFMO-1", "Longitud": -70.71274, "Latitud": -33.98087, "title_nodo": "SFMO_OLT_1" }, "geometry": { "type": "Point", "coordinates": [ -70.71274, -33.98087 ] } },
{ "type": "Feature", "properties": { "Nemonico OC": "SFMO", "tipo": "PE", "id_emplazamiento": 611001, "nombre_emplazamiento": "SAN FCO DE MOSTAZAL", "id_nodo": 339, "nombre_nodo": "SAN FCO MOSTAZAL - PE96SFMZ01 HL4 (CLI DIR)", "Longitud": -70.71274, "Latitud": -33.98087, "title_nodo": null }, "geometry": { "type": "Point", "coordinates": [ -70.71274, -33.98087 ] } },
{ "type": "Feature", "properties": { "Nemonico OC": "RAN4", "tipo": "SW", "id_emplazamiento": 610101, "nombre_emplazamiento": "RANCAGUA IV", "id_nodo": 1070, "nombre_nodo": "RANG41-PE40", "Longitud": -70.71343, "Latitud": -34.17749, "title_nodo": "PE40RANG41" }, "geometry": { "type": "Point", "coordinates": [ -70.71343, -34.17749 ] } },
{ "type": "Feature", "properties": { "Nemonico OC": "RAN4", "tipo": "SW", "id_emplazamiento": 610101, "nombre_emplazamiento": "RANCAGUA IV", "id_nodo": 1705, "nombre_nodo": "ATP-RAN4-6", "Longitud": -70.71343, "Latitud": -34.17749, "title_nodo": "RAN4_ATP_6" }, "geometry": { "type": "Point", "coordinates": [ -70.71343, -34.17749 ] } },
{ "type": "Feature", "properties": { "Nemonico OC": "RAN4", "tipo": "SW", "id_emplazamiento": 610101, "nombre_emplazamiento": "RANCAGUA IV", "id_nodo": 1614, "nombre_nodo": "ATP-RAN4-7", "Longitud": -70.71343, "Latitud": -34.17749, "title_nodo": "RAN4_ATP_7" }, "geometry": { "type": "Point", "coordinates": [ -70.71343, -34.17749 ] } },
{ "type": "Feature", "properties": { "Nemonico OC": "RAN4", "tipo": "SW", "id_emplazamiento": 610101, "nombre_emplazamiento": "RANCAGUA IV", "id_nodo": 1198, "nombre_nodo": "OLT-RAN4-3", "Longitud": -70.71343, "Latitud": -34.17749, "title_nodo": "RAN4_OLT_3" }, "geometry": { "type": "Point", "coordinates": [ -70.71343, -34.17749 ] } },
{ "type": "Feature", "properties": { "Nemonico OC": "RAN4", "tipo": "SW", "id_emplazamiento": 610101, "nombre_emplazamiento": "RANCAGUA IV", "id_nodo": 1146, "nombre_nodo": "OLT-RAN4-4", "Longitud": -70.71343, "Latitud": -34.17749, "title_nodo": "RAN4_OLT_4" }, "geometry": { "type": "Point", "coordinates": [ -70.71343, -34.17749 ] } },
{ "type": "Feature", "properties": { "Nemonico OC": "RAN4", "tipo": "SW", "id_emplazamiento": 610101, "nombre_emplazamiento": "RANCAGUA IV", "id_nodo": 879, "nombre_nodo": "RANG41-SW3750", "Longitud": -70.71343, "Latitud": -34.17749, "title_nodo": "SW37RANG41" }, "geometry": { "type": "Point", "coordinates": [ -70.71343, -34.17749 ] } },
{ "type": "Feature", "properties": { "Nemonico OC": "RAN4", "tipo": "SW", "id_emplazamiento": 610101, "nombre_emplazamiento": "RANCAGUA IV", "id_nodo": 330, "nombre_nodo": "RAN401-SW6524", "Longitud": -70.71343, "Latitud": -34.17749, "title_nodo": "SW65RANG401" }, "geometry": { "type": "Point", "coordinates": [ -70.71343, -34.17749 ] } },
{ "type": "Feature", "properties": { "Nemonico OC": "RAN4", "tipo": "SW", "id_emplazamiento": 610101, "nombre_emplazamiento": "RANCAGUA IV", "id_nodo": 623, "nombre_nodo": "RANG41-SW9303", "Longitud": -70.71343, "Latitud": -34.17749, "title_nodo": "SW93RANG41" }, "geometry": { "type": "Point", "coordinates": [ -70.71343, -34.17749 ] } },
{ "type": "Feature", "properties": { "Nemonico OC": "RAN4", "tipo": "SW", "id_emplazamiento": 610101, "nombre_emplazamiento": "RANCAGUA IV", "id_nodo": 946, "nombre_nodo": "RANG42-SW9303", "Longitud": -70.71343, "Latitud": -34.17749, "title_nodo": "SW93RANG42" }, "geometry": { "type": "Point", "coordinates": [ -70.71343, -34.17749 ] } },
{ "type": "Feature", "properties": { "Nemonico OC": "RAN4", "tipo": "SW", "id_emplazamiento": 610101, "nombre_emplazamiento": "RANCAGUA IV", "id_nodo": 526, "nombre_nodo": "RANG76-HUAWEI", "Longitud": -70.71343, "Latitud": -34.17749, "title_nodo": null }, "geometry": { "type": "Point", "coordinates": [ -70.71343, -34.17749 ] } },
{ "type": "Feature", "properties": { "Nemonico OC": "RAN4", "tipo": "SW", "id_emplazamiento": 610101, "nombre_emplazamiento": "RANCAGUA IV", "id_nodo": 734, "nombre_nodo": "RANG78-HUAWEI", "Longitud": -70.71343, "Latitud": -34.17749, "title_nodo": null }, "geometry": { "type": "Point", "coordinates": [ -70.71343, -34.17749 ] } },
{ "type": "Feature", "properties": { "Nemonico OC": "PTDO", "tipo": "SW", "id_emplazamiento": 570501, "nombre_emplazamiento": "PUTAENDO", "id_nodo": 1748, "nombre_nodo": "OLT-PTDO01", "Longitud": -70.71733, "Latitud": -32.63017, "title_nodo": "PTDO_OLT_1" }, "geometry": { "type": "Point", "coordinates": [ -70.71733, -32.63017 ] } },
{ "type": "Feature", "properties": { "Nemonico OC": "PTDO", "tipo": "PE", "id_emplazamiento": 570501, "nombre_emplazamiento": "PUTAENDO", "id_nodo": 478, "nombre_nodo": "PUTAENDO - PE80PTDO01-L", "Longitud": -70.71733, "Latitud": -32.63017, "title_nodo": null }, "geometry": { "type": "Point", "coordinates": [ -70.71733, -32.63017 ] } },
{ "type": "Feature", "properties": { "Nemonico OC": "MAIP", "tipo": "SW", "id_emplazamiento": 1310202, "nombre_emplazamiento": "MAIPU", "id_nodo": 1400, "nombre_nodo": "OLT-MAIP-4", "Longitud": -70.71905, "Latitud": -33.50786, "title_nodo": "MAIP-4- OLT" }, "geometry": { "type": "Point", "coordinates": [ -70.71905, -33.50786 ] } },
{ "type": "Feature", "properties": { "Nemonico OC": "MAIP", "tipo": "SW", "id_emplazamiento": 1310202, "nombre_emplazamiento": "MAIPU", "id_nodo": 1388, "nombre_nodo": "MAIP01-PE40", "Longitud": -70.71905, "Latitud": -33.50786, "title_nodo": "PE40MAIP01" }, "geometry": { "type": "Point", "coordinates": [ -70.71905, -33.50786 ] } },
{ "type": "Feature", "properties": { "Nemonico OC": "MAIP", "tipo": "SW", "id_emplazamiento": 1310202, "nombre_emplazamiento": "MAIPU", "id_nodo": 1110, "nombre_nodo": "MAIP02-PE40", "Longitud": -70.71905, "Latitud": -33.50786, "title_nodo": "PE40MAIP02" }, "geometry": { "type": "Point", "coordinates": [ -70.71905, -33.50786 ] } },
{ "type": "Feature", "properties": { "Nemonico OC": "MAIP", "tipo": "SW", "id_emplazamiento": 1310202, "nombre_emplazamiento": "MAIPU", "id_nodo": 31, "nombre_nodo": "MAIP01-SW3624", "Longitud": -70.71905, "Latitud": -33.50786, "title_nodo": "SW36MAIP01" }, "geometry": { "type": "Point", "coordinates": [ -70.71905, -33.50786 ] } },
{ "type": "Feature", "properties": { "Nemonico OC": "MAIP", "tipo": "SW", "id_emplazamiento": 1310202, "nombre_emplazamiento": "MAIPU", "id_nodo": 382, "nombre_nodo": "MAIP01-SW7609", "Longitud": -70.71905, "Latitud": -33.50786, "title_nodo": "SW76MAIP01" }, "geometry": { "type": "Point", "coordinates": [ -70.71905, -33.50786 ] } },
{ "type": "Feature", "properties": { "Nemonico OC": "MAIP", "tipo": "SW", "id_emplazamiento": 1310202, "nombre_emplazamiento": "MAIPU", "id_nodo": 570, "nombre_nodo": "DW93-MAIP01", "Longitud": -70.71905, "Latitud": -33.50786, "title_nodo": "SW93DMAI01" }, "geometry": { "type": "Point", "coordinates": [ -70.71905, -33.50786 ] } },
{ "type": "Feature", "properties": { "Nemonico OC": "MAIP", "tipo": "SW", "id_emplazamiento": 1310202, "nombre_emplazamiento": "MAIPU", "id_nodo": 774, "nombre_nodo": "MAIP01-SW9303", "Longitud": -70.71905, "Latitud": -33.50786, "title_nodo": "SW93MAIP01" }, "geometry": { "type": "Point", "coordinates": [ -70.71905, -33.50786 ] } },
{ "type": "Feature", "properties": { "Nemonico OC": "MAIP", "tipo": "SW", "id_emplazamiento": 1310202, "nombre_emplazamiento": "MAIPU", "id_nodo": 883, "nombre_nodo": "MAIP02-SW9303", "Longitud": -70.71905, "Latitud": -33.50786, "title_nodo": "SW93MAIP02" }, "geometry": { "type": "Point", "coordinates": [ -70.71905, -33.50786 ] } },
{ "type": "Feature", "properties": { "Nemonico OC": "MAIP", "tipo": "PE", "id_emplazamiento": 1310202, "nombre_emplazamiento": "MAIPU", "id_nodo": 151, "nombre_nodo": "MAIPU - NB76MAIP01", "Longitud": -70.71905, "Latitud": -33.50786, "title_nodo": null }, "geometry": { "type": "Point", "coordinates": [ -70.71905, -33.50786 ] } },
{ "type": "Feature", "properties": { "Nemonico OC": "MAIP", "tipo": "PE", "id_emplazamiento": 1310202, "nombre_emplazamiento": "MAIPU", "id_nodo": 90, "nombre_nodo": "MAIPU - PE76MAIP01", "Longitud": -70.71905, "Latitud": -33.50786, "title_nodo": null }, "geometry": { "type": "Point", "coordinates": [ -70.71905, -33.50786 ] } },
{ "type": "Feature", "properties": { "Nemonico OC": "MAIP", "tipo": "PE", "id_emplazamiento": 1310202, "nombre_emplazamiento": "MAIPU", "id_nodo": 187, "nombre_nodo": "MAIPU - PE96MAIP01", "Longitud": -70.71905, "Latitud": -33.50786, "title_nodo": null }, "geometry": { "type": "Point", "coordinates": [ -70.71905, -33.50786 ] } },
{ "type": "Feature", "properties": { "Nemonico OC": "MAIP", "tipo": "PE", "id_emplazamiento": 1310202, "nombre_emplazamiento": "MAIPU", "id_nodo": 504, "nombre_nodo": "MAIPU - PE96MAIP02-L HL4 (CLI DIR)", "Longitud": -70.71905, "Latitud": -33.50786, "title_nodo": null }, "geometry": { "type": "Point", "coordinates": [ -70.71905, -33.50786 ] } },
{ "type": "Feature", "properties": { "Nemonico OC": "MAIP", "tipo": "SW", "id_emplazamiento": 1310202, "nombre_emplazamiento": "MAIPU", "id_nodo": 1337, "nombre_nodo": "OLT-MAIP-2", "Longitud": -70.71905, "Latitud": -33.50786, "title_nodo": null }, "geometry": { "type": "Point", "coordinates": [ -70.71905, -33.50786 ] } },
{ "type": "Feature", "properties": { "Nemonico OC": "MAIP", "tipo": "SW", "id_emplazamiento": 1310202, "nombre_emplazamiento": "MAIPU", "id_nodo": 1342, "nombre_nodo": "OLT-MAIP-3", "Longitud": -70.71905, "Latitud": -33.50786, "title_nodo": null }, "geometry": { "type": "Point", "coordinates": [ -70.71905, -33.50786 ] } },
{ "type": "Feature", "properties": { "Nemonico OC": "MAIP", "tipo": "SW", "id_emplazamiento": 1310202, "nombre_emplazamiento": "MAIPU", "id_nodo": 1008, "nombre_nodo": "MAIP69-HUAWEI", "Longitud": -70.71905, "Latitud": -33.50786, "title_nodo": null }, "geometry": { "type": "Point", "coordinates": [ -70.71905, -33.50786 ] } },
{ "type": "Feature", "properties": { "Nemonico OC": "SFEL", "tipo": "SW", "id_emplazamiento": 570101, "nombre_emplazamiento": "SAN FELIPE", "id_nodo": 975, "nombre_nodo": "SFEL01-PE40", "Longitud": -70.72189, "Latitud": -32.7509, "title_nodo": "PE40SFEL01" }, "geometry": { "type": "Point", "coordinates": [ -70.72189, -32.7509 ] } },
{ "type": "Feature", "properties": { "Nemonico OC": "SFEL", "tipo": "SW", "id_emplazamiento": 570101, "nombre_emplazamiento": "SAN FELIPE", "id_nodo": 1223, "nombre_nodo": "OLT-SFEL03", "Longitud": -70.72189, "Latitud": -32.7509, "title_nodo": "SFEL_OLT_3" }, "geometry": { "type": "Point", "coordinates": [ -70.72189, -32.7509 ] } },
{ "type": "Feature", "properties": { "Nemonico OC": "SFEL", "tipo": "SW", "id_emplazamiento": 570101, "nombre_emplazamiento": "SAN FELIPE", "id_nodo": 1520, "nombre_nodo": "OLT-SFEL04", "Longitud": -70.72189, "Latitud": -32.7509, "title_nodo": "SFEL_OLT_4" }, "geometry": { "type": "Point", "coordinates": [ -70.72189, -32.7509 ] } },
{ "type": "Feature", "properties": { "Nemonico OC": "SFEL", "tipo": "SW", "id_emplazamiento": 570101, "nombre_emplazamiento": "SAN FELIPE", "id_nodo": 265, "nombre_nodo": "SFEL01-SW6524", "Longitud": -70.72189, "Latitud": -32.7509, "title_nodo": "SW65SFEL01" }, "geometry": { "type": "Point", "coordinates": [ -70.72189, -32.7509 ] } },
{ "type": "Feature", "properties": { "Nemonico OC": "SFEL", "tipo": "SW", "id_emplazamiento": 570101, "nombre_emplazamiento": "SAN FELIPE", "id_nodo": 599, "nombre_nodo": "SFEL01-SW9303", "Longitud": -70.72189, "Latitud": -32.7509, "title_nodo": "SW93SFEL01" }, "geometry": { "type": "Point", "coordinates": [ -70.72189, -32.7509 ] } },
{ "type": "Feature", "properties": { "Nemonico OC": "SFEL", "tipo": "SW", "id_emplazamiento": 570101, "nombre_emplazamiento": "SAN FELIPE", "id_nodo": 508, "nombre_nodo": "SFEL69-HUAWEI", "Longitud": -70.72189, "Latitud": -32.7509, "title_nodo": null }, "geometry": { "type": "Point", "coordinates": [ -70.72189, -32.7509 ] } },
{ "type": "Feature", "properties": { "Nemonico OC": "SFEL", "tipo": "SW", "id_emplazamiento": 570101, "nombre_emplazamiento": "SAN FELIPE", "id_nodo": 800, "nombre_nodo": "SFEL70-HUAWEI", "Longitud": -70.72189, "Latitud": -32.7509, "title_nodo": null }, "geometry": { "type": "Point", "coordinates": [ -70.72189, -32.7509 ] } },
{ "type": "Feature", "properties": { "Nemonico OC": "SFEL", "tipo": "SW", "id_emplazamiento": 570101, "nombre_emplazamiento": "SAN FELIPE", "id_nodo": 970, "nombre_nodo": "SFEL71-HUAWEI", "Longitud": -70.72189, "Latitud": -32.7509, "title_nodo": null }, "geometry": { "type": "Point", "coordinates": [ -70.72189, -32.7509 ] } },
{ "type": "Feature", "properties": { "Nemonico OC": "LERR", "tipo": "SW", "id_emplazamiento": 1310603, "nombre_emplazamiento": "LO ERRAZURIZ", "id_nodo": 1250, "nombre_nodo": "LERR01-PE40", "Longitud": -70.72263, "Latitud": -33.46985, "title_nodo": "PE40LERR01" }, "geometry": { "type": "Point", "coordinates": [ -70.72263, -33.46985 ] } },
{ "type": "Feature", "properties": { "Nemonico OC": "LERR", "tipo": "SW", "id_emplazamiento": 1310603, "nombre_emplazamiento": "LO ERRAZURIZ", "id_nodo": 888, "nombre_nodo": "LERR01-SW9303", "Longitud": -70.72263, "Latitud": -33.46985, "title_nodo": "SW93LERR01" }, "geometry": { "type": "Point", "coordinates": [ -70.72263, -33.46985 ] } },
{ "type": "Feature", "properties": { "Nemonico OC": "LORI", "tipo": "SW", "id_emplazamiento": 1111114, "nombre_emplazamiento": "LAGUNA ORIENTE", "id_nodo": 1657, "nombre_nodo": "OLT-LORI-2", "Longitud": -70.72357, "Latitud": -33.45987, "title_nodo": "LORI_OLT_2" }, "geometry": { "type": "Point", "coordinates": [ -70.72357, -33.45987 ] } },
{ "type": "Feature", "properties": { "Nemonico OC": "LORI", "tipo": "PE", "id_emplazamiento": 1111114, "nombre_emplazamiento": "LAGUNA ORIENTE", "id_nodo": 434, "nombre_nodo": "LAGUNA ORIENTE - PE80LORI01-L", "Longitud": -70.72357, "Latitud": -33.45987, "title_nodo": null }, "geometry": { "type": "Point", "coordinates": [ -70.72357, -33.45987 ] } },
{ "type": "Feature", "properties": { "Nemonico OC": "QUIL", "tipo": "SW", "id_emplazamiento": 1312502, "nombre_emplazamiento": "QUILICURA", "id_nodo": 1193, "nombre_nodo": "QLRA01-PE40", "Longitud": -70.72443, "Latitud": -33.36908, "title_nodo": "PE40QLRA01" }, "geometry": { "type": "Point", "coordinates": [ -70.72443, -33.36908 ] } },
{ "type": "Feature", "properties": { "Nemonico OC": "QUIL", "tipo": "SW", "id_emplazamiento": 1312502, "nombre_emplazamiento": "QUILICURA", "id_nodo": 1581, "nombre_nodo": "QLRA02-PE40", "Longitud": -70.72443, "Latitud": -33.36908, "title_nodo": "PE40QLRA02-L" }, "geometry": { "type": "Point", "coordinates": [ -70.72443, -33.36908 ] } },
{ "type": "Feature", "properties": { "Nemonico OC": "QUIL", "tipo": "SW", "id_emplazamiento": 1312502, "nombre_emplazamiento": "QUILICURA", "id_nodo": 1419, "nombre_nodo": "OLT-QUIL-1", "Longitud": -70.72443, "Latitud": -33.36908, "title_nodo": "QUIL-1- OLT" }, "geometry": { "type": "Point", "coordinates": [ -70.72443, -33.36908 ] } },
{ "type": "Feature", "properties": { "Nemonico OC": "QUIL", "tipo": "SW", "id_emplazamiento": 1312502, "nombre_emplazamiento": "QUILICURA", "id_nodo": 1560, "nombre_nodo": "OLT-QUIL-2", "Longitud": -70.72443, "Latitud": -33.36908, "title_nodo": "QUIL-2- OLT" }, "geometry": { "type": "Point", "coordinates": [ -70.72443, -33.36908 ] } },
{ "type": "Feature", "properties": { "Nemonico OC": "QUIL", "tipo": "SW", "id_emplazamiento": 1312502, "nombre_emplazamiento": "QUILICURA", "id_nodo": 1518, "nombre_nodo": "OLT-QUIL-3", "Longitud": -70.72443, "Latitud": -33.36908, "title_nodo": "QUIL-3- OLT" }, "geometry": { "type": "Point", "coordinates": [ -70.72443, -33.36908 ] } },
{ "type": "Feature", "properties": { "Nemonico OC": "QUIL", "tipo": "SW", "id_emplazamiento": 1312502, "nombre_emplazamiento": "QUILICURA", "id_nodo": 444, "nombre_nodo": "DW37-QLRA01", "Longitud": -70.72443, "Latitud": -33.36908, "title_nodo": "SW37DQLR01" }, "geometry": { "type": "Point", "coordinates": [ -70.72443, -33.36908 ] } },
{ "type": "Feature", "properties": { "Nemonico OC": "QUIL", "tipo": "SW", "id_emplazamiento": 1312502, "nombre_emplazamiento": "QUILICURA", "id_nodo": 324, "nombre_nodo": "QLRA01-SW6524", "Longitud": -70.72443, "Latitud": -33.36908, "title_nodo": "SW65QLRA01" }, "geometry": { "type": "Point", "coordinates": [ -70.72443, -33.36908 ] } },
{ "type": "Feature", "properties": { "Nemonico OC": "QUIL", "tipo": "SW", "id_emplazamiento": 1312502, "nombre_emplazamiento": "QUILICURA", "id_nodo": 494, "nombre_nodo": "QLRA02-SW9303", "Longitud": -70.72443, "Latitud": -33.36908, "title_nodo": "SW93QLRA02" }, "geometry": { "type": "Point", "coordinates": [ -70.72443, -33.36908 ] } },
{ "type": "Feature", "properties": { "Nemonico OC": "QUIL", "tipo": "SW", "id_emplazamiento": 1312502, "nombre_emplazamiento": "QUILICURA", "id_nodo": 621, "nombre_nodo": "QLRA03-SW9303", "Longitud": -70.72443, "Latitud": -33.36908, "title_nodo": "SW93QLRA03" }, "geometry": { "type": "Point", "coordinates": [ -70.72443, -33.36908 ] } },
{ "type": "Feature", "properties": { "Nemonico OC": "QUIL", "tipo": "SW", "id_emplazamiento": 1312502, "nombre_emplazamiento": "QUILICURA", "id_nodo": 881, "nombre_nodo": "QLRA04-SW9303", "Longitud": -70.72443, "Latitud": -33.36908, "title_nodo": "SW93QLRA04" }, "geometry": { "type": "Point", "coordinates": [ -70.72443, -33.36908 ] } },
{ "type": "Feature", "properties": { "Nemonico OC": "QUIL", "tipo": "PE", "id_emplazamiento": 1312502, "nombre_emplazamiento": "QUILICURA", "id_nodo": 387, "nombre_nodo": "QUILICURA - PE96QLRA01-L HL4 (CLI DIR)", "Longitud": -70.72443, "Latitud": -33.36908, "title_nodo": null }, "geometry": { "type": "Point", "coordinates": [ -70.72443, -33.36908 ] } },
{ "type": "Feature", "properties": { "Nemonico OC": "QUIL", "tipo": "SW", "id_emplazamiento": 1312502, "nombre_emplazamiento": "QUILICURA", "id_nodo": 544, "nombre_nodo": "QLRA69-HUAWEI", "Longitud": -70.72443, "Latitud": -33.36908, "title_nodo": null }, "geometry": { "type": "Point", "coordinates": [ -70.72443, -33.36908 ] } },
{ "type": "Feature", "properties": { "Nemonico OC": "QUIL", "tipo": "SW", "id_emplazamiento": 1312502, "nombre_emplazamiento": "QUILICURA", "id_nodo": 1317, "nombre_nodo": "QLRA70-HUAWEI", "Longitud": -70.72443, "Latitud": -33.36908, "title_nodo": null }, "geometry": { "type": "Point", "coordinates": [ -70.72443, -33.36908 ] } },
{ "type": "Feature", "properties": { "Nemonico OC": "PSUR", "tipo": "SW", "id_emplazamiento": 1312507, "nombre_emplazamiento": "PORTEZUELO SUR", "id_nodo": 1023, "nombre_nodo": "PSUR01-PE40", "Longitud": -70.72738, "Latitud": -33.32611, "title_nodo": "PE40PSUR01" }, "geometry": { "type": "Point", "coordinates": [ -70.72738, -33.32611 ] } },
{ "type": "Feature", "properties": { "Nemonico OC": "PSUR", "tipo": "SW", "id_emplazamiento": 1312507, "nombre_emplazamiento": "PORTEZUELO SUR", "id_nodo": 1710, "nombre_nodo": "OLT-PSUR-1", "Longitud": -70.72738, "Latitud": -33.32611, "title_nodo": "PSUR_OLT_1" }, "geometry": { "type": "Point", "coordinates": [ -70.72738, -33.32611 ] } },
{ "type": "Feature", "properties": { "Nemonico OC": "PSUR", "tipo": "SW", "id_emplazamiento": 1312507, "nombre_emplazamiento": "PORTEZUELO SUR", "id_nodo": 371, "nombre_nodo": "PSUR01-SW6524", "Longitud": -70.72738, "Latitud": -33.32611, "title_nodo": "SW65PSUR01" }, "geometry": { "type": "Point", "coordinates": [ -70.72738, -33.32611 ] } },
{ "type": "Feature", "properties": { "Nemonico OC": "PSUR", "tipo": "SW", "id_emplazamiento": 1312507, "nombre_emplazamiento": "PORTEZUELO SUR", "id_nodo": 557, "nombre_nodo": "DW93-PSUR01", "Longitud": -70.72738, "Latitud": -33.32611, "title_nodo": "SW93DPSU01" }, "geometry": { "type": "Point", "coordinates": [ -70.72738, -33.32611 ] } },
{ "type": "Feature", "properties": { "Nemonico OC": "PSUR", "tipo": "SW", "id_emplazamiento": 1312507, "nombre_emplazamiento": "PORTEZUELO SUR", "id_nodo": 726, "nombre_nodo": "PSUR01-SW9303", "Longitud": -70.72738, "Latitud": -33.32611, "title_nodo": "SW93PSUR01" }, "geometry": { "type": "Point", "coordinates": [ -70.72738, -33.32611 ] } },
{ "type": "Feature", "properties": { "Nemonico OC": "PSUR", "tipo": "SW", "id_emplazamiento": 1312507, "nombre_emplazamiento": "PORTEZUELO SUR", "id_nodo": 384, "nombre_nodo": "PSUR69-HUAWEI", "Longitud": -70.72738, "Latitud": -33.32611, "title_nodo": null }, "geometry": { "type": "Point", "coordinates": [ -70.72738, -33.32611 ] } },
{ "type": "Feature", "properties": { "Nemonico OC": "PSUR", "tipo": "SW", "id_emplazamiento": 1312507, "nombre_emplazamiento": "PORTEZUELO SUR", "id_nodo": 463, "nombre_nodo": "PSUR70-HUAWEI", "Longitud": -70.72738, "Latitud": -33.32611, "title_nodo": null }, "geometry": { "type": "Point", "coordinates": [ -70.72738, -33.32611 ] } },
{ "type": "Feature", "properties": { "Nemonico OC": "PSUR", "tipo": "SW", "id_emplazamiento": 1312507, "nombre_emplazamiento": "PORTEZUELO SUR", "id_nodo": 1160, "nombre_nodo": "PSUR71-MAYOR", "Longitud": -70.72738, "Latitud": -33.32611, "title_nodo": null }, "geometry": { "type": "Point", "coordinates": [ -70.72738, -33.32611 ] } },
{ "type": "Feature", "properties": { "Nemonico OC": "GRAN", "tipo": "SW", "id_emplazamiento": 610601, "nombre_emplazamiento": "GRANEROS", "id_nodo": 1606, "nombre_nodo": "OLT-GRAN-1", "Longitud": -70.72789, "Latitud": -34.06492, "title_nodo": "GRAM-1- OLT" }, "geometry": { "type": "Point", "coordinates": [ -70.72789, -34.06492 ] } },
{ "type": "Feature", "properties": { "Nemonico OC": "GRAN", "tipo": "PE", "id_emplazamiento": 610601, "nombre_emplazamiento": "GRANEROS", "id_nodo": 482, "nombre_nodo": "GRANEROS - PE80GRAN01-L", "Longitud": -70.72789, "Latitud": -34.06492, "title_nodo": null }, "geometry": { "type": "Point", "coordinates": [ -70.72789, -34.06492 ] } },
{ "type": "Feature", "properties": { "Nemonico OC": "LIRA", "tipo": "PE", "id_emplazamiento": 1330107, "nombre_emplazamiento": "LIRAY", "id_nodo": 343, "nombre_nodo": "LIRAY - PE96LIRA01-L HL4 (CLI DIR)", "Longitud": -70.72983, "Latitud": -33.24319, "title_nodo": null }, "geometry": { "type": "Point", "coordinates": [ -70.72983, -33.24319 ] } },
{ "type": "Feature", "properties": { "Nemonico OC": "CCOL", "tipo": "SW", "id_emplazamiento": 1312801, "nombre_emplazamiento": "CERRO COLORADO", "id_nodo": 436, "nombre_nodo": "CCOL01-SW40E", "Longitud": -70.73102, "Latitud": -33.4075, "title_nodo": "SW40CCOL01" }, "geometry": { "type": "Point", "coordinates": [ -70.73102, -33.4075 ] } },
{ "type": "Feature", "properties": { "Nemonico OC": "CCOL", "tipo": "SW", "id_emplazamiento": 1312801, "nombre_emplazamiento": "CERRO COLORADO", "id_nodo": 948, "nombre_nodo": "CCOL01-SW9303", "Longitud": -70.73102, "Latitud": -33.4075, "title_nodo": "SW93CCOL01" }, "geometry": { "type": "Point", "coordinates": [ -70.73102, -33.4075 ] } },
{ "type": "Feature", "properties": { "Nemonico OC": "BUIN", "tipo": "SW", "id_emplazamiento": 1340202, "nombre_emplazamiento": "BUIN", "id_nodo": 1465, "nombre_nodo": "OLT-BUIN-3", "Longitud": -70.73585, "Latitud": -33.73348, "title_nodo": "BUIN-3- OLT" }, "geometry": { "type": "Point", "coordinates": [ -70.73585, -33.73348 ] } },
{ "type": "Feature", "properties": { "Nemonico OC": "BUIN", "tipo": "SW", "id_emplazamiento": 1340202, "nombre_emplazamiento": "BUIN", "id_nodo": 1462, "nombre_nodo": "OLT-BUIN-4", "Longitud": -70.73585, "Latitud": -33.73348, "title_nodo": "PAIN-1- OLT" }, "geometry": { "type": "Point", "coordinates": [ -70.73585, -33.73348 ] } },
{ "type": "Feature", "properties": { "Nemonico OC": "BUIN", "tipo": "SW", "id_emplazamiento": 1340202, "nombre_emplazamiento": "BUIN", "id_nodo": 1135, "nombre_nodo": "BUIN01-PE40", "Longitud": -70.73585, "Latitud": -33.73348, "title_nodo": "PE40BUIN01" }, "geometry": { "type": "Point", "coordinates": [ -70.73585, -33.73348 ] } },
{ "type": "Feature", "properties": { "Nemonico OC": "BUIN", "tipo": "SW", "id_emplazamiento": 1340202, "nombre_emplazamiento": "BUIN", "id_nodo": 421, "nombre_nodo": "BUIN01-SW6524", "Longitud": -70.73585, "Latitud": -33.73348, "title_nodo": "SW65BUIN01" }, "geometry": { "type": "Point", "coordinates": [ -70.73585, -33.73348 ] } },
{ "type": "Feature", "properties": { "Nemonico OC": "BUIN", "tipo": "SW", "id_emplazamiento": 1340202, "nombre_emplazamiento": "BUIN", "id_nodo": 753, "nombre_nodo": "BUIN01-SW9303", "Longitud": -70.73585, "Latitud": -33.73348, "title_nodo": "SW93BUIN01" }, "geometry": { "type": "Point", "coordinates": [ -70.73585, -33.73348 ] } },
{ "type": "Feature", "properties": { "Nemonico OC": "BUIN", "tipo": "SW", "id_emplazamiento": 1340202, "nombre_emplazamiento": "BUIN", "id_nodo": 468, "nombre_nodo": "BUIN69-HUAWEI", "Longitud": -70.73585, "Latitud": -33.73348, "title_nodo": null }, "geometry": { "type": "Point", "coordinates": [ -70.73585, -33.73348 ] } },
{ "type": "Feature", "properties": { "Nemonico OC": "BUIN", "tipo": "SW", "id_emplazamiento": 1340202, "nombre_emplazamiento": "BUIN", "id_nodo": 644, "nombre_nodo": "BUIN70-HUAWEI", "Longitud": -70.73585, "Latitud": -33.73348, "title_nodo": null }, "geometry": { "type": "Point", "coordinates": [ -70.73585, -33.73348 ] } },
{ "type": "Feature", "properties": { "Nemonico OC": "BUIN", "tipo": "SW", "id_emplazamiento": 1340202, "nombre_emplazamiento": "BUIN", "id_nodo": 719, "nombre_nodo": "BUIN71-HUAWEI", "Longitud": -70.73585, "Latitud": -33.73348, "title_nodo": null }, "geometry": { "type": "Point", "coordinates": [ -70.73585, -33.73348 ] } },
{ "type": "Feature", "properties": { "Nemonico OC": "FERR", "tipo": "SW", "id_emplazamiento": 1310201, "nombre_emplazamiento": "FERROCARRIL", "id_nodo": 428, "nombre_nodo": "FERR01-SW40E", "Longitud": -70.73899, "Latitud": -33.49428, "title_nodo": "SW40FERR01" }, "geometry": { "type": "Point", "coordinates": [ -70.73899, -33.49428 ] } },
{ "type": "Feature", "properties": { "Nemonico OC": "FERR", "tipo": "PE", "id_emplazamiento": 1310201, "nombre_emplazamiento": "FERROCARRIL", "id_nodo": 335, "nombre_nodo": "FERROCARRIL - PE96FERR01 HL4 (CLI DIR)", "Longitud": -70.73899, "Latitud": -33.49428, "title_nodo": null }, "geometry": { "type": "Point", "coordinates": [ -70.73899, -33.49428 ] } },
{ "type": "Feature", "properties": { "Nemonico OC": "RAN5", "tipo": "SW", "id_emplazamiento": 610104, "nombre_emplazamiento": "RANCAGUA V", "id_nodo": 649, "nombre_nodo": "RANG51-SW9303", "Longitud": -70.7402, "Latitud": -34.15378, "title_nodo": "SW93RANG51" }, "geometry": { "type": "Point", "coordinates": [ -70.7402, -34.15378 ] } },
{ "type": "Feature", "properties": { "Nemonico OC": "RAN5", "tipo": "PE", "id_emplazamiento": 610104, "nombre_emplazamiento": "RANCAGUA V", "id_nodo": 269, "nombre_nodo": "RANCAGUA - NB40RANG51", "Longitud": -70.7402, "Latitud": -34.15378, "title_nodo": null }, "geometry": { "type": "Point", "coordinates": [ -70.7402, -34.15378 ] } },
{ "type": "Feature", "properties": { "Nemonico OC": "RAN5", "tipo": "PE", "id_emplazamiento": 610104, "nombre_emplazamiento": "RANCAGUA V", "id_nodo": 260, "nombre_nodo": "RANCAGUA - PE480RANG51", "Longitud": -70.7402, "Latitud": -34.15378, "title_nodo": null }, "geometry": { "type": "Point", "coordinates": [ -70.7402, -34.15378 ] } },
{ "type": "Feature", "properties": { "Nemonico OC": "RAN5", "tipo": "PE", "id_emplazamiento": 610104, "nombre_emplazamiento": "RANCAGUA V", "id_nodo": 380, "nombre_nodo": "RANCAGUA - PE96RANG51 HL4 (CLI DIR)", "Longitud": -70.7402, "Latitud": -34.15378, "title_nodo": null }, "geometry": { "type": "Point", "coordinates": [ -70.7402, -34.15378 ] } },
{ "type": "Feature", "properties": { "Nemonico OC": "JJPE", "tipo": "SW", "id_emplazamiento": 1310301, "nombre_emplazamiento": "JOSE JOAQUIN PEREZ", "id_nodo": 1684, "nombre_nodo": "OLT-JJPE-1", "Longitud": -70.74118, "Latitud": -33.43232, "title_nodo": "JJPE_OLT_1" }, "geometry": { "type": "Point", "coordinates": [ -70.74118, -33.43232 ] } },
{ "type": "Feature", "properties": { "Nemonico OC": "JJPE", "tipo": "SW", "id_emplazamiento": 1310301, "nombre_emplazamiento": "JOSE JOAQUIN PEREZ", "id_nodo": 1148, "nombre_nodo": "OLT-JJPE-2", "Longitud": -70.74118, "Latitud": -33.43232, "title_nodo": "JJPE_OLT_2" }, "geometry": { "type": "Point", "coordinates": [ -70.74118, -33.43232 ] } },
{ "type": "Feature", "properties": { "Nemonico OC": "JJPE", "tipo": "SW", "id_emplazamiento": 1310301, "nombre_emplazamiento": "JOSE JOAQUIN PEREZ", "id_nodo": 1360, "nombre_nodo": "OLT-JJPE-3", "Longitud": -70.74118, "Latitud": -33.43232, "title_nodo": "JJPE_OLT_3" }, "geometry": { "type": "Point", "coordinates": [ -70.74118, -33.43232 ] } },
{ "type": "Feature", "properties": { "Nemonico OC": "JJPE", "tipo": "SW", "id_emplazamiento": 1310301, "nombre_emplazamiento": "JOSE JOAQUIN PEREZ", "id_nodo": 1293, "nombre_nodo": "OLT-JJPE-4", "Longitud": -70.74118, "Latitud": -33.43232, "title_nodo": "JJPE_OLT_4" }, "geometry": { "type": "Point", "coordinates": [ -70.74118, -33.43232 ] } },
{ "type": "Feature", "properties": { "Nemonico OC": "JJPE", "tipo": "SW", "id_emplazamiento": 1310301, "nombre_emplazamiento": "JOSE JOAQUIN PEREZ", "id_nodo": 1369, "nombre_nodo": "OLT-JJPE-5", "Longitud": -70.74118, "Latitud": -33.43232, "title_nodo": "JJPE_OLT_5" }, "geometry": { "type": "Point", "coordinates": [ -70.74118, -33.43232 ] } },
{ "type": "Feature", "properties": { "Nemonico OC": "JJPE", "tipo": "SW", "id_emplazamiento": 1310301, "nombre_emplazamiento": "JOSE JOAQUIN PEREZ", "id_nodo": 1366, "nombre_nodo": "OLT-JJPE-6", "Longitud": -70.74118, "Latitud": -33.43232, "title_nodo": "JJPE_OLT_6" }, "geometry": { "type": "Point", "coordinates": [ -70.74118, -33.43232 ] } },
{ "type": "Feature", "properties": { "Nemonico OC": "JJPE", "tipo": "SW", "id_emplazamiento": 1310301, "nombre_emplazamiento": "JOSE JOAQUIN PEREZ", "id_nodo": 981, "nombre_nodo": "JPER01-PE40", "Longitud": -70.74118, "Latitud": -33.43232, "title_nodo": "PE40JPER01" }, "geometry": { "type": "Point", "coordinates": [ -70.74118, -33.43232 ] } },
{ "type": "Feature", "properties": { "Nemonico OC": "JJPE", "tipo": "SW", "id_emplazamiento": 1310301, "nombre_emplazamiento": "JOSE JOAQUIN PEREZ", "id_nodo": 1059, "nombre_nodo": "JPER02-PE40", "Longitud": -70.74118, "Latitud": -33.43232, "title_nodo": "PE40JPER02" }, "geometry": { "type": "Point", "coordinates": [ -70.74118, -33.43232 ] } },
{ "type": "Feature", "properties": { "Nemonico OC": "JJPE", "tipo": "SW", "id_emplazamiento": 1310301, "nombre_emplazamiento": "JOSE JOAQUIN PEREZ", "id_nodo": 1586, "nombre_nodo": "JPER03-PE40-L", "Longitud": -70.74118, "Latitud": -33.43232, "title_nodo": "PE40JPER03" }, "geometry": { "type": "Point", "coordinates": [ -70.74118, -33.43232 ] } },
{ "type": "Feature", "properties": { "Nemonico OC": "JJPE", "tipo": "SW", "id_emplazamiento": 1310301, "nombre_emplazamiento": "JOSE JOAQUIN PEREZ", "id_nodo": 238, "nombre_nodo": "JPER01-SW6524", "Longitud": -70.74118, "Latitud": -33.43232, "title_nodo": "SW65JPER01" }, "geometry": { "type": "Point", "coordinates": [ -70.74118, -33.43232 ] } },
{ "type": "Feature", "properties": { "Nemonico OC": "JJPE", "tipo": "SW", "id_emplazamiento": 1310301, "nombre_emplazamiento": "JOSE JOAQUIN PEREZ", "id_nodo": 662, "nombre_nodo": "JPER01-SW9303", "Longitud": -70.74118, "Latitud": -33.43232, "title_nodo": "SW93JPER01" }, "geometry": { "type": "Point", "coordinates": [ -70.74118, -33.43232 ] } },
{ "type": "Feature", "properties": { "Nemonico OC": "PAIN", "tipo": "SW", "id_emplazamiento": 1340401, "nombre_emplazamiento": "PAINE", "id_nodo": 1461, "nombre_nodo": "OLT-PAIN-1", "Longitud": -70.74232, "Latitud": -33.81085, "title_nodo": "PAIN-1- OLT" }, "geometry": { "type": "Point", "coordinates": [ -70.74232, -33.81085 ] } },
{ "type": "Feature", "properties": { "Nemonico OC": "PAIN", "tipo": "SW", "id_emplazamiento": 1340401, "nombre_emplazamiento": "PAINE", "id_nodo": 819, "nombre_nodo": "PAIN01-SW9303", "Longitud": -70.74232, "Latitud": -33.81085, "title_nodo": "SW93PAIN01" }, "geometry": { "type": "Point", "coordinates": [ -70.74232, -33.81085 ] } },
{ "type": "Feature", "properties": { "Nemonico OC": "PAIN", "tipo": "PE", "id_emplazamiento": 1340401, "nombre_emplazamiento": "PAINE", "id_nodo": 436, "nombre_nodo": "PAINE - PE80PAIN01-L", "Longitud": -70.74232, "Latitud": -33.81085, "title_nodo": null }, "geometry": { "type": "Point", "coordinates": [ -70.74232, -33.81085 ] } },
{ "type": "Feature", "properties": { "Nemonico OC": "PAIN", "tipo": "SW", "id_emplazamiento": 1340401, "nombre_emplazamiento": "PAINE", "id_nodo": 1065, "nombre_nodo": "PAIN69-HUAWEI", "Longitud": -70.74232, "Latitud": -33.81085, "title_nodo": null }, "geometry": { "type": "Point", "coordinates": [ -70.74232, -33.81085 ] } },
{ "type": "Feature", "properties": { "Nemonico OC": "LPNT", "tipo": "SW", "id_emplazamiento": 1330104, "nombre_emplazamiento": "LO PINTO", "id_nodo": 268, "nombre_nodo": "LPIN01-SW6524", "Longitud": -70.74592, "Latitud": -33.27326, "title_nodo": "SW65LPIN01" }, "geometry": { "type": "Point", "coordinates": [ -70.74592, -33.27326 ] } },
{ "type": "Feature", "properties": { "Nemonico OC": "LPNT", "tipo": "SW", "id_emplazamiento": 1330104, "nombre_emplazamiento": "LO PINTO", "id_nodo": 569, "nombre_nodo": "DW93-LPIN01", "Longitud": -70.74592, "Latitud": -33.27326, "title_nodo": "SW93DLPI01" }, "geometry": { "type": "Point", "coordinates": [ -70.74592, -33.27326 ] } },
{ "type": "Feature", "properties": { "Nemonico OC": "LPNT", "tipo": "SW", "id_emplazamiento": 1330104, "nombre_emplazamiento": "LO PINTO", "id_nodo": 597, "nombre_nodo": "LPIN02-SW9303", "Longitud": -70.74592, "Latitud": -33.27326, "title_nodo": "SW93LPIN02" }, "geometry": { "type": "Point", "coordinates": [ -70.74592, -33.27326 ] } },
{ "type": "Feature", "properties": { "Nemonico OC": "LPNT", "tipo": "SW", "id_emplazamiento": 1330104, "nombre_emplazamiento": "LO PINTO", "id_nodo": 930, "nombre_nodo": "LPIN03-SW9303", "Longitud": -70.74592, "Latitud": -33.27326, "title_nodo": "SW93LPIN03" }, "geometry": { "type": "Point", "coordinates": [ -70.74592, -33.27326 ] } },
{ "type": "Feature", "properties": { "Nemonico OC": "LPNT", "tipo": "SW", "id_emplazamiento": 1330104, "nombre_emplazamiento": "LO PINTO", "id_nodo": 462, "nombre_nodo": "LPIN69-HUAWEI", "Longitud": -70.74592, "Latitud": -33.27326, "title_nodo": null }, "geometry": { "type": "Point", "coordinates": [ -70.74592, -33.27326 ] } },
{ "type": "Feature", "properties": { "Nemonico OC": "LPNT", "tipo": "SW", "id_emplazamiento": 1330104, "nombre_emplazamiento": "LO PINTO", "id_nodo": 488, "nombre_nodo": "LPIN70-HUAWEI", "Longitud": -70.74592, "Latitud": -33.27326, "title_nodo": null }, "geometry": { "type": "Point", "coordinates": [ -70.74592, -33.27326 ] } },
{ "type": "Feature", "properties": { "Nemonico OC": "LPNT", "tipo": "SW", "id_emplazamiento": 1330104, "nombre_emplazamiento": "LO PINTO", "id_nodo": 506, "nombre_nodo": "LPIN71-HUAWEI", "Longitud": -70.74592, "Latitud": -33.27326, "title_nodo": null }, "geometry": { "type": "Point", "coordinates": [ -70.74592, -33.27326 ] } },
{ "type": "Feature", "properties": { "Nemonico OC": "LPNT", "tipo": "SW", "id_emplazamiento": 1330104, "nombre_emplazamiento": "LO PINTO", "id_nodo": 529, "nombre_nodo": "LPIN72-HUAWEI", "Longitud": -70.74592, "Latitud": -33.27326, "title_nodo": null }, "geometry": { "type": "Point", "coordinates": [ -70.74592, -33.27326 ] } },
{ "type": "Feature", "properties": { "Nemonico OC": "LPNT", "tipo": "SW", "id_emplazamiento": 1330104, "nombre_emplazamiento": "LO PINTO", "id_nodo": 1007, "nombre_nodo": "LPIN73-HUAWEI", "Longitud": -70.74592, "Latitud": -33.27326, "title_nodo": null }, "geometry": { "type": "Point", "coordinates": [ -70.74592, -33.27326 ] } },
{ "type": "Feature", "properties": { "Nemonico OC": "LPNT", "tipo": "SW", "id_emplazamiento": 1330104, "nombre_emplazamiento": "LO PINTO", "id_nodo": 1030, "nombre_nodo": "LPIN74-HUAWEI", "Longitud": -70.74592, "Latitud": -33.27326, "title_nodo": null }, "geometry": { "type": "Point", "coordinates": [ -70.74592, -33.27326 ] } },
{ "type": "Feature", "properties": { "Nemonico OC": "LPNT", "tipo": "SW", "id_emplazamiento": 1330104, "nombre_emplazamiento": "LO PINTO", "id_nodo": 1165, "nombre_nodo": "LPIN75-HUAWEI", "Longitud": -70.74592, "Latitud": -33.27326, "title_nodo": null }, "geometry": { "type": "Point", "coordinates": [ -70.74592, -33.27326 ] } },
{ "type": "Feature", "properties": { "Nemonico OC": "LPNT", "tipo": "SW", "id_emplazamiento": 1330104, "nombre_emplazamiento": "LO PINTO", "id_nodo": 1302, "nombre_nodo": "LPIN76-HUAWEI", "Longitud": -70.74592, "Latitud": -33.27326, "title_nodo": null }, "geometry": { "type": "Point", "coordinates": [ -70.74592, -33.27326 ] } },
{ "type": "Feature", "properties": { "Nemonico OC": "LPNT", "tipo": "SW", "id_emplazamiento": 1330104, "nombre_emplazamiento": "LO PINTO", "id_nodo": 1813, "nombre_nodo": "LPIN77-HUAWEI", "Longitud": -70.74592, "Latitud": -33.27326, "title_nodo": null }, "geometry": { "type": "Point", "coordinates": [ -70.74592, -33.27326 ] } },
{ "type": "Feature", "properties": { "Nemonico OC": "PAJA", "tipo": "SW", "id_emplazamiento": 1311903, "nombre_emplazamiento": "PAJARITOS", "id_nodo": 1418, "nombre_nodo": "OLT-PAJA-2", "Longitud": -70.7465, "Latitud": -33.48265, "title_nodo": "PAJA_OLT_2" }, "geometry": { "type": "Point", "coordinates": [ -70.7465, -33.48265 ] } },
{ "type": "Feature", "properties": { "Nemonico OC": "PAJA", "tipo": "SW", "id_emplazamiento": 1311903, "nombre_emplazamiento": "PAJARITOS", "id_nodo": 1699, "nombre_nodo": "OLT-PAJA-3", "Longitud": -70.7465, "Latitud": -33.48265, "title_nodo": "PAJA_OLT_3" }, "geometry": { "type": "Point", "coordinates": [ -70.7465, -33.48265 ] } },
{ "type": "Feature", "properties": { "Nemonico OC": "PAJA", "tipo": "SW", "id_emplazamiento": 1311903, "nombre_emplazamiento": "PAJARITOS", "id_nodo": 1500, "nombre_nodo": "OLT-PAJA-4", "Longitud": -70.7465, "Latitud": -33.48265, "title_nodo": "PAJA_OLT_4" }, "geometry": { "type": "Point", "coordinates": [ -70.7465, -33.48265 ] } },
{ "type": "Feature", "properties": { "Nemonico OC": "PAJA", "tipo": "SW", "id_emplazamiento": 1311903, "nombre_emplazamiento": "PAJARITOS", "id_nodo": 1355, "nombre_nodo": "OLT-PAJA-5", "Longitud": -70.7465, "Latitud": -33.48265, "title_nodo": "PAJA_OLT_5" }, "geometry": { "type": "Point", "coordinates": [ -70.7465, -33.48265 ] } },
{ "type": "Feature", "properties": { "Nemonico OC": "PAJA", "tipo": "SW", "id_emplazamiento": 1311903, "nombre_emplazamiento": "PAJARITOS", "id_nodo": 1457, "nombre_nodo": "OLT-PAJA-6", "Longitud": -70.7465, "Latitud": -33.48265, "title_nodo": "PAJA_OLT_6" }, "geometry": { "type": "Point", "coordinates": [ -70.7465, -33.48265 ] } },
{ "type": "Feature", "properties": { "Nemonico OC": "PAJA", "tipo": "SW", "id_emplazamiento": 1311903, "nombre_emplazamiento": "PAJARITOS", "id_nodo": 1280, "nombre_nodo": "PJTO01-PE40", "Longitud": -70.7465, "Latitud": -33.48265, "title_nodo": "PE40PJTO01" }, "geometry": { "type": "Point", "coordinates": [ -70.7465, -33.48265 ] } },
{ "type": "Feature", "properties": { "Nemonico OC": "PAJA", "tipo": "SW", "id_emplazamiento": 1311903, "nombre_emplazamiento": "PAJARITOS", "id_nodo": 511, "nombre_nodo": "PJTO01-SW9303", "Longitud": -70.7465, "Latitud": -33.48265, "title_nodo": "SW93PJTO01" }, "geometry": { "type": "Point", "coordinates": [ -70.7465, -33.48265 ] } },
{ "type": "Feature", "properties": { "Nemonico OC": "PAJA", "tipo": "SW", "id_emplazamiento": 1311903, "nombre_emplazamiento": "PAJARITOS", "id_nodo": 759, "nombre_nodo": "PJTO02-SW9303", "Longitud": -70.7465, "Latitud": -33.48265, "title_nodo": "SW93PJTO02" }, "geometry": { "type": "Point", "coordinates": [ -70.7465, -33.48265 ] } },
{ "type": "Feature", "properties": { "Nemonico OC": "PAJA", "tipo": "PE", "id_emplazamiento": 1311903, "nombre_emplazamiento": "PAJARITOS", "id_nodo": 376, "nombre_nodo": "PAJARITOS - PE96PJTO01 HL4 (CLI DIR)", "Longitud": -70.7465, "Latitud": -33.48265, "title_nodo": null }, "geometry": { "type": "Point", "coordinates": [ -70.7465, -33.48265 ] } },
{ "type": "Feature", "properties": { "Nemonico OC": "RAN3", "tipo": "SW", "id_emplazamiento": 610105, "nombre_emplazamiento": "RANCAGUA III", "id_nodo": 1069, "nombre_nodo": "RANG01-PE40", "Longitud": -70.7466, "Latitud": -34.17004, "title_nodo": "PE40RANG01" }, "geometry": { "type": "Point", "coordinates": [ -70.7466, -34.17004 ] } },
{ "type": "Feature", "properties": { "Nemonico OC": "RAN3", "tipo": "SW", "id_emplazamiento": 610105, "nombre_emplazamiento": "RANCAGUA III", "id_nodo": 1213, "nombre_nodo": "OLT-RAN3-2", "Longitud": -70.7466, "Latitud": -34.17004, "title_nodo": "RAN3_ATP_2" }, "geometry": { "type": "Point", "coordinates": [ -70.7466, -34.17004 ] } },
{ "type": "Feature", "properties": { "Nemonico OC": "RAN3", "tipo": "SW", "id_emplazamiento": 610105, "nombre_emplazamiento": "RANCAGUA III", "id_nodo": 1616, "nombre_nodo": "ATP-RAN3-5", "Longitud": -70.7466, "Latitud": -34.17004, "title_nodo": "RAN3_ATP_5" }, "geometry": { "type": "Point", "coordinates": [ -70.7466, -34.17004 ] } },
{ "type": "Feature", "properties": { "Nemonico OC": "RAN3", "tipo": "SW", "id_emplazamiento": 610105, "nombre_emplazamiento": "RANCAGUA III", "id_nodo": 1578, "nombre_nodo": "ATP-RAN3-6", "Longitud": -70.7466, "Latitud": -34.17004, "title_nodo": "RAN3_ATP_6" }, "geometry": { "type": "Point", "coordinates": [ -70.7466, -34.17004 ] } },
{ "type": "Feature", "properties": { "Nemonico OC": "RAN3", "tipo": "SW", "id_emplazamiento": 610105, "nombre_emplazamiento": "RANCAGUA III", "id_nodo": 1649, "nombre_nodo": "ATP-RAN3-7", "Longitud": -70.7466, "Latitud": -34.17004, "title_nodo": "RAN3_ATP_7" }, "geometry": { "type": "Point", "coordinates": [ -70.7466, -34.17004 ] } },
{ "type": "Feature", "properties": { "Nemonico OC": "RAN3", "tipo": "SW", "id_emplazamiento": 610105, "nombre_emplazamiento": "RANCAGUA III", "id_nodo": 98, "nombre_nodo": "RANG01-SW3550", "Longitud": -70.7466, "Latitud": -34.17004, "title_nodo": "SW35RANG01" }, "geometry": { "type": "Point", "coordinates": [ -70.7466, -34.17004 ] } },
{ "type": "Feature", "properties": { "Nemonico OC": "RAN3", "tipo": "SW", "id_emplazamiento": 610105, "nombre_emplazamiento": "RANCAGUA III", "id_nodo": 60, "nombre_nodo": "RANG01-SW3624", "Longitud": -70.7466, "Latitud": -34.17004, "title_nodo": "SW36RANC01" }, "geometry": { "type": "Point", "coordinates": [ -70.7466, -34.17004 ] } },
{ "type": "Feature", "properties": { "Nemonico OC": "RAN3", "tipo": "SW", "id_emplazamiento": 610105, "nombre_emplazamiento": "RANCAGUA III", "id_nodo": 149, "nombre_nodo": "RANG01-SW3750", "Longitud": -70.7466, "Latitud": -34.17004, "title_nodo": "SW37RANG01" }, "geometry": { "type": "Point", "coordinates": [ -70.7466, -34.17004 ] } },
{ "type": "Feature", "properties": { "Nemonico OC": "RAN3", "tipo": "SW", "id_emplazamiento": 610105, "nombre_emplazamiento": "RANCAGUA III", "id_nodo": 219, "nombre_nodo": "RANG02-SW3750", "Longitud": -70.7466, "Latitud": -34.17004, "title_nodo": "SW37RANG02" }, "geometry": { "type": "Point", "coordinates": [ -70.7466, -34.17004 ] } },
{ "type": "Feature", "properties": { "Nemonico OC": "RAN3", "tipo": "SW", "id_emplazamiento": 610105, "nombre_emplazamiento": "RANCAGUA III", "id_nodo": 455, "nombre_nodo": "RANG01-SW40E", "Longitud": -70.7466, "Latitud": -34.17004, "title_nodo": "SW40RANG01" }, "geometry": { "type": "Point", "coordinates": [ -70.7466, -34.17004 ] } },
{ "type": "Feature", "properties": { "Nemonico OC": "RAN3", "tipo": "SW", "id_emplazamiento": 610105, "nombre_emplazamiento": "RANCAGUA III", "id_nodo": 357, "nombre_nodo": "RANG01-SW6524", "Longitud": -70.7466, "Latitud": -34.17004, "title_nodo": "SW65RANG01" }, "geometry": { "type": "Point", "coordinates": [ -70.7466, -34.17004 ] } },
{ "type": "Feature", "properties": { "Nemonico OC": "RAN3", "tipo": "SW", "id_emplazamiento": 610105, "nombre_emplazamiento": "RANCAGUA III", "id_nodo": 776, "nombre_nodo": "RANG01-SW9303", "Longitud": -70.7466, "Latitud": -34.17004, "title_nodo": "SW93RANG01" }, "geometry": { "type": "Point", "coordinates": [ -70.7466, -34.17004 ] } },
{ "type": "Feature", "properties": { "Nemonico OC": "RAN3", "tipo": "SW", "id_emplazamiento": 610105, "nombre_emplazamiento": "RANCAGUA III", "id_nodo": 672, "nombre_nodo": "RANG02-SW9303", "Longitud": -70.7466, "Latitud": -34.17004, "title_nodo": "SW93RANG02" }, "geometry": { "type": "Point", "coordinates": [ -70.7466, -34.17004 ] } },
{ "type": "Feature", "properties": { "Nemonico OC": "RAN3", "tipo": "SW", "id_emplazamiento": 610105, "nombre_emplazamiento": "RANCAGUA III", "id_nodo": 886, "nombre_nodo": "RANG03-SW9303", "Longitud": -70.7466, "Latitud": -34.17004, "title_nodo": "SW93RANG03" }, "geometry": { "type": "Point", "coordinates": [ -70.7466, -34.17004 ] } },
{ "type": "Feature", "properties": { "Nemonico OC": "RAN3", "tipo": "PE", "id_emplazamiento": 610105, "nombre_emplazamiento": "RANCAGUA III", "id_nodo": 268, "nombre_nodo": "RANCAGUA - NB40RANG01", "Longitud": -70.7466, "Latitud": -34.17004, "title_nodo": null }, "geometry": { "type": "Point", "coordinates": [ -70.7466, -34.17004 ] } },
{ "type": "Feature", "properties": { "Nemonico OC": "RAN3", "tipo": "PE", "id_emplazamiento": 610105, "nombre_emplazamiento": "RANCAGUA III", "id_nodo": 104, "nombre_nodo": "RANCAGUA - NB76RANG01", "Longitud": -70.7466, "Latitud": -34.17004, "title_nodo": null }, "geometry": { "type": "Point", "coordinates": [ -70.7466, -34.17004 ] } },
{ "type": "Feature", "properties": { "Nemonico OC": "RAN3", "tipo": "PE", "id_emplazamiento": 610105, "nombre_emplazamiento": "RANCAGUA III", "id_nodo": 153, "nombre_nodo": "RANCAGUA - NB76RANG02", "Longitud": -70.7466, "Latitud": -34.17004, "title_nodo": null }, "geometry": { "type": "Point", "coordinates": [ -70.7466, -34.17004 ] } },
{ "type": "Feature", "properties": { "Nemonico OC": "RAN3", "tipo": "PE", "id_emplazamiento": 610105, "nombre_emplazamiento": "RANCAGUA III", "id_nodo": 61, "nombre_nodo": "RANCAGUA - PE06RANG01 (Cerrado)", "Longitud": -70.7466, "Latitud": -34.17004, "title_nodo": null }, "geometry": { "type": "Point", "coordinates": [ -70.7466, -34.17004 ] } },
{ "type": "Feature", "properties": { "Nemonico OC": "RAN3", "tipo": "PE", "id_emplazamiento": 610105, "nombre_emplazamiento": "RANCAGUA III", "id_nodo": 102, "nombre_nodo": "RANCAGUA - PE06RANG02 (Cerrado)", "Longitud": -70.7466, "Latitud": -34.17004, "title_nodo": null }, "geometry": { "type": "Point", "coordinates": [ -70.7466, -34.17004 ] } },
{ "type": "Feature", "properties": { "Nemonico OC": "RAN3", "tipo": "PE", "id_emplazamiento": 610105, "nombre_emplazamiento": "RANCAGUA III", "id_nodo": 14, "nombre_nodo": "RANCAGUA - PE07RANG01 (Cerrado)", "Longitud": -70.7466, "Latitud": -34.17004, "title_nodo": null }, "geometry": { "type": "Point", "coordinates": [ -70.7466, -34.17004 ] } },
{ "type": "Feature", "properties": { "Nemonico OC": "RAN3", "tipo": "PE", "id_emplazamiento": 610105, "nombre_emplazamiento": "RANCAGUA III", "id_nodo": 203, "nombre_nodo": "RANCAGUA - PE10RANG01 (Cerrado)", "Longitud": -70.7466, "Latitud": -34.17004, "title_nodo": null }, "geometry": { "type": "Point", "coordinates": [ -70.7466, -34.17004 ] } },
{ "type": "Feature", "properties": { "Nemonico OC": "RAN3", "tipo": "PE", "id_emplazamiento": 610105, "nombre_emplazamiento": "RANCAGUA III", "id_nodo": 292, "nombre_nodo": "RANCAGUA - PE480RANG01", "Longitud": -70.7466, "Latitud": -34.17004, "title_nodo": null }, "geometry": { "type": "Point", "coordinates": [ -70.7466, -34.17004 ] } },
{ "type": "Feature", "properties": { "Nemonico OC": "RAN3", "tipo": "PE", "id_emplazamiento": 610105, "nombre_emplazamiento": "RANCAGUA III", "id_nodo": 248, "nombre_nodo": "RANCAGUA - PE76QRNG01 (ELIMINADO)", "Longitud": -70.7466, "Latitud": -34.17004, "title_nodo": null }, "geometry": { "type": "Point", "coordinates": [ -70.7466, -34.17004 ] } },
{ "type": "Feature", "properties": { "Nemonico OC": "RAN3", "tipo": "PE", "id_emplazamiento": 610105, "nombre_emplazamiento": "RANCAGUA III", "id_nodo": 223, "nombre_nodo": "RANCAGUA - RANG78 Huawei", "Longitud": -70.7466, "Latitud": -34.17004, "title_nodo": null }, "geometry": { "type": "Point", "coordinates": [ -70.7466, -34.17004 ] } },
{ "type": "Feature", "properties": { "Nemonico OC": "RAN3", "tipo": "SW", "id_emplazamiento": 610105, "nombre_emplazamiento": "RANCAGUA III", "id_nodo": 119, "nombre_nodo": "RANG69-HUAWEI", "Longitud": -70.7466, "Latitud": -34.17004, "title_nodo": null }, "geometry": { "type": "Point", "coordinates": [ -70.7466, -34.17004 ] } },
{ "type": "Feature", "properties": { "Nemonico OC": "RAN3", "tipo": "SW", "id_emplazamiento": 610105, "nombre_emplazamiento": "RANCAGUA III", "id_nodo": 142, "nombre_nodo": "RANG70-HUAWEI", "Longitud": -70.7466, "Latitud": -34.17004, "title_nodo": null }, "geometry": { "type": "Point", "coordinates": [ -70.7466, -34.17004 ] } },
{ "type": "Feature", "properties": { "Nemonico OC": "RAN3", "tipo": "SW", "id_emplazamiento": 610105, "nombre_emplazamiento": "RANCAGUA III", "id_nodo": 183, "nombre_nodo": "RANG71-HUAWEI", "Longitud": -70.7466, "Latitud": -34.17004, "title_nodo": null }, "geometry": { "type": "Point", "coordinates": [ -70.7466, -34.17004 ] } },
{ "type": "Feature", "properties": { "Nemonico OC": "RAN3", "tipo": "SW", "id_emplazamiento": 610105, "nombre_emplazamiento": "RANCAGUA III", "id_nodo": 307, "nombre_nodo": "RANG72-HUAWEI", "Longitud": -70.7466, "Latitud": -34.17004, "title_nodo": null }, "geometry": { "type": "Point", "coordinates": [ -70.7466, -34.17004 ] } },
{ "type": "Feature", "properties": { "Nemonico OC": "RAN3", "tipo": "SW", "id_emplazamiento": 610105, "nombre_emplazamiento": "RANCAGUA III", "id_nodo": 321, "nombre_nodo": "RANG73-HUAWEI", "Longitud": -70.7466, "Latitud": -34.17004, "title_nodo": null }, "geometry": { "type": "Point", "coordinates": [ -70.7466, -34.17004 ] } },
{ "type": "Feature", "properties": { "Nemonico OC": "RAN3", "tipo": "SW", "id_emplazamiento": 610105, "nombre_emplazamiento": "RANCAGUA III", "id_nodo": 389, "nombre_nodo": "RANG74-HUAWEI", "Longitud": -70.7466, "Latitud": -34.17004, "title_nodo": null }, "geometry": { "type": "Point", "coordinates": [ -70.7466, -34.17004 ] } },
{ "type": "Feature", "properties": { "Nemonico OC": "RAN3", "tipo": "SW", "id_emplazamiento": 610105, "nombre_emplazamiento": "RANCAGUA III", "id_nodo": 392, "nombre_nodo": "RANG75-HUAWEI", "Longitud": -70.7466, "Latitud": -34.17004, "title_nodo": null }, "geometry": { "type": "Point", "coordinates": [ -70.7466, -34.17004 ] } },
{ "type": "Feature", "properties": { "Nemonico OC": "RAN3", "tipo": "SW", "id_emplazamiento": 610105, "nombre_emplazamiento": "RANCAGUA III", "id_nodo": 653, "nombre_nodo": "RANG77-HUAWEI", "Longitud": -70.7466, "Latitud": -34.17004, "title_nodo": null }, "geometry": { "type": "Point", "coordinates": [ -70.7466, -34.17004 ] } },
{ "type": "Feature", "properties": { "Nemonico OC": "RAN3", "tipo": "SW", "id_emplazamiento": 610105, "nombre_emplazamiento": "RANCAGUA III", "id_nodo": 893, "nombre_nodo": "RANG79-HUAWEI", "Longitud": -70.7466, "Latitud": -34.17004, "title_nodo": null }, "geometry": { "type": "Point", "coordinates": [ -70.7466, -34.17004 ] } },
{ "type": "Feature", "properties": { "Nemonico OC": "RAN3", "tipo": "SW", "id_emplazamiento": 610105, "nombre_emplazamiento": "RANCAGUA III", "id_nodo": 965, "nombre_nodo": "RANG80-HUAWEI", "Longitud": -70.7466, "Latitud": -34.17004, "title_nodo": null }, "geometry": { "type": "Point", "coordinates": [ -70.7466, -34.17004 ] } },
{ "type": "Feature", "properties": { "Nemonico OC": "RAN3", "tipo": "SW", "id_emplazamiento": 610105, "nombre_emplazamiento": "RANCAGUA III", "id_nodo": 1005, "nombre_nodo": "RANG81-MMOO", "Longitud": -70.7466, "Latitud": -34.17004, "title_nodo": null }, "geometry": { "type": "Point", "coordinates": [ -70.7466, -34.17004 ] } },
{ "type": "Feature", "properties": { "Nemonico OC": "RAN3", "tipo": "SW", "id_emplazamiento": 610105, "nombre_emplazamiento": "RANCAGUA III", "id_nodo": 1028, "nombre_nodo": "RANG82-HUAWEI", "Longitud": -70.7466, "Latitud": -34.17004, "title_nodo": null }, "geometry": { "type": "Point", "coordinates": [ -70.7466, -34.17004 ] } },
{ "type": "Feature", "properties": { "Nemonico OC": "RAN3", "tipo": "SW", "id_emplazamiento": 610105, "nombre_emplazamiento": "RANCAGUA III", "id_nodo": 1029, "nombre_nodo": "RANG83-HUAWEI", "Longitud": -70.7466, "Latitud": -34.17004, "title_nodo": null }, "geometry": { "type": "Point", "coordinates": [ -70.7466, -34.17004 ] } },
{ "type": "Feature", "properties": { "Nemonico OC": "RAN3", "tipo": "SW", "id_emplazamiento": 610105, "nombre_emplazamiento": "RANCAGUA III", "id_nodo": 1327, "nombre_nodo": "RANG84-HUAWEI", "Longitud": -70.7466, "Latitud": -34.17004, "title_nodo": null }, "geometry": { "type": "Point", "coordinates": [ -70.7466, -34.17004 ] } },
{ "type": "Feature", "properties": { "Nemonico OC": "RAN3", "tipo": "SW", "id_emplazamiento": 610105, "nombre_emplazamiento": "RANCAGUA III", "id_nodo": 1375, "nombre_nodo": "RANG85-HUAWEI", "Longitud": -70.7466, "Latitud": -34.17004, "title_nodo": null }, "geometry": { "type": "Point", "coordinates": [ -70.7466, -34.17004 ] } },
{ "type": "Feature", "properties": { "Nemonico OC": "RAN3", "tipo": "SW", "id_emplazamiento": 610105, "nombre_emplazamiento": "RANCAGUA III", "id_nodo": 1384, "nombre_nodo": "RANG86-HUAWEI", "Longitud": -70.7466, "Latitud": -34.17004, "title_nodo": null }, "geometry": { "type": "Point", "coordinates": [ -70.7466, -34.17004 ] } },
{ "type": "Feature", "properties": { "Nemonico OC": "RAN3", "tipo": "SW", "id_emplazamiento": 610105, "nombre_emplazamiento": "RANCAGUA III", "id_nodo": 1634, "nombre_nodo": "RANG87-HUAWEI", "Longitud": -70.7466, "Latitud": -34.17004, "title_nodo": null }, "geometry": { "type": "Point", "coordinates": [ -70.7466, -34.17004 ] } },
{ "type": "Feature", "properties": { "Nemonico OC": "RAN3", "tipo": "SW", "id_emplazamiento": 610105, "nombre_emplazamiento": "RANCAGUA III", "id_nodo": 1800, "nombre_nodo": "RANG88-HUAWEI", "Longitud": -70.7466, "Latitud": -34.17004, "title_nodo": null }, "geometry": { "type": "Point", "coordinates": [ -70.7466, -34.17004 ] } },
{ "type": "Feature", "properties": { "Nemonico OC": "HOSP", "tipo": "SW", "id_emplazamiento": 1340201, "nombre_emplazamiento": "HOSPITAL", "id_nodo": 1765, "nombre_nodo": "OLT-HOSP-1", "Longitud": -70.74702, "Latitud": -33.86548, "title_nodo": "HOSP_OLT_1" }, "geometry": { "type": "Point", "coordinates": [ -70.74702, -33.86548 ] } },
{ "type": "Feature", "properties": { "Nemonico OC": "HOSP", "tipo": "PE", "id_emplazamiento": 1340201, "nombre_emplazamiento": "HOSPITAL", "id_nodo": 463, "nombre_nodo": "HOSPITAL - PE80HOSP01-L", "Longitud": -70.74702, "Latitud": -33.86548, "title_nodo": null }, "geometry": { "type": "Point", "coordinates": [ -70.74702, -33.86548 ] } },
{ "type": "Feature", "properties": { "Nemonico OC": "MAGI", "tipo": "SW", "id_emplazamiento": 1311902, "nombre_emplazamiento": "MAGISTER", "id_nodo": 863, "nombre_nodo": "MAGI01-SW9303", "Longitud": -70.75633, "Latitud": -33.48649, "title_nodo": "SW93MAGI01" }, "geometry": { "type": "Point", "coordinates": [ -70.75633, -33.48649 ] } },
{ "type": "Feature", "properties": { "Nemonico OC": "MAGI", "tipo": "SW", "id_emplazamiento": 1311902, "nombre_emplazamiento": "MAGISTER", "id_nodo": 931, "nombre_nodo": "MAGI02-SW9303", "Longitud": -70.75633, "Latitud": -33.48649, "title_nodo": "SW93MAGI02" }, "geometry": { "type": "Point", "coordinates": [ -70.75633, -33.48649 ] } },
{ "type": "Feature", "properties": { "Nemonico OC": "VALL", "tipo": "SW", "id_emplazamiento": 330101, "nombre_emplazamiento": "VALLENAR", "id_nodo": 1115, "nombre_nodo": "VALL01-PE40", "Longitud": -70.75802, "Latitud": -28.5778, "title_nodo": "PE40VALL01" }, "geometry": { "type": "Point", "coordinates": [ -70.75802, -28.5778 ] } },
{ "type": "Feature", "properties": { "Nemonico OC": "VALL", "tipo": "SW", "id_emplazamiento": 330101, "nombre_emplazamiento": "VALLENAR", "id_nodo": 482, "nombre_nodo": "VALL01-SW9303", "Longitud": -70.75802, "Latitud": -28.5778, "title_nodo": "SW93VALL01" }, "geometry": { "type": "Point", "coordinates": [ -70.75802, -28.5778 ] } },
{ "type": "Feature", "properties": { "Nemonico OC": "VALL", "tipo": "SW", "id_emplazamiento": 330101, "nombre_emplazamiento": "VALLENAR", "id_nodo": 937, "nombre_nodo": "VALL02-SW9303", "Longitud": -70.75802, "Latitud": -28.5778, "title_nodo": "SW93VALL02" }, "geometry": { "type": "Point", "coordinates": [ -70.75802, -28.5778 ] } },
{ "type": "Feature", "properties": { "Nemonico OC": "VALL", "tipo": "SW", "id_emplazamiento": 330101, "nombre_emplazamiento": "VALLENAR", "id_nodo": 1316, "nombre_nodo": "OLT-VALL02", "Longitud": -70.75802, "Latitud": -28.5778, "title_nodo": null }, "geometry": { "type": "Point", "coordinates": [ -70.75802, -28.5778 ] } },
{ "type": "Feature", "properties": { "Nemonico OC": "VALL", "tipo": "SW", "id_emplazamiento": 330101, "nombre_emplazamiento": "VALLENAR", "id_nodo": 1132, "nombre_nodo": "OLT-VALL03", "Longitud": -70.75802, "Latitud": -28.5778, "title_nodo": null }, "geometry": { "type": "Point", "coordinates": [ -70.75802, -28.5778 ] } },
{ "type": "Feature", "properties": { "Nemonico OC": "VALL", "tipo": "SW", "id_emplazamiento": 330101, "nombre_emplazamiento": "VALLENAR", "id_nodo": 612, "nombre_nodo": "VALL69-HUAWEI", "Longitud": -70.75802, "Latitud": -28.5778, "title_nodo": null }, "geometry": { "type": "Point", "coordinates": [ -70.75802, -28.5778 ] } },
{ "type": "Feature", "properties": { "Nemonico OC": "VALL", "tipo": "SW", "id_emplazamiento": 330101, "nombre_emplazamiento": "VALLENAR", "id_nodo": 770, "nombre_nodo": "VALL70-HUAWEI", "Longitud": -70.75802, "Latitud": -28.5778, "title_nodo": null }, "geometry": { "type": "Point", "coordinates": [ -70.75802, -28.5778 ] } },
{ "type": "Feature", "properties": { "Nemonico OC": "VALL", "tipo": "SW", "id_emplazamiento": 330101, "nombre_emplazamiento": "VALLENAR", "id_nodo": 1475, "nombre_nodo": "VALL71-HUAWEI", "Longitud": -70.75802, "Latitud": -28.5778, "title_nodo": null }, "geometry": { "type": "Point", "coordinates": [ -70.75802, -28.5778 ] } },
{ "type": "Feature", "properties": { "Nemonico OC": "VALL", "tipo": "SW", "id_emplazamiento": 330101, "nombre_emplazamiento": "VALLENAR", "id_nodo": 1589, "nombre_nodo": "VALL72-HUAWEI", "Longitud": -70.75802, "Latitud": -28.5778, "title_nodo": null }, "geometry": { "type": "Point", "coordinates": [ -70.75802, -28.5778 ] } },
{ "type": "Feature", "properties": { "Nemonico OC": "TVOT", "tipo": "SW", "id_emplazamiento": 1311909, "nombre_emplazamiento": "TEMPLO VOTIVO", "id_nodo": 985, "nombre_nodo": "TVOT01-PE40", "Longitud": -70.76433, "Latitud": -33.50613, "title_nodo": "PE40TVOT01" }, "geometry": { "type": "Point", "coordinates": [ -70.76433, -33.50613 ] } },
{ "type": "Feature", "properties": { "Nemonico OC": "TVOT", "tipo": "SW", "id_emplazamiento": 1311909, "nombre_emplazamiento": "TEMPLO VOTIVO", "id_nodo": 1073, "nombre_nodo": "TVOT02-PE40", "Longitud": -70.76433, "Latitud": -33.50613, "title_nodo": "PE40TVOT02" }, "geometry": { "type": "Point", "coordinates": [ -70.76433, -33.50613 ] } },
{ "type": "Feature", "properties": { "Nemonico OC": "TVOT", "tipo": "SW", "id_emplazamiento": 1311909, "nombre_emplazamiento": "TEMPLO VOTIVO", "id_nodo": 1552, "nombre_nodo": "TVOT03-PE40-L", "Longitud": -70.76433, "Latitud": -33.50613, "title_nodo": "PE40TVOT03-L" }, "geometry": { "type": "Point", "coordinates": [ -70.76433, -33.50613 ] } },
{ "type": "Feature", "properties": { "Nemonico OC": "TVOT", "tipo": "SW", "id_emplazamiento": 1311909, "nombre_emplazamiento": "TEMPLO VOTIVO", "id_nodo": 256, "nombre_nodo": "TVOT01-SW6524", "Longitud": -70.76433, "Latitud": -33.50613, "title_nodo": "SW65TVOT01" }, "geometry": { "type": "Point", "coordinates": [ -70.76433, -33.50613 ] } },
{ "type": "Feature", "properties": { "Nemonico OC": "TVOT", "tipo": "SW", "id_emplazamiento": 1311909, "nombre_emplazamiento": "TEMPLO VOTIVO", "id_nodo": 563, "nombre_nodo": "DW93-TVOT01", "Longitud": -70.76433, "Latitud": -33.50613, "title_nodo": "SW93DTVO01" }, "geometry": { "type": "Point", "coordinates": [ -70.76433, -33.50613 ] } },
{ "type": "Feature", "properties": { "Nemonico OC": "TVOT", "tipo": "SW", "id_emplazamiento": 1311909, "nombre_emplazamiento": "TEMPLO VOTIVO", "id_nodo": 611, "nombre_nodo": "TVOT01-SW9303", "Longitud": -70.76433, "Latitud": -33.50613, "title_nodo": "SW93TVOT01" }, "geometry": { "type": "Point", "coordinates": [ -70.76433, -33.50613 ] } },
{ "type": "Feature", "properties": { "Nemonico OC": "TVOT", "tipo": "SW", "id_emplazamiento": 1311909, "nombre_emplazamiento": "TEMPLO VOTIVO", "id_nodo": 806, "nombre_nodo": "TVOT02-SW9303", "Longitud": -70.76433, "Latitud": -33.50613, "title_nodo": "SW93TVOT02" }, "geometry": { "type": "Point", "coordinates": [ -70.76433, -33.50613 ] } },
{ "type": "Feature", "properties": { "Nemonico OC": "TVOT", "tipo": "SW", "id_emplazamiento": 1311909, "nombre_emplazamiento": "TEMPLO VOTIVO", "id_nodo": 1700, "nombre_nodo": "OLT-TVOT02", "Longitud": -70.76433, "Latitud": -33.50613, "title_nodo": "TVOT_OLT_2" }, "geometry": { "type": "Point", "coordinates": [ -70.76433, -33.50613 ] } },
{ "type": "Feature", "properties": { "Nemonico OC": "TVOT", "tipo": "SW", "id_emplazamiento": 1311909, "nombre_emplazamiento": "TEMPLO VOTIVO", "id_nodo": 1339, "nombre_nodo": "OLT-TVOT03", "Longitud": -70.76433, "Latitud": -33.50613, "title_nodo": "TVOT_OLT_3" }, "geometry": { "type": "Point", "coordinates": [ -70.76433, -33.50613 ] } },
{ "type": "Feature", "properties": { "Nemonico OC": "TVOT", "tipo": "SW", "id_emplazamiento": 1311909, "nombre_emplazamiento": "TEMPLO VOTIVO", "id_nodo": 1346, "nombre_nodo": "OLT-TVOT04", "Longitud": -70.76433, "Latitud": -33.50613, "title_nodo": "TVOT_OLT_4" }, "geometry": { "type": "Point", "coordinates": [ -70.76433, -33.50613 ] } },
{ "type": "Feature", "properties": { "Nemonico OC": "TVOT", "tipo": "SW", "id_emplazamiento": 1311909, "nombre_emplazamiento": "TEMPLO VOTIVO", "id_nodo": 1363, "nombre_nodo": "OLT-TVOT05", "Longitud": -70.76433, "Latitud": -33.50613, "title_nodo": "TVOT_OLT_5" }, "geometry": { "type": "Point", "coordinates": [ -70.76433, -33.50613 ] } },
{ "type": "Feature", "properties": { "Nemonico OC": "TVOT", "tipo": "SW", "id_emplazamiento": 1311909, "nombre_emplazamiento": "TEMPLO VOTIVO", "id_nodo": 1745, "nombre_nodo": "OLT-TVOT06", "Longitud": -70.76433, "Latitud": -33.50613, "title_nodo": "TVOT_OLT_6" }, "geometry": { "type": "Point", "coordinates": [ -70.76433, -33.50613 ] } },
{ "type": "Feature", "properties": { "Nemonico OC": "TVOT", "tipo": "SW", "id_emplazamiento": 1311909, "nombre_emplazamiento": "TEMPLO VOTIVO", "id_nodo": 479, "nombre_nodo": "TVOT69-HUAWEI", "Longitud": -70.76433, "Latitud": -33.50613, "title_nodo": null }, "geometry": { "type": "Point", "coordinates": [ -70.76433, -33.50613 ] } },
{ "type": "Feature", "properties": { "Nemonico OC": "TVOT", "tipo": "SW", "id_emplazamiento": 1311909, "nombre_emplazamiento": "TEMPLO VOTIVO", "id_nodo": 516, "nombre_nodo": "TVOT70-HUAWEI", "Longitud": -70.76433, "Latitud": -33.50613, "title_nodo": null }, "geometry": { "type": "Point", "coordinates": [ -70.76433, -33.50613 ] } },
{ "type": "Feature", "properties": { "Nemonico OC": "TVOT", "tipo": "SW", "id_emplazamiento": 1311909, "nombre_emplazamiento": "TEMPLO VOTIVO", "id_nodo": 652, "nombre_nodo": "TVOT71-HUAWEI", "Longitud": -70.76433, "Latitud": -33.50613, "title_nodo": null }, "geometry": { "type": "Point", "coordinates": [ -70.76433, -33.50613 ] } },
{ "type": "Feature", "properties": { "Nemonico OC": "TVOT", "tipo": "SW", "id_emplazamiento": 1311909, "nombre_emplazamiento": "TEMPLO VOTIVO", "id_nodo": 1592, "nombre_nodo": "TVOT72-HUAWEI", "Longitud": -70.76433, "Latitud": -33.50613, "title_nodo": null }, "geometry": { "type": "Point", "coordinates": [ -70.76433, -33.50613 ] } },
{ "type": "Feature", "properties": { "Nemonico OC": "LSOR", "tipo": "SW", "id_emplazamiento": 1111120, "nombre_emplazamiento": "LO SOLAR", "id_nodo": 1776, "nombre_nodo": "LSLR01-SW9303", "Longitud": -70.774785, "Latitud": -33.27789, "title_nodo": "SW93LSLR01" }, "geometry": { "type": "Point", "coordinates": [ -70.774785, -33.27789 ] } },
{ "type": "Feature", "properties": { "Nemonico OC": "EABR", "tipo": "SW", "id_emplazamiento": 1311908, "nombre_emplazamiento": "EL ABRAZO DE MAIPU", "id_nodo": 430, "nombre_nodo": "EABR01-SW40E", "Longitud": -70.77801, "Latitud": -33.54397, "title_nodo": "SW40EABR01" }, "geometry": { "type": "Point", "coordinates": [ -70.77801, -33.54397 ] } },
{ "type": "Feature", "properties": { "Nemonico OC": "LHMA", "tipo": "SW", "id_emplazamiento": 1311901, "nombre_emplazamiento": "LOS HEROES DE MAIPU", "id_nodo": 902, "nombre_nodo": "LHMA01-SW9303", "Longitud": -70.79053, "Latitud": -33.53913, "title_nodo": "SW93LHMA01" }, "geometry": { "type": "Point", "coordinates": [ -70.79053, -33.53913 ] } },
{ "type": "Feature", "properties": { "Nemonico OC": "PUDA", "tipo": "SW", "id_emplazamiento": 1312402, "nombre_emplazamiento": "PUDAHUEL", "id_nodo": 1004, "nombre_nodo": "PUDA01-PE40", "Longitud": -70.79397, "Latitud": -33.40355, "title_nodo": "PE40PUDA01" }, "geometry": { "type": "Point", "coordinates": [ -70.79397, -33.40355 ] } },
{ "type": "Feature", "properties": { "Nemonico OC": "PUDA", "tipo": "SW", "id_emplazamiento": 1312402, "nombre_emplazamiento": "PUDAHUEL", "id_nodo": 1006, "nombre_nodo": "OLT-PUDA01", "Longitud": -70.79397, "Latitud": -33.40355, "title_nodo": "PUDAOLT_1" }, "geometry": { "type": "Point", "coordinates": [ -70.79397, -33.40355 ] } },
{ "type": "Feature", "properties": { "Nemonico OC": "LONQ", "tipo": "PE", "id_emplazamiento": 1340303, "nombre_emplazamiento": "LONQUEN", "id_nodo": 433, "nombre_nodo": "LONQUEN - PE80LONQ01-L", "Longitud": -70.79769, "Latitud": -33.6215, "title_nodo": null }, "geometry": { "type": "Point", "coordinates": [ -70.79769, -33.6215 ] } },
{ "type": "Feature", "properties": { "Nemonico OC": "PHUR", "tipo": "SW", "id_emplazamiento": 1360401, "nombre_emplazamiento": "PADRE HURTADO (SANTIAGO)", "id_nodo": 1459, "nombre_nodo": "OLT-PHUR-2", "Longitud": -70.81353, "Latitud": -33.56817, "title_nodo": "PHUR-2- OLT" }, "geometry": { "type": "Point", "coordinates": [ -70.81353, -33.56817 ] } },
{ "type": "Feature", "properties": { "Nemonico OC": "PHUR", "tipo": "SW", "id_emplazamiento": 1360401, "nombre_emplazamiento": "PADRE HURTADO (SANTIAGO)", "id_nodo": 1543, "nombre_nodo": "OLT-PHUR-3", "Longitud": -70.81353, "Latitud": -33.56817, "title_nodo": "PHUR-3- OLT" }, "geometry": { "type": "Point", "coordinates": [ -70.81353, -33.56817 ] } },
{ "type": "Feature", "properties": { "Nemonico OC": "PHUR", "tipo": "SW", "id_emplazamiento": 1360401, "nombre_emplazamiento": "PADRE HURTADO (SANTIAGO)", "id_nodo": 1345, "nombre_nodo": "OLT-PHUR-4", "Longitud": -70.81353, "Latitud": -33.56817, "title_nodo": "PHUR-4- OLT" }, "geometry": { "type": "Point", "coordinates": [ -70.81353, -33.56817 ] } },
{ "type": "Feature", "properties": { "Nemonico OC": "PHUR", "tipo": "SW", "id_emplazamiento": 1360401, "nombre_emplazamiento": "PADRE HURTADO (SANTIAGO)", "id_nodo": 1596, "nombre_nodo": "OLT-PHUR-5", "Longitud": -70.81353, "Latitud": -33.56817, "title_nodo": "PHUR-5- OLT" }, "geometry": { "type": "Point", "coordinates": [ -70.81353, -33.56817 ] } },
{ "type": "Feature", "properties": { "Nemonico OC": "PHUR", "tipo": "SW", "id_emplazamiento": 1360401, "nombre_emplazamiento": "PADRE HURTADO (SANTIAGO)", "id_nodo": 872, "nombre_nodo": "PHUR01-SW9303", "Longitud": -70.81353, "Latitud": -33.56817, "title_nodo": "SW93PHUR01" }, "geometry": { "type": "Point", "coordinates": [ -70.81353, -33.56817 ] } },
{ "type": "Feature", "properties": { "Nemonico OC": "PHUR", "tipo": "PE", "id_emplazamiento": 1360401, "nombre_emplazamiento": "PADRE HURTADO (SANTIAGO)", "id_nodo": 342, "nombre_nodo": "PADRE HURTADO - PE96PHUR01 HL5 solo L2", "Longitud": -70.81353, "Latitud": -33.56817, "title_nodo": null }, "geometry": { "type": "Point", "coordinates": [ -70.81353, -33.56817 ] } },
{ "type": "Feature", "properties": { "Nemonico OC": "REQN", "tipo": "SW", "id_emplazamiento": 611601, "nombre_emplazamiento": "REQUINOA", "id_nodo": 1692, "nombre_nodo": "OLT-REQN-1", "Longitud": -70.81658, "Latitud": -34.28412, "title_nodo": "REQN_OLT_1" }, "geometry": { "type": "Point", "coordinates": [ -70.81658, -34.28412 ] } },
{ "type": "Feature", "properties": { "Nemonico OC": "REQN", "tipo": "PE", "id_emplazamiento": 611601, "nombre_emplazamiento": "REQUINOA", "id_nodo": 487, "nombre_nodo": "REQUINOA - PE80REQN01-L", "Longitud": -70.81658, "Latitud": -34.28412, "title_nodo": null }, "geometry": { "type": "Point", "coordinates": [ -70.81658, -34.28412 ] } },
{ "type": "Feature", "properties": { "Nemonico OC": "CALD", "tipo": "SW", "id_emplazamiento": 310201, "nombre_emplazamiento": "CALDERA", "id_nodo": 1593, "nombre_nodo": "OLT-CALD-1", "Longitud": -70.822, "Latitud": -27.06685, "title_nodo": "CALD_OLT_1" }, "geometry": { "type": "Point", "coordinates": [ -70.822, -27.06685 ] } },
{ "type": "Feature", "properties": { "Nemonico OC": "CALD", "tipo": "PE", "id_emplazamiento": 310201, "nombre_emplazamiento": "CALDERA", "id_nodo": 460, "nombre_nodo": "CALDERA - PE80CALD01-L", "Longitud": -70.822, "Latitud": -27.06685, "title_nodo": null }, "geometry": { "type": "Point", "coordinates": [ -70.822, -27.06685 ] } },
{ "type": "Feature", "properties": { "Nemonico OC": "CDVA", "tipo": "SW", "id_emplazamiento": 1312405, "nombre_emplazamiento": "CIUDAD DE LOS VALLES", "id_nodo": 1352, "nombre_nodo": "OLT-CDVA-2", "Longitud": -70.84403, "Latitud": -33.44772, "title_nodo": "CDVA_OLT_2" }, "geometry": { "type": "Point", "coordinates": [ -70.84403, -33.44772 ] } },
{ "type": "Feature", "properties": { "Nemonico OC": "CDVA", "tipo": "SW", "id_emplazamiento": 1312405, "nombre_emplazamiento": "CIUDAD DE LOS VALLES", "id_nodo": 1658, "nombre_nodo": "OLT-CDVA-3", "Longitud": -70.84403, "Latitud": -33.44772, "title_nodo": "CDVA_OLT_3" }, "geometry": { "type": "Point", "coordinates": [ -70.84403, -33.44772 ] } },
{ "type": "Feature", "properties": { "Nemonico OC": "CDVA", "tipo": "SW", "id_emplazamiento": 1312405, "nombre_emplazamiento": "CIUDAD DE LOS VALLES", "id_nodo": 1222, "nombre_nodo": "CVLL01-PE40", "Longitud": -70.84403, "Latitud": -33.44772, "title_nodo": "PE40CVLL01" }, "geometry": { "type": "Point", "coordinates": [ -70.84403, -33.44772 ] } },
{ "type": "Feature", "properties": { "Nemonico OC": "CDVA", "tipo": "SW", "id_emplazamiento": 1312405, "nombre_emplazamiento": "CIUDAD DE LOS VALLES", "id_nodo": 824, "nombre_nodo": "CVLL01-SW9303", "Longitud": -70.84403, "Latitud": -33.44772, "title_nodo": "SW93CVLL01" }, "geometry": { "type": "Point", "coordinates": [ -70.84403, -33.44772 ] } },
{ "type": "Feature", "properties": { "Nemonico OC": "CDVA", "tipo": "SW", "id_emplazamiento": 1312405, "nombre_emplazamiento": "CIUDAD DE LOS VALLES", "id_nodo": 1774, "nombre_nodo": "CDVA69-HUAWEI", "Longitud": -70.84403, "Latitud": -33.44772, "title_nodo": null }, "geometry": { "type": "Point", "coordinates": [ -70.84403, -33.44772 ] } },
{ "type": "Feature", "properties": { "Nemonico OC": "RENG", "tipo": "SW", "id_emplazamiento": 611501, "nombre_emplazamiento": "RENGO", "id_nodo": 1651, "nombre_nodo": "OLT-RENG-1", "Longitud": -70.85878, "Latitud": -34.40698, "title_nodo": "RENG_OLT_1" }, "geometry": { "type": "Point", "coordinates": [ -70.85878, -34.40698 ] } },
{ "type": "Feature", "properties": { "Nemonico OC": "RENG", "tipo": "SW", "id_emplazamiento": 611501, "nombre_emplazamiento": "RENGO", "id_nodo": 855, "nombre_nodo": "RENG01-SW9303", "Longitud": -70.85878, "Latitud": -34.40698, "title_nodo": "SW93RENG01" }, "geometry": { "type": "Point", "coordinates": [ -70.85878, -34.40698 ] } },
{ "type": "Feature", "properties": { "Nemonico OC": "RENG", "tipo": "PE", "id_emplazamiento": 611501, "nombre_emplazamiento": "RENGO", "id_nodo": 353, "nombre_nodo": "RENGO - PE96RENG01 HL5 solo L2", "Longitud": -70.85878, "Latitud": -34.40698, "title_nodo": null }, "geometry": { "type": "Point", "coordinates": [ -70.85878, -34.40698 ] } },
{ "type": "Feature", "properties": { "Nemonico OC": "RENG", "tipo": "SW", "id_emplazamiento": 611501, "nombre_emplazamiento": "RENGO", "id_nodo": 1289, "nombre_nodo": "RENG69-HUAWEI", "Longitud": -70.85878, "Latitud": -34.40698, "title_nodo": null }, "geometry": { "type": "Point", "coordinates": [ -70.85878, -34.40698 ] } },
{ "type": "Feature", "properties": { "Nemonico OC": "LAMP", "tipo": "SW", "id_emplazamiento": 1330203, "nombre_emplazamiento": "LAMPA", "id_nodo": 1628, "nombre_nodo": "OLT-LAMP-1", "Longitud": -70.88267, "Latitud": -33.27763, "title_nodo": "LAMP_OLT_1" }, "geometry": { "type": "Point", "coordinates": [ -70.88267, -33.27763 ] } },
{ "type": "Feature", "properties": { "Nemonico OC": "LAMP", "tipo": "SW", "id_emplazamiento": 1330203, "nombre_emplazamiento": "LAMPA", "id_nodo": 825, "nombre_nodo": "LAMP01-SW9303", "Longitud": -70.88267, "Latitud": -33.27763, "title_nodo": "SW93LAMP01" }, "geometry": { "type": "Point", "coordinates": [ -70.88267, -33.27763 ] } },
{ "type": "Feature", "properties": { "Nemonico OC": "LMIR", "tipo": "SW", "id_emplazamiento": 610502, "nombre_emplazamiento": "LO MIRANDA", "id_nodo": 1450, "nombre_nodo": "LMIR01-PE40", "Longitud": -70.88822, "Latitud": -34.20583, "title_nodo": "PE40LMIR01" }, "geometry": { "type": "Point", "coordinates": [ -70.88822, -34.20583 ] } },
{ "type": "Feature", "properties": { "Nemonico OC": "LMIR", "tipo": "SW", "id_emplazamiento": 610502, "nombre_emplazamiento": "LO MIRANDA", "id_nodo": 380, "nombre_nodo": "LMIR01-SW3424", "Longitud": -70.88822, "Latitud": -34.20583, "title_nodo": "SW34LMIR01" }, "geometry": { "type": "Point", "coordinates": [ -70.88822, -34.20583 ] } },
{ "type": "Feature", "properties": { "Nemonico OC": "PENA", "tipo": "SW", "id_emplazamiento": 510603, "nombre_emplazamiento": "PENABLANCA", "id_nodo": 1611, "nombre_nodo": "OLT-PNAB-2", "Longitud": -70.8932, "Latitud": -33.6065, "title_nodo": "PNAB-2- OLT" }, "geometry": { "type": "Point", "coordinates": [ -70.8932, -33.6065 ] } },
{ "type": "Feature", "properties": { "Nemonico OC": "PENA", "tipo": "SW", "id_emplazamiento": 510603, "nombre_emplazamiento": "PENABLANCA", "id_nodo": 1441, "nombre_nodo": "OLT-PNAB-3", "Longitud": -70.8932, "Latitud": -33.6065, "title_nodo": "PNAB-3- OLT" }, "geometry": { "type": "Point", "coordinates": [ -70.8932, -33.6065 ] } },
{ "type": "Feature", "properties": { "Nemonico OC": "PENA", "tipo": "SW", "id_emplazamiento": 510603, "nombre_emplazamiento": "PENABLANCA", "id_nodo": 532, "nombre_nodo": "PBLA01-SW9303", "Longitud": -70.8932, "Latitud": -33.6065, "title_nodo": "SW93PBLA01" }, "geometry": { "type": "Point", "coordinates": [ -70.8932, -33.6065 ] } },
{ "type": "Feature", "properties": { "Nemonico OC": "PENA", "tipo": "PE", "id_emplazamiento": 510603, "nombre_emplazamiento": "PENABLANCA", "id_nodo": 341, "nombre_nodo": "PEÑABLANCA - PE96PBLA01 HL4 (CLI DIR)", "Longitud": -70.8932, "Latitud": -33.6065, "title_nodo": null }, "geometry": { "type": "Point", "coordinates": [ -70.8932, -33.6065 ] } },
{ "type": "Feature", "properties": { "Nemonico OC": "PENA", "tipo": "SW", "id_emplazamiento": 1360501, "nombre_emplazamiento": "PENAFLOR", "id_nodo": 1034, "nombre_nodo": "PENA01-PE40", "Longitud": -70.8932, "Latitud": -33.6065, "title_nodo": "PE40PENA01" }, "geometry": { "type": "Point", "coordinates": [ -70.8932, -33.6065 ] } },
{ "type": "Feature", "properties": { "Nemonico OC": "PENA", "tipo": "SW", "id_emplazamiento": 1360501, "nombre_emplazamiento": "PENAFLOR", "id_nodo": 1590, "nombre_nodo": "OLT-PENA-2", "Longitud": -70.8932, "Latitud": -33.6065, "title_nodo": "PENA_OLT_2" }, "geometry": { "type": "Point", "coordinates": [ -70.8932, -33.6065 ] } },
{ "type": "Feature", "properties": { "Nemonico OC": "PENA", "tipo": "SW", "id_emplazamiento": 1360501, "nombre_emplazamiento": "PENAFLOR", "id_nodo": 1446, "nombre_nodo": "OLT-PENA-3", "Longitud": -70.8932, "Latitud": -33.6065, "title_nodo": "PENA-3- OLT" }, "geometry": { "type": "Point", "coordinates": [ -70.8932, -33.6065 ] } },
{ "type": "Feature", "properties": { "Nemonico OC": "PENA", "tipo": "SW", "id_emplazamiento": 1360501, "nombre_emplazamiento": "PENAFLOR", "id_nodo": 711, "nombre_nodo": "PENA01-SW9303", "Longitud": -70.8932, "Latitud": -33.6065, "title_nodo": "SW93PENA01" }, "geometry": { "type": "Point", "coordinates": [ -70.8932, -33.6065 ] } },
{ "type": "Feature", "properties": { "Nemonico OC": "PENA", "tipo": "SW", "id_emplazamiento": 1360501, "nombre_emplazamiento": "PENAFLOR", "id_nodo": 530, "nombre_nodo": "PENA69-HUAWEI", "Longitud": -70.8932, "Latitud": -33.6065, "title_nodo": null }, "geometry": { "type": "Point", "coordinates": [ -70.8932, -33.6065 ] } },
{ "type": "Feature", "properties": { "Nemonico OC": "PENA", "tipo": "SW", "id_emplazamiento": 1360501, "nombre_emplazamiento": "PENAFLOR", "id_nodo": 579, "nombre_nodo": "PENA70-HUAWEI", "Longitud": -70.8932, "Latitud": -33.6065, "title_nodo": null }, "geometry": { "type": "Point", "coordinates": [ -70.8932, -33.6065 ] } },
{ "type": "Feature", "properties": { "Nemonico OC": "PENA", "tipo": "SW", "id_emplazamiento": 1360501, "nombre_emplazamiento": "PENAFLOR", "id_nodo": 860, "nombre_nodo": "PENA71-HUAWEI", "Longitud": -70.8932, "Latitud": -33.6065, "title_nodo": null }, "geometry": { "type": "Point", "coordinates": [ -70.8932, -33.6065 ] } },
{ "type": "Feature", "properties": { "Nemonico OC": "PENA", "tipo": "SW", "id_emplazamiento": 1360501, "nombre_emplazamiento": "PENAFLOR", "id_nodo": 1501, "nombre_nodo": "PENA72-HUAWEI", "Longitud": -70.8932, "Latitud": -33.6065, "title_nodo": null }, "geometry": { "type": "Point", "coordinates": [ -70.8932, -33.6065 ] } },
{ "type": "Feature", "properties": { "Nemonico OC": "PAR2", "tipo": "SW", "id_emplazamiento": 1210104, "nombre_emplazamiento": "PUNTA ARENAS II (España)", "id_nodo": 1373, "nombre_nodo": "OLT-PAR2-3", "Longitud": -70.89549, "Latitud": -53.14209, "title_nodo": "PAR2-3- OLT" }, "geometry": { "type": "Point", "coordinates": [ -70.89549, -53.14209 ] } },
{ "type": "Feature", "properties": { "Nemonico OC": "PAR2", "tipo": "SW", "id_emplazamiento": 1210104, "nombre_emplazamiento": "PUNTA ARENAS II (España)", "id_nodo": 1119, "nombre_nodo": "PARE01-PE40", "Longitud": -70.89549, "Latitud": -53.14209, "title_nodo": "PE40PARE01" }, "geometry": { "type": "Point", "coordinates": [ -70.89549, -53.14209 ] } },
{ "type": "Feature", "properties": { "Nemonico OC": "PAR2", "tipo": "SW", "id_emplazamiento": 1210104, "nombre_emplazamiento": "PUNTA ARENAS II (España)", "id_nodo": 165, "nombre_nodo": "PARE02-SW3750", "Longitud": -70.89549, "Latitud": -53.14209, "title_nodo": "SW37PARE02" }, "geometry": { "type": "Point", "coordinates": [ -70.89549, -53.14209 ] } },
{ "type": "Feature", "properties": { "Nemonico OC": "PAR2", "tipo": "SW", "id_emplazamiento": 1210104, "nombre_emplazamiento": "PUNTA ARENAS II (España)", "id_nodo": 166, "nombre_nodo": "PARE03-SW3750", "Longitud": -70.89549, "Latitud": -53.14209, "title_nodo": "SW37PARE03" }, "geometry": { "type": "Point", "coordinates": [ -70.89549, -53.14209 ] } },
{ "type": "Feature", "properties": { "Nemonico OC": "PAR2", "tipo": "SW", "id_emplazamiento": 1210104, "nombre_emplazamiento": "PUNTA ARENAS II (España)", "id_nodo": 580, "nombre_nodo": "PARE04-SW3750", "Longitud": -70.89549, "Latitud": -53.14209, "title_nodo": "SW37PARE04" }, "geometry": { "type": "Point", "coordinates": [ -70.89549, -53.14209 ] } },
{ "type": "Feature", "properties": { "Nemonico OC": "PAR2", "tipo": "SW", "id_emplazamiento": 1210104, "nombre_emplazamiento": "PUNTA ARENAS II (España)", "id_nodo": 282, "nombre_nodo": "PARE01-SW6524", "Longitud": -70.89549, "Latitud": -53.14209, "title_nodo": "SW65PARE01" }, "geometry": { "type": "Point", "coordinates": [ -70.89549, -53.14209 ] } },
{ "type": "Feature", "properties": { "Nemonico OC": "PAR2", "tipo": "SW", "id_emplazamiento": 1210104, "nombre_emplazamiento": "PUNTA ARENAS II (España)", "id_nodo": 864, "nombre_nodo": "PARE01-SW9303", "Longitud": -70.89549, "Latitud": -53.14209, "title_nodo": "SW93PARE01" }, "geometry": { "type": "Point", "coordinates": [ -70.89549, -53.14209 ] } },
{ "type": "Feature", "properties": { "Nemonico OC": "PAR2", "tipo": "SW", "id_emplazamiento": 1210104, "nombre_emplazamiento": "PUNTA ARENAS II (España)", "id_nodo": 744, "nombre_nodo": "PARE02-SW9303", "Longitud": -70.89549, "Latitud": -53.14209, "title_nodo": "SW93PARE02" }, "geometry": { "type": "Point", "coordinates": [ -70.89549, -53.14209 ] } },
{ "type": "Feature", "properties": { "Nemonico OC": "PAR2", "tipo": "PE", "id_emplazamiento": 1210104, "nombre_emplazamiento": "PUNTA ARENAS II (España)", "id_nodo": 345, "nombre_nodo": "PUNTA ARENAS - NB96PARE01", "Longitud": -70.89549, "Latitud": -53.14209, "title_nodo": null }, "geometry": { "type": "Point", "coordinates": [ -70.89549, -53.14209 ] } },
{ "type": "Feature", "properties": { "Nemonico OC": "PAR2", "tipo": "PE", "id_emplazamiento": 1210104, "nombre_emplazamiento": "PUNTA ARENAS II (España)", "id_nodo": 112, "nombre_nodo": "PUNTA ARENAS - PE06PARE01 (Cerrado)", "Longitud": -70.89549, "Latitud": -53.14209, "title_nodo": null }, "geometry": { "type": "Point", "coordinates": [ -70.89549, -53.14209 ] } },
{ "type": "Feature", "properties": { "Nemonico OC": "PAR2", "tipo": "PE", "id_emplazamiento": 1210104, "nombre_emplazamiento": "PUNTA ARENAS II (España)", "id_nodo": 200, "nombre_nodo": "PUNTA ARENAS - PE06PARE02 (Cerrado)", "Longitud": -70.89549, "Latitud": -53.14209, "title_nodo": null }, "geometry": { "type": "Point", "coordinates": [ -70.89549, -53.14209 ] } },
{ "type": "Feature", "properties": { "Nemonico OC": "PAR2", "tipo": "PE", "id_emplazamiento": 1210104, "nombre_emplazamiento": "PUNTA ARENAS II (España)", "id_nodo": 251, "nombre_nodo": "PUNTA ARENAS - PE10PARE01", "Longitud": -70.89549, "Latitud": -53.14209, "title_nodo": null }, "geometry": { "type": "Point", "coordinates": [ -70.89549, -53.14209 ] } },
{ "type": "Feature", "properties": { "Nemonico OC": "PAR2", "tipo": "PE", "id_emplazamiento": 1210104, "nombre_emplazamiento": "PUNTA ARENAS II (España)", "id_nodo": 310, "nombre_nodo": "PUNTA ARENAS - PE76PARE01", "Longitud": -70.89549, "Latitud": -53.14209, "title_nodo": null }, "geometry": { "type": "Point", "coordinates": [ -70.89549, -53.14209 ] } },
{ "type": "Feature", "properties": { "Nemonico OC": "PAR2", "tipo": "SW", "id_emplazamiento": 1210104, "nombre_emplazamiento": "PUNTA ARENAS II (España)", "id_nodo": 1200, "nombre_nodo": "OLT-PAR2-2", "Longitud": -70.89549, "Latitud": -53.14209, "title_nodo": null }, "geometry": { "type": "Point", "coordinates": [ -70.89549, -53.14209 ] } },
{ "type": "Feature", "properties": { "Nemonico OC": "PAR2", "tipo": "SW", "id_emplazamiento": 1210104, "nombre_emplazamiento": "PUNTA ARENAS II (España)", "id_nodo": 1246, "nombre_nodo": "OLT-PAR2-4", "Longitud": -70.89549, "Latitud": -53.14209, "title_nodo": null }, "geometry": { "type": "Point", "coordinates": [ -70.89549, -53.14209 ] } },
{ "type": "Feature", "properties": { "Nemonico OC": "PAR2", "tipo": "SW", "id_emplazamiento": 1210104, "nombre_emplazamiento": "PUNTA ARENAS II (España)", "id_nodo": 1322, "nombre_nodo": "OLT-PAR2-5", "Longitud": -70.89549, "Latitud": -53.14209, "title_nodo": null }, "geometry": { "type": "Point", "coordinates": [ -70.89549, -53.14209 ] } },
{ "type": "Feature", "properties": { "Nemonico OC": "PAR2", "tipo": "SW", "id_emplazamiento": 1210104, "nombre_emplazamiento": "PUNTA ARENAS II (España)", "id_nodo": 164, "nombre_nodo": "PARE69-HUAWEI", "Longitud": -70.89549, "Latitud": -53.14209, "title_nodo": null }, "geometry": { "type": "Point", "coordinates": [ -70.89549, -53.14209 ] } },
{ "type": "Feature", "properties": { "Nemonico OC": "PAR2", "tipo": "SW", "id_emplazamiento": 1210104, "nombre_emplazamiento": "PUNTA ARENAS II (España)", "id_nodo": 337, "nombre_nodo": "PARE70-HUAWEI", "Longitud": -70.89549, "Latitud": -53.14209, "title_nodo": null }, "geometry": { "type": "Point", "coordinates": [ -70.89549, -53.14209 ] } },
{ "type": "Feature", "properties": { "Nemonico OC": "PAR2", "tipo": "SW", "id_emplazamiento": 1210104, "nombre_emplazamiento": "PUNTA ARENAS II (España)", "id_nodo": 927, "nombre_nodo": "PARE72-HUAWEI", "Longitud": -70.89549, "Latitud": -53.14209, "title_nodo": null }, "geometry": { "type": "Point", "coordinates": [ -70.89549, -53.14209 ] } },
{ "type": "Feature", "properties": { "Nemonico OC": "PAR2", "tipo": "SW", "id_emplazamiento": 1210104, "nombre_emplazamiento": "PUNTA ARENAS II (España)", "id_nodo": 991, "nombre_nodo": "PARE73-HUAWEI", "Longitud": -70.89549, "Latitud": -53.14209, "title_nodo": null }, "geometry": { "type": "Point", "coordinates": [ -70.89549, -53.14209 ] } },
{ "type": "Feature", "properties": { "Nemonico OC": "MLLC", "tipo": "SW", "id_emplazamiento": 1360502, "nombre_emplazamiento": "MALLOCO", "id_nodo": 826, "nombre_nodo": "MLCO01-SW9303", "Longitud": -70.89755, "Latitud": -33.65283, "title_nodo": "SW93MLCO01" }, "geometry": { "type": "Point", "coordinates": [ -70.89755, -33.65283 ] } },
{ "type": "Feature", "properties": { "Nemonico OC": "PAR3", "tipo": "SW", "id_emplazamiento": 1210103, "nombre_emplazamiento": "PUNTA ARENAS I - III (Colon)", "id_nodo": 1118, "nombre_nodo": "PARE31-PE40", "Longitud": -70.9066, "Latitud": -53.15941, "title_nodo": "PE40PARE31" }, "geometry": { "type": "Point", "coordinates": [ -70.9066, -53.15941 ] } },
{ "type": "Feature", "properties": { "Nemonico OC": "PAR3", "tipo": "SW", "id_emplazamiento": 1210103, "nombre_emplazamiento": "PUNTA ARENAS I - III (Colon)", "id_nodo": 577, "nombre_nodo": "PARE31-SW6506", "Longitud": -70.9066, "Latitud": -53.15941, "title_nodo": "SW65PARE31" }, "geometry": { "type": "Point", "coordinates": [ -70.9066, -53.15941 ] } },
{ "type": "Feature", "properties": { "Nemonico OC": "PAR3", "tipo": "SW", "id_emplazamiento": 1210103, "nombre_emplazamiento": "PUNTA ARENAS I - III (Colon)", "id_nodo": 745, "nombre_nodo": "PARE31-SW9303", "Longitud": -70.9066, "Latitud": -53.15941, "title_nodo": "SW93PARE31" }, "geometry": { "type": "Point", "coordinates": [ -70.9066, -53.15941 ] } },
{ "type": "Feature", "properties": { "Nemonico OC": "PAR3", "tipo": "SW", "id_emplazamiento": 1210103, "nombre_emplazamiento": "PUNTA ARENAS I - III (Colon)", "id_nodo": 866, "nombre_nodo": "PARE32-SW9303", "Longitud": -70.9066, "Latitud": -53.15941, "title_nodo": "SW93PARE32" }, "geometry": { "type": "Point", "coordinates": [ -70.9066, -53.15941 ] } },
{ "type": "Feature", "properties": { "Nemonico OC": "PAR3", "tipo": "PE", "id_emplazamiento": 1210103, "nombre_emplazamiento": "PUNTA ARENAS I - III (Colon)", "id_nodo": 381, "nombre_nodo": "PUNTA ARENAS - NB40PARE31", "Longitud": -70.9066, "Latitud": -53.15941, "title_nodo": null }, "geometry": { "type": "Point", "coordinates": [ -70.9066, -53.15941 ] } },
{ "type": "Feature", "properties": { "Nemonico OC": "PAR3", "tipo": "SW", "id_emplazamiento": 1210103, "nombre_emplazamiento": "PUNTA ARENAS I - III (Colon)", "id_nodo": 729, "nombre_nodo": "PARE71-HUAWEI", "Longitud": -70.9066, "Latitud": -53.15941, "title_nodo": null }, "geometry": { "type": "Point", "coordinates": [ -70.9066, -53.15941 ] } },
{ "type": "Feature", "properties": { "Nemonico OC": "PAR3", "tipo": "SW", "id_emplazamiento": 1210103, "nombre_emplazamiento": "PUNTA ARENAS I - III (Colon)", "id_nodo": 1245, "nombre_nodo": "PARE74-HUAWEI", "Longitud": -70.9066, "Latitud": -53.15941, "title_nodo": null }, "geometry": { "type": "Point", "coordinates": [ -70.9066, -53.15941 ] } },
{ "type": "Feature", "properties": { "Nemonico OC": "PAR3", "tipo": "SW", "id_emplazamiento": 1210103, "nombre_emplazamiento": "PUNTA ARENAS I - III (Colon)", "id_nodo": 1351, "nombre_nodo": "PARE75-HUAWEI", "Longitud": -70.9066, "Latitud": -53.15941, "title_nodo": null }, "geometry": { "type": "Point", "coordinates": [ -70.9066, -53.15941 ] } },
{ "type": "Feature", "properties": { "Nemonico OC": "IMAI", "tipo": "SW", "id_emplazamiento": 1360301, "nombre_emplazamiento": "ISLA DE MAIPO", "id_nodo": 1567, "nombre_nodo": "OLT-IMAI-2", "Longitud": -70.90745, "Latitud": -33.75222, "title_nodo": "IMAI-2- OLT" }, "geometry": { "type": "Point", "coordinates": [ -70.90745, -33.75222 ] } },
{ "type": "Feature", "properties": { "Nemonico OC": "IMAI", "tipo": "PE", "id_emplazamiento": 1360301, "nombre_emplazamiento": "ISLA DE MAIPO", "id_nodo": 406, "nombre_nodo": "ISLA DE MAIPO - PE204IMAI01-L HL4 (CLI DIR)", "Longitud": -70.90745, "Latitud": -33.75222, "title_nodo": null }, "geometry": { "type": "Point", "coordinates": [ -70.90745, -33.75222 ] } },
{ "type": "Feature", "properties": { "Nemonico OC": "TALA", "tipo": "SW", "id_emplazamiento": 1360101, "nombre_emplazamiento": "TALAGANTE", "id_nodo": 1191, "nombre_nodo": "TALA01-PE40", "Longitud": -70.92417, "Latitud": -33.66082, "title_nodo": "PE40TALA01" }, "geometry": { "type": "Point", "coordinates": [ -70.92417, -33.66082 ] } },
{ "type": "Feature", "properties": { "Nemonico OC": "TALA", "tipo": "SW", "id_emplazamiento": 1360101, "nombre_emplazamiento": "TALAGANTE", "id_nodo": 228, "nombre_nodo": "TALA01-SW6524", "Longitud": -70.92417, "Latitud": -33.66082, "title_nodo": "SW65TALA01" }, "geometry": { "type": "Point", "coordinates": [ -70.92417, -33.66082 ] } },
{ "type": "Feature", "properties": { "Nemonico OC": "TALA", "tipo": "SW", "id_emplazamiento": 1360101, "nombre_emplazamiento": "TALAGANTE", "id_nodo": 665, "nombre_nodo": "TALA01-SW9303", "Longitud": -70.92417, "Latitud": -33.66082, "title_nodo": "SW93TALA01" }, "geometry": { "type": "Point", "coordinates": [ -70.92417, -33.66082 ] } },
{ "type": "Feature", "properties": { "Nemonico OC": "TALA", "tipo": "SW", "id_emplazamiento": 1360101, "nombre_emplazamiento": "TALAGANTE", "id_nodo": 923, "nombre_nodo": "TALA02-SW9303", "Longitud": -70.92417, "Latitud": -33.66082, "title_nodo": "SW93TALA02" }, "geometry": { "type": "Point", "coordinates": [ -70.92417, -33.66082 ] } },
{ "type": "Feature", "properties": { "Nemonico OC": "TALA", "tipo": "SW", "id_emplazamiento": 1360101, "nombre_emplazamiento": "TALAGANTE", "id_nodo": 1398, "nombre_nodo": "OLT-TALA-2", "Longitud": -70.92417, "Latitud": -33.66082, "title_nodo": "TALA-2- OLT" }, "geometry": { "type": "Point", "coordinates": [ -70.92417, -33.66082 ] } },
{ "type": "Feature", "properties": { "Nemonico OC": "TALA", "tipo": "SW", "id_emplazamiento": 1360101, "nombre_emplazamiento": "TALAGANTE", "id_nodo": 1420, "nombre_nodo": "OLT-TALA-4", "Longitud": -70.92417, "Latitud": -33.66082, "title_nodo": "TALA-4- OLT" }, "geometry": { "type": "Point", "coordinates": [ -70.92417, -33.66082 ] } },
{ "type": "Feature", "properties": { "Nemonico OC": "TALA", "tipo": "SW", "id_emplazamiento": 1360101, "nombre_emplazamiento": "TALAGANTE", "id_nodo": 347, "nombre_nodo": "TALA69-HUAWEI", "Longitud": -70.92417, "Latitud": -33.66082, "title_nodo": null }, "geometry": { "type": "Point", "coordinates": [ -70.92417, -33.66082 ] } },
{ "type": "Feature", "properties": { "Nemonico OC": "TALA", "tipo": "SW", "id_emplazamiento": 1360101, "nombre_emplazamiento": "TALAGANTE", "id_nodo": 467, "nombre_nodo": "TALA70-HUAWEI", "Longitud": -70.92417, "Latitud": -33.66082, "title_nodo": null }, "geometry": { "type": "Point", "coordinates": [ -70.92417, -33.66082 ] } },
{ "type": "Feature", "properties": { "Nemonico OC": "TALA", "tipo": "SW", "id_emplazamiento": 1360101, "nombre_emplazamiento": "TALAGANTE", "id_nodo": 687, "nombre_nodo": "TALA71-HUAWEI", "Longitud": -70.92417, "Latitud": -33.66082, "title_nodo": null }, "geometry": { "type": "Point", "coordinates": [ -70.92417, -33.66082 ] } },
{ "type": "Feature", "properties": { "Nemonico OC": "TALA", "tipo": "SW", "id_emplazamiento": 1360101, "nombre_emplazamiento": "TALAGANTE", "id_nodo": 697, "nombre_nodo": "TALA72-HUAWEI", "Longitud": -70.92417, "Latitud": -33.66082, "title_nodo": null }, "geometry": { "type": "Point", "coordinates": [ -70.92417, -33.66082 ] } },
{ "type": "Feature", "properties": { "Nemonico OC": "TILT", "tipo": "PE", "id_emplazamiento": 1330301, "nombre_emplazamiento": "TILTIL", "id_nodo": 505, "nombre_nodo": "TILTIL - PE80TILT01", "Longitud": -70.93003, "Latitud": -33.08476, "title_nodo": null }, "geometry": { "type": "Point", "coordinates": [ -70.93003, -33.08476 ] } },
{ "type": "Feature", "properties": { "Nemonico OC": "TILT", "tipo": "SW", "id_emplazamiento": 1330301, "nombre_emplazamiento": "TILTIL", "id_nodo": 1541, "nombre_nodo": "OLT-TILT01", "Longitud": -70.93003, "Latitud": -33.08476, "title_nodo": null }, "geometry": { "type": "Point", "coordinates": [ -70.93003, -33.08476 ] } },
{ "type": "Feature", "properties": { "Nemonico OC": "PAR4", "tipo": "SW", "id_emplazamiento": 1210102, "nombre_emplazamiento": "PUNTA ARENAS IV", "id_nodo": 1416, "nombre_nodo": "OLT-PAR4-1", "Longitud": -70.93663, "Latitud": -53.17189, "title_nodo": "PAR4-1- OLT" }, "geometry": { "type": "Point", "coordinates": [ -70.93663, -53.17189 ] } },
{ "type": "Feature", "properties": { "Nemonico OC": "PAR4", "tipo": "SW", "id_emplazamiento": 1210102, "nombre_emplazamiento": "PUNTA ARENAS IV", "id_nodo": 1448, "nombre_nodo": "OLT-PAR4-2", "Longitud": -70.93663, "Latitud": -53.17189, "title_nodo": "PAR4-2- OLT" }, "geometry": { "type": "Point", "coordinates": [ -70.93663, -53.17189 ] } },
{ "type": "Feature", "properties": { "Nemonico OC": "PAR4", "tipo": "SW", "id_emplazamiento": 1210102, "nombre_emplazamiento": "PUNTA ARENAS IV", "id_nodo": 1399, "nombre_nodo": "OLT-PAR4-3", "Longitud": -70.93663, "Latitud": -53.17189, "title_nodo": "PAR4-3- OLT" }, "geometry": { "type": "Point", "coordinates": [ -70.93663, -53.17189 ] } },
{ "type": "Feature", "properties": { "Nemonico OC": "PAR4", "tipo": "PE", "id_emplazamiento": 1210102, "nombre_emplazamiento": "PUNTA ARENAS IV", "id_nodo": 391, "nombre_nodo": "PUNTA ARENAS - PE96PARE41 HL4 (CLI DIR)", "Longitud": -70.93663, "Latitud": -53.17189, "title_nodo": null }, "geometry": { "type": "Point", "coordinates": [ -70.93663, -53.17189 ] } },
{ "type": "Feature", "properties": { "Nemonico OC": "MPAT", "tipo": "SW", "id_emplazamiento": 430314, "nombre_emplazamiento": "MONTE PATRIA", "id_nodo": 1744, "nombre_nodo": "OLT-MPAT-1", "Longitud": -70.94088, "Latitud": -30.76827, "title_nodo": "MPAT_OLT_1" }, "geometry": { "type": "Point", "coordinates": [ -70.94088, -30.76827 ] } },
{ "type": "Feature", "properties": { "Nemonico OC": "MPAT", "tipo": "PE", "id_emplazamiento": 430314, "nombre_emplazamiento": "MONTE PATRIA", "id_nodo": 475, "nombre_nodo": "MONTE PATRIA - PE80MPAT01-L", "Longitud": -70.94088, "Latitud": -30.76827, "title_nodo": null }, "geometry": { "type": "Point", "coordinates": [ -70.94088, -30.76827 ] } },
{ "type": "Feature", "properties": { "Nemonico OC": "LLAY", "tipo": "SW", "id_emplazamiento": 570301, "nombre_emplazamiento": "LLAY-LLAY", "id_nodo": 1775, "nombre_nodo": "OLT-LLAY-1", "Longitud": -70.95077, "Latitud": -32.84144, "title_nodo": "LLAY_OLT_1" }, "geometry": { "type": "Point", "coordinates": [ -70.95077, -32.84144 ] } },
{ "type": "Feature", "properties": { "Nemonico OC": "LLAY", "tipo": "PE", "id_emplazamiento": 570301, "nombre_emplazamiento": "LLAY-LLAY", "id_nodo": 328, "nombre_nodo": "LLAY-LLAY - PE96LLAY01 HL4 (CLI DIR)", "Longitud": -70.95077, "Latitud": -32.84144, "title_nodo": null }, "geometry": { "type": "Point", "coordinates": [ -70.95077, -32.84144 ] } },
{ "type": "Feature", "properties": { "Nemonico OC": "DONH", "tipo": "SW", "id_emplazamiento": 610501, "nombre_emplazamiento": "DONIHUE", "id_nodo": 1665, "nombre_nodo": "OLT-DONH-1", "Longitud": -70.96257, "Latitud": -34.22782, "title_nodo": "DONH_OLT_1" }, "geometry": { "type": "Point", "coordinates": [ -70.96257, -34.22782 ] } },
{ "type": "Feature", "properties": { "Nemonico OC": "DONH", "tipo": "PE", "id_emplazamiento": 610501, "nombre_emplazamiento": "DONIHUE", "id_nodo": 486, "nombre_nodo": "DOÑIHUE - PE80DONH01-L", "Longitud": -70.96257, "Latitud": -34.22782, "title_nodo": null }, "geometry": { "type": "Point", "coordinates": [ -70.96257, -34.22782 ] } },
{ "type": "Feature", "properties": { "Nemonico OC": "SALA", "tipo": "SW", "id_emplazamiento": 420401, "nombre_emplazamiento": "SALAMANCA", "id_nodo": 1660, "nombre_nodo": "OLT-SALA-1", "Longitud": -70.96658, "Latitud": -31.78196, "title_nodo": "SALA_OLT_1" }, "geometry": { "type": "Point", "coordinates": [ -70.96658, -31.78196 ] } },
{ "type": "Feature", "properties": { "Nemonico OC": "SALA", "tipo": "PE", "id_emplazamiento": 420401, "nombre_emplazamiento": "SALAMANCA", "id_nodo": 472, "nombre_nodo": "SALAMANCA - PE80SALA01-L", "Longitud": -70.96658, "Latitud": -31.78196, "title_nodo": null }, "geometry": { "type": "Point", "coordinates": [ -70.96658, -31.78196 ] } },
{ "type": "Feature", "properties": { "Nemonico OC": "EMON", "tipo": "SW", "id_emplazamiento": 1360201, "nombre_emplazamiento": "EL MONTE", "id_nodo": 1632, "nombre_nodo": "OLT-EMON-1", "Longitud": -70.98486, "Latitud": -33.68144, "title_nodo": "EMON_OLT_1" }, "geometry": { "type": "Point", "coordinates": [ -70.98486, -33.68144 ] } },
{ "type": "Feature", "properties": { "Nemonico OC": "EMON", "tipo": "PE", "id_emplazamiento": 1360201, "nombre_emplazamiento": "EL MONTE", "id_nodo": 500, "nombre_nodo": "EL MONTE - PE80EMON01-L", "Longitud": -70.98486, "Latitud": -33.68144, "title_nodo": null }, "geometry": { "type": "Point", "coordinates": [ -70.98486, -33.68144 ] } },
{ "type": "Feature", "properties": { "Nemonico OC": "SFER", "tipo": "SW", "id_emplazamiento": 630101, "nombre_emplazamiento": "SAN FERNANDO", "id_nodo": 1627, "nombre_nodo": "OLT-SFER-2", "Longitud": -70.98813, "Latitud": -34.58782, "title_nodo": "SFER_OLT_2" }, "geometry": { "type": "Point", "coordinates": [ -70.98813, -34.58782 ] } },
{ "type": "Feature", "properties": { "Nemonico OC": "SFER", "tipo": "SW", "id_emplazamiento": 630101, "nombre_emplazamiento": "SAN FERNANDO", "id_nodo": 1650, "nombre_nodo": "OLT-SFER-4", "Longitud": -70.98813, "Latitud": -34.58782, "title_nodo": "SFER_OLT_4" }, "geometry": { "type": "Point", "coordinates": [ -70.98813, -34.58782 ] } },
{ "type": "Feature", "properties": { "Nemonico OC": "SFER", "tipo": "SW", "id_emplazamiento": 630101, "nombre_emplazamiento": "SAN FERNANDO", "id_nodo": 1751, "nombre_nodo": "OLT-SFER-5", "Longitud": -70.98813, "Latitud": -34.58782, "title_nodo": "SFER_OLT_5" }, "geometry": { "type": "Point", "coordinates": [ -70.98813, -34.58782 ] } },
{ "type": "Feature", "properties": { "Nemonico OC": "SFER", "tipo": "SW", "id_emplazamiento": 630101, "nombre_emplazamiento": "SAN FERNANDO", "id_nodo": 947, "nombre_nodo": "SFDO01-SW9303", "Longitud": -70.98813, "Latitud": -34.58782, "title_nodo": "SW93SFDO01" }, "geometry": { "type": "Point", "coordinates": [ -70.98813, -34.58782 ] } },
{ "type": "Feature", "properties": { "Nemonico OC": "SFER", "tipo": "PE", "id_emplazamiento": 630101, "nombre_emplazamiento": "SAN FERNANDO", "id_nodo": 352, "nombre_nodo": "SAN FERNANDO - NB40SFDO01 (Cerrado)", "Longitud": -70.98813, "Latitud": -34.58782, "title_nodo": null }, "geometry": { "type": "Point", "coordinates": [ -70.98813, -34.58782 ] } },
{ "type": "Feature", "properties": { "Nemonico OC": "SFER", "tipo": "PE", "id_emplazamiento": 630101, "nombre_emplazamiento": "SAN FERNANDO", "id_nodo": 372, "nombre_nodo": "SAN FERNANDO - NB96SFDO01", "Longitud": -70.98813, "Latitud": -34.58782, "title_nodo": null }, "geometry": { "type": "Point", "coordinates": [ -70.98813, -34.58782 ] } },
{ "type": "Feature", "properties": { "Nemonico OC": "SFER", "tipo": "PE", "id_emplazamiento": 630101, "nombre_emplazamiento": "SAN FERNANDO", "id_nodo": 48, "nombre_nodo": "SAN FERNANDO - PE76SFDO01", "Longitud": -70.98813, "Latitud": -34.58782, "title_nodo": null }, "geometry": { "type": "Point", "coordinates": [ -70.98813, -34.58782 ] } },
{ "type": "Feature", "properties": { "Nemonico OC": "SFER", "tipo": "PE", "id_emplazamiento": 630101, "nombre_emplazamiento": "SAN FERNANDO", "id_nodo": 375, "nombre_nodo": "SAN FERNANDO - PE96SFDO01 HL4 (CLI DIR) (Cerrado)", "Longitud": -70.98813, "Latitud": -34.58782, "title_nodo": null }, "geometry": { "type": "Point", "coordinates": [ -70.98813, -34.58782 ] } },
{ "type": "Feature", "properties": { "Nemonico OC": "SFER", "tipo": "PE", "id_emplazamiento": 630101, "nombre_emplazamiento": "SAN FERNANDO", "id_nodo": 135, "nombre_nodo": "SAN FERNANDO - SFDO69 Huawei", "Longitud": -70.98813, "Latitud": -34.58782, "title_nodo": null }, "geometry": { "type": "Point", "coordinates": [ -70.98813, -34.58782 ] } },
{ "type": "Feature", "properties": { "Nemonico OC": "SFER", "tipo": "PE", "id_emplazamiento": 630101, "nombre_emplazamiento": "SAN FERNANDO", "id_nodo": 160, "nombre_nodo": "SAN FERNANDO - SFDO70 Huawei", "Longitud": -70.98813, "Latitud": -34.58782, "title_nodo": null }, "geometry": { "type": "Point", "coordinates": [ -70.98813, -34.58782 ] } },
{ "type": "Feature", "properties": { "Nemonico OC": "SFER", "tipo": "PE", "id_emplazamiento": 630101, "nombre_emplazamiento": "SAN FERNANDO", "id_nodo": 163, "nombre_nodo": "SAN FERNANDO - SFDO71 Huawei", "Longitud": -70.98813, "Latitud": -34.58782, "title_nodo": null }, "geometry": { "type": "Point", "coordinates": [ -70.98813, -34.58782 ] } },
{ "type": "Feature", "properties": { "Nemonico OC": "SFER", "tipo": "SW", "id_emplazamiento": 630101, "nombre_emplazamiento": "SAN FERNANDO", "id_nodo": 1618, "nombre_nodo": "SFDO69-HUAWEI", "Longitud": -70.98813, "Latitud": -34.58782, "title_nodo": null }, "geometry": { "type": "Point", "coordinates": [ -70.98813, -34.58782 ] } },
{ "type": "Feature", "properties": { "Nemonico OC": "COMB", "tipo": "SW", "id_emplazamiento": 430201, "nombre_emplazamiento": "COMBARBALA", "id_nodo": 1582, "nombre_nodo": "OLT-COMB-1", "Longitud": -71.00382, "Latitud": -31.17916, "title_nodo": "COMB-1- OLT" }, "geometry": { "type": "Point", "coordinates": [ -71.00382, -31.17916 ] } },
{ "type": "Feature", "properties": { "Nemonico OC": "COMB", "tipo": "PE", "id_emplazamiento": 430201, "nombre_emplazamiento": "COMBARBALA", "id_nodo": 473, "nombre_nodo": "COMBARBALA - PE80COMB01-L", "Longitud": -71.00382, "Latitud": -31.17916, "title_nodo": null }, "geometry": { "type": "Point", "coordinates": [ -71.00382, -31.17916 ] } },
{ "type": "Feature", "properties": { "Nemonico OC": "CHIM", "tipo": "SW", "id_emplazamiento": 630301, "nombre_emplazamiento": "CHIMBAROMGO", "id_nodo": 1630, "nombre_nodo": "OLT-CHIM-1", "Longitud": -71.03956, "Latitud": -34.70834, "title_nodo": "CHIM_OLT_1" }, "geometry": { "type": "Point", "coordinates": [ -71.03956, -34.70834 ] } },
{ "type": "Feature", "properties": { "Nemonico OC": "CHIM", "tipo": "PE", "id_emplazamiento": 630301, "nombre_emplazamiento": "CHIMBAROMGO", "id_nodo": 501, "nombre_nodo": "CHIMBARONGO - PE80CHIM01-L", "Longitud": -71.03956, "Latitud": -34.70834, "title_nodo": null }, "geometry": { "type": "Point", "coordinates": [ -71.03956, -34.70834 ] } },
{ "type": "Feature", "properties": { "Nemonico OC": "SVTT", "tipo": "SW", "id_emplazamiento": 611701, "nombre_emplazamiento": "SAN VICENTE TT", "id_nodo": 1678, "nombre_nodo": "OLT-SVTT-1", "Longitud": -71.07607, "Latitud": -34.44049, "title_nodo": "SVTT_OLT_3" }, "geometry": { "type": "Point", "coordinates": [ -71.07607, -34.44049 ] } },
{ "type": "Feature", "properties": { "Nemonico OC": "SVTT", "tipo": "SW", "id_emplazamiento": 611701, "nombre_emplazamiento": "SAN VICENTE TT", "id_nodo": 572, "nombre_nodo": "SVIC01-SW9303", "Longitud": -71.07607, "Latitud": -34.44049, "title_nodo": "SW93SVIC01" }, "geometry": { "type": "Point", "coordinates": [ -71.07607, -34.44049 ] } },
{ "type": "Feature", "properties": { "Nemonico OC": "SVTT", "tipo": "PE", "id_emplazamiento": 611701, "nombre_emplazamiento": "SAN VICENTE TT", "id_nodo": 495, "nombre_nodo": "SAN VICENTE TT - PE80SVTT01-L", "Longitud": -71.07607, "Latitud": -34.44049, "title_nodo": null }, "geometry": { "type": "Point", "coordinates": [ -71.07607, -34.44049 ] } },
{ "type": "Feature", "properties": { "Nemonico OC": "SVTT", "tipo": "SW", "id_emplazamiento": 611701, "nombre_emplazamiento": "SAN VICENTE TT", "id_nodo": 638, "nombre_nodo": "SVIC69-HUAWEI", "Longitud": -71.07607, "Latitud": -34.44049, "title_nodo": null }, "geometry": { "type": "Point", "coordinates": [ -71.07607, -34.44049 ] } },
{ "type": "Feature", "properties": { "Nemonico OC": "SVTT", "tipo": "SW", "id_emplazamiento": 611701, "nombre_emplazamiento": "SAN VICENTE TT", "id_nodo": 699, "nombre_nodo": "SVIC70-HUAWEI", "Longitud": -71.07607, "Latitud": -34.44049, "title_nodo": null }, "geometry": { "type": "Point", "coordinates": [ -71.07607, -34.44049 ] } },
{ "type": "Feature", "properties": { "Nemonico OC": "SVTT", "tipo": "SW", "id_emplazamiento": 611701, "nombre_emplazamiento": "SAN VICENTE TT", "id_nodo": 1315, "nombre_nodo": "SVIC71-HUAWEI", "Longitud": -71.07607, "Latitud": -34.44049, "title_nodo": null }, "geometry": { "type": "Point", "coordinates": [ -71.07607, -34.44049 ] } },
{ "type": "Feature", "properties": { "Nemonico OC": "CABI", "tipo": "SW", "id_emplazamiento": 540201, "nombre_emplazamiento": "CABILDO", "id_nodo": 1729, "nombre_nodo": "OLT-CABI-1", "Longitud": -71.08011, "Latitud": -32.43464, "title_nodo": "CABI_OLT_1" }, "geometry": { "type": "Point", "coordinates": [ -71.08011, -32.43464 ] } },
{ "type": "Feature", "properties": { "Nemonico OC": "CABI", "tipo": "PE", "id_emplazamiento": 540201, "nombre_emplazamiento": "CABILDO", "id_nodo": 484, "nombre_nodo": "CABILDO - PE80CABI01-L", "Longitud": -71.08011, "Latitud": -32.43464, "title_nodo": null }, "geometry": { "type": "Point", "coordinates": [ -71.08011, -32.43464 ] } },
{ "type": "Feature", "properties": { "Nemonico OC": "CURA", "tipo": "SW", "id_emplazamiento": 1350301, "nombre_emplazamiento": "CURACAVI", "id_nodo": 1641, "nombre_nodo": "OLT-CURA-1", "Longitud": -71.12672, "Latitud": -33.40109, "title_nodo": "CURA_OLT_1" }, "geometry": { "type": "Point", "coordinates": [ -71.12672, -33.40109 ] } },
{ "type": "Feature", "properties": { "Nemonico OC": "CURA", "tipo": "PE", "id_emplazamiento": 1350301, "nombre_emplazamiento": "CURACAVI", "id_nodo": 453, "nombre_nodo": "CURACAVI - PE80CRVI01-L", "Longitud": -71.12672, "Latitud": -33.40109, "title_nodo": null }, "geometry": { "type": "Point", "coordinates": [ -71.12672, -33.40109 ] } },
{ "type": "Feature", "properties": { "Nemonico OC": "CURA", "tipo": "SW", "id_emplazamiento": 1350301, "nombre_emplazamiento": "CURACAVI", "id_nodo": 1791, "nombre_nodo": "CRVI69-HUAWEI", "Longitud": -71.12672, "Latitud": -33.40109, "title_nodo": null }, "geometry": { "type": "Point", "coordinates": [ -71.12672, -33.40109 ] } },
{ "type": "Feature", "properties": { "Nemonico OC": "HIJU", "tipo": "SW", "id_emplazamiento": 550301, "nombre_emplazamiento": "HIJUELAS", "id_nodo": 1670, "nombre_nodo": "OLT-HIJU-1", "Longitud": -71.1501, "Latitud": -32.80536, "title_nodo": "HIJU_OLT_1" }, "geometry": { "type": "Point", "coordinates": [ -71.1501, -32.80536 ] } },
{ "type": "Feature", "properties": { "Nemonico OC": "HIJU", "tipo": "PE", "id_emplazamiento": 550301, "nombre_emplazamiento": "HIJUELAS", "id_nodo": 454, "nombre_nodo": "HIJUELA - PE80HIJU01-L", "Longitud": -71.1501, "Latitud": -32.80536, "title_nodo": null }, "geometry": { "type": "Point", "coordinates": [ -71.1501, -32.80536 ] } },
{ "type": "Feature", "properties": { "Nemonico OC": "TENO", "tipo": "SW", "id_emplazamiento": 730801, "nombre_emplazamiento": "TENO", "id_nodo": 1669, "nombre_nodo": "OLT-TENO-1", "Longitud": -71.16352, "Latitud": -34.8694, "title_nodo": "TENO_OLT_1" }, "geometry": { "type": "Point", "coordinates": [ -71.16352, -34.8694 ] } },
{ "type": "Feature", "properties": { "Nemonico OC": "TENO", "tipo": "PE", "id_emplazamiento": 730801, "nombre_emplazamiento": "TENO", "id_nodo": 458, "nombre_nodo": "TENO - PE80TENO01-L", "Longitud": -71.16352, "Latitud": -34.8694, "title_nodo": null }, "geometry": { "type": "Point", "coordinates": [ -71.16352, -34.8694 ] } },
{ "type": "Feature", "properties": { "Nemonico OC": "TENO", "tipo": "SW", "id_emplazamiento": 730801, "nombre_emplazamiento": "TENO", "id_nodo": 1769, "nombre_nodo": "TENO69-HUAWEI", "Longitud": -71.16352, "Latitud": -34.8694, "title_nodo": null }, "geometry": { "type": "Point", "coordinates": [ -71.16352, -34.8694 ] } },
{ "type": "Feature", "properties": { "Nemonico OC": "ILLA", "tipo": "SW", "id_emplazamiento": 420101, "nombre_emplazamiento": "ILLAPEL", "id_nodo": 1476, "nombre_nodo": "OLT-ILLA-1", "Longitud": -71.16764, "Latitud": -31.63125, "title_nodo": "ILLA-4- OLT" }, "geometry": { "type": "Point", "coordinates": [ -71.16764, -31.63125 ] } },
{ "type": "Feature", "properties": { "Nemonico OC": "ILLA", "tipo": "SW", "id_emplazamiento": 420101, "nombre_emplazamiento": "ILLAPEL", "id_nodo": 853, "nombre_nodo": "ILLA01-SW9303", "Longitud": -71.16764, "Latitud": -31.63125, "title_nodo": "SW93ILLA01" }, "geometry": { "type": "Point", "coordinates": [ -71.16764, -31.63125 ] } },
{ "type": "Feature", "properties": { "Nemonico OC": "ILLA", "tipo": "PE", "id_emplazamiento": 420101, "nombre_emplazamiento": "ILLAPEL", "id_nodo": 439, "nombre_nodo": "ILLAPEL - PE80ILLA01-L", "Longitud": -71.16764, "Latitud": -31.63125, "title_nodo": null }, "geometry": { "type": "Point", "coordinates": [ -71.16764, -31.63125 ] } },
{ "type": "Feature", "properties": { "Nemonico OC": "ILLA", "tipo": "SW", "id_emplazamiento": 420101, "nombre_emplazamiento": "ILLAPEL", "id_nodo": 894, "nombre_nodo": "ILLA69-HUAWEI", "Longitud": -71.16764, "Latitud": -31.63125, "title_nodo": null }, "geometry": { "type": "Point", "coordinates": [ -71.16764, -31.63125 ] } },
{ "type": "Feature", "properties": { "Nemonico OC": "ILLA", "tipo": "SW", "id_emplazamiento": 420101, "nombre_emplazamiento": "ILLAPEL", "id_nodo": 1358, "nombre_nodo": "ILLA70-HUAWEI", "Longitud": -71.16764, "Latitud": -31.63125, "title_nodo": null }, "geometry": { "type": "Point", "coordinates": [ -71.16764, -31.63125 ] } },
{ "type": "Feature", "properties": { "Nemonico OC": "ILLA", "tipo": "SW", "id_emplazamiento": 420101, "nombre_emplazamiento": "ILLAPEL", "id_nodo": 1667, "nombre_nodo": "ILLA71-HUAWEI", "Longitud": -71.16764, "Latitud": -31.63125, "title_nodo": null }, "geometry": { "type": "Point", "coordinates": [ -71.16764, -31.63125 ] } },
{ "type": "Feature", "properties": { "Nemonico OC": "OLMU", "tipo": "SW", "id_emplazamiento": 550701, "nombre_emplazamiento": "OLMUE", "id_nodo": 1629, "nombre_nodo": "OLT-OLMU-1", "Longitud": -71.18395, "Latitud": -32.99507, "title_nodo": "ULMU_OLT_1" }, "geometry": { "type": "Point", "coordinates": [ -71.18395, -32.99507 ] } },
{ "type": "Feature", "properties": { "Nemonico OC": "OLMU", "tipo": "PE", "id_emplazamiento": 550701, "nombre_emplazamiento": "OLMUE", "id_nodo": 479, "nombre_nodo": "OLMUE - PE80OLMU01-L", "Longitud": -71.18395, "Latitud": -32.99507, "title_nodo": null }, "geometry": { "type": "Point", "coordinates": [ -71.18395, -32.99507 ] } },
{ "type": "Feature", "properties": { "Nemonico OC": "LCAL", "tipo": "SW", "id_emplazamiento": 550201, "nombre_emplazamiento": "LA CALERA II", "id_nodo": 1671, "nombre_nodo": "OLT-LCAL-1", "Longitud": -71.18924, "Latitud": -32.78813, "title_nodo": "LCAL_OLT_1" }, "geometry": { "type": "Point", "coordinates": [ -71.18924, -32.78813 ] } },
{ "type": "Feature", "properties": { "Nemonico OC": "LCAL", "tipo": "SW", "id_emplazamiento": 550201, "nombre_emplazamiento": "LA CALERA II", "id_nodo": 852, "nombre_nodo": "CALE01-SW9303", "Longitud": -71.18924, "Latitud": -32.78813, "title_nodo": "SW93CALE01" }, "geometry": { "type": "Point", "coordinates": [ -71.18924, -32.78813 ] } },
{ "type": "Feature", "properties": { "Nemonico OC": "LCAL", "tipo": "PE", "id_emplazamiento": 550201, "nombre_emplazamiento": "LA CALERA II", "id_nodo": 440, "nombre_nodo": "LA CALERA II - PE80CALE01-L", "Longitud": -71.18924, "Latitud": -32.78813, "title_nodo": null }, "geometry": { "type": "Point", "coordinates": [ -71.18924, -32.78813 ] } },
{ "type": "Feature", "properties": { "Nemonico OC": "LCAL", "tipo": "SW", "id_emplazamiento": 550201, "nombre_emplazamiento": "LA CALERA II", "id_nodo": 960, "nombre_nodo": "CALE69-HUAWEI", "Longitud": -71.18924, "Latitud": -32.78813, "title_nodo": null }, "geometry": { "type": "Point", "coordinates": [ -71.18924, -32.78813 ] } },
{ "type": "Feature", "properties": { "Nemonico OC": "LCAL", "tipo": "SW", "id_emplazamiento": 550201, "nombre_emplazamiento": "LA CALERA II", "id_nodo": 1502, "nombre_nodo": "CALE70-HUAWEI", "Longitud": -71.18924, "Latitud": -32.78813, "title_nodo": null }, "geometry": { "type": "Point", "coordinates": [ -71.18924, -32.78813 ] } },
{ "type": "Feature", "properties": { "Nemonico OC": "LCAL", "tipo": "SW", "id_emplazamiento": 550201, "nombre_emplazamiento": "LA CALERA II", "id_nodo": 1798, "nombre_nodo": "CALE71-HUAWEI", "Longitud": -71.18924, "Latitud": -32.78813, "title_nodo": null }, "geometry": { "type": "Point", "coordinates": [ -71.18924, -32.78813 ] } },
{ "type": "Feature", "properties": { "Nemonico OC": "NANC", "tipo": "SW", "id_emplazamiento": 630501, "nombre_emplazamiento": "NANCAGUA", "id_nodo": 1732, "nombre_nodo": "OLT-NANC-1", "Longitud": -71.19956, "Latitud": -34.65115, "title_nodo": "NANC_OLT_1" }, "geometry": { "type": "Point", "coordinates": [ -71.19956, -34.65115 ] } },
{ "type": "Feature", "properties": { "Nemonico OC": "NANC", "tipo": "PE", "id_emplazamiento": 630501, "nombre_emplazamiento": "NANCAGUA", "id_nodo": 494, "nombre_nodo": "NANCAGUA - PE80NANC01-L", "Longitud": -71.19956, "Latitud": -34.65115, "title_nodo": null }, "geometry": { "type": "Point", "coordinates": [ -71.19956, -34.65115 ] } },
{ "type": "Feature", "properties": { "Nemonico OC": "OVAL", "tipo": "SW", "id_emplazamiento": 430101, "nombre_emplazamiento": "OVALLE", "id_nodo": 1435, "nombre_nodo": "OLT-OVAL-2", "Longitud": -71.20087, "Latitud": -30.60016, "title_nodo": "OVAL_OLT_2" }, "geometry": { "type": "Point", "coordinates": [ -71.20087, -30.60016 ] } },
{ "type": "Feature", "properties": { "Nemonico OC": "OVAL", "tipo": "SW", "id_emplazamiento": 430101, "nombre_emplazamiento": "OVALLE", "id_nodo": 1201, "nombre_nodo": "OLT-OVAL-3", "Longitud": -71.20087, "Latitud": -30.60016, "title_nodo": "OVAL_OLT_3" }, "geometry": { "type": "Point", "coordinates": [ -71.20087, -30.60016 ] } },
{ "type": "Feature", "properties": { "Nemonico OC": "OVAL", "tipo": "SW", "id_emplazamiento": 430101, "nombre_emplazamiento": "OVALLE", "id_nodo": 1171, "nombre_nodo": "OLT-OVAL-4", "Longitud": -71.20087, "Latitud": -30.60016, "title_nodo": "OVAL_OLT_4" }, "geometry": { "type": "Point", "coordinates": [ -71.20087, -30.60016 ] } },
{ "type": "Feature", "properties": { "Nemonico OC": "OVAL", "tipo": "SW", "id_emplazamiento": 430101, "nombre_emplazamiento": "OVALLE", "id_nodo": 1753, "nombre_nodo": "OLT-OVAL-5", "Longitud": -71.20087, "Latitud": -30.60016, "title_nodo": "OVAL_OLT_5" }, "geometry": { "type": "Point", "coordinates": [ -71.20087, -30.60016 ] } },
{ "type": "Feature", "properties": { "Nemonico OC": "OVAL", "tipo": "SW", "id_emplazamiento": 430101, "nombre_emplazamiento": "OVALLE", "id_nodo": 1790, "nombre_nodo": "OLT-OVAL-6", "Longitud": -71.20087, "Latitud": -30.60016, "title_nodo": "OVAL_OLT_6" }, "geometry": { "type": "Point", "coordinates": [ -71.20087, -30.60016 ] } },
{ "type": "Feature", "properties": { "Nemonico OC": "OVAL", "tipo": "SW", "id_emplazamiento": 430101, "nombre_emplazamiento": "OVALLE", "id_nodo": 1116, "nombre_nodo": "OVAE01-PE40", "Longitud": -71.20087, "Latitud": -30.60016, "title_nodo": "PE40OVAE01" }, "geometry": { "type": "Point", "coordinates": [ -71.20087, -30.60016 ] } },
{ "type": "Feature", "properties": { "Nemonico OC": "OVAL", "tipo": "SW", "id_emplazamiento": 430101, "nombre_emplazamiento": "OVALLE", "id_nodo": 1506, "nombre_nodo": "OVAE02-PE40-L", "Longitud": -71.20087, "Latitud": -30.60016, "title_nodo": "PE40OVAE02-L" }, "geometry": { "type": "Point", "coordinates": [ -71.20087, -30.60016 ] } },
{ "type": "Feature", "properties": { "Nemonico OC": "OVAL", "tipo": "SW", "id_emplazamiento": 430101, "nombre_emplazamiento": "OVALLE", "id_nodo": 272, "nombre_nodo": "OVAE01-PE7609", "Longitud": -71.20087, "Latitud": -30.60016, "title_nodo": "PE76OVAE01" }, "geometry": { "type": "Point", "coordinates": [ -71.20087, -30.60016 ] } },
{ "type": "Feature", "properties": { "Nemonico OC": "OVAL", "tipo": "SW", "id_emplazamiento": 430101, "nombre_emplazamiento": "OVALLE", "id_nodo": 37, "nombre_nodo": "OVAE01-SW3750", "Longitud": -71.20087, "Latitud": -30.60016, "title_nodo": "SW37OVAE01" }, "geometry": { "type": "Point", "coordinates": [ -71.20087, -30.60016 ] } },
{ "type": "Feature", "properties": { "Nemonico OC": "OVAL", "tipo": "SW", "id_emplazamiento": 430101, "nombre_emplazamiento": "OVALLE", "id_nodo": 178, "nombre_nodo": "OVAE02-SW3750", "Longitud": -71.20087, "Latitud": -30.60016, "title_nodo": "SW37OVAE02" }, "geometry": { "type": "Point", "coordinates": [ -71.20087, -30.60016 ] } },
{ "type": "Feature", "properties": { "Nemonico OC": "OVAL", "tipo": "SW", "id_emplazamiento": 430101, "nombre_emplazamiento": "OVALLE", "id_nodo": 811, "nombre_nodo": "OVAE01-SW9303", "Longitud": -71.20087, "Latitud": -30.60016, "title_nodo": "SW93OVAE01" }, "geometry": { "type": "Point", "coordinates": [ -71.20087, -30.60016 ] } },
{ "type": "Feature", "properties": { "Nemonico OC": "OVAL", "tipo": "PE", "id_emplazamiento": 430101, "nombre_emplazamiento": "OVALLE", "id_nodo": 317, "nombre_nodo": "OVALLE - NB40OVAE01", "Longitud": -71.20087, "Latitud": -30.60016, "title_nodo": null }, "geometry": { "type": "Point", "coordinates": [ -71.20087, -30.60016 ] } },
{ "type": "Feature", "properties": { "Nemonico OC": "OVAL", "tipo": "PE", "id_emplazamiento": 430101, "nombre_emplazamiento": "OVALLE", "id_nodo": 370, "nombre_nodo": "OVALLE - NB96OVAE01", "Longitud": -71.20087, "Latitud": -30.60016, "title_nodo": null }, "geometry": { "type": "Point", "coordinates": [ -71.20087, -30.60016 ] } },
{ "type": "Feature", "properties": { "Nemonico OC": "OVAL", "tipo": "PE", "id_emplazamiento": 430101, "nombre_emplazamiento": "OVALLE", "id_nodo": 5, "nombre_nodo": "OVALLE - PE06OVAE01 (Cerrado)", "Longitud": -71.20087, "Latitud": -30.60016, "title_nodo": null }, "geometry": { "type": "Point", "coordinates": [ -71.20087, -30.60016 ] } },
{ "type": "Feature", "properties": { "Nemonico OC": "OVAL", "tipo": "PE", "id_emplazamiento": 430101, "nombre_emplazamiento": "OVALLE", "id_nodo": 113, "nombre_nodo": "OVALLE - PE06OVAE02", "Longitud": -71.20087, "Latitud": -30.60016, "title_nodo": null }, "geometry": { "type": "Point", "coordinates": [ -71.20087, -30.60016 ] } },
{ "type": "Feature", "properties": { "Nemonico OC": "OVAL", "tipo": "PE", "id_emplazamiento": 430101, "nombre_emplazamiento": "OVALLE", "id_nodo": 246, "nombre_nodo": "OVALLE - PE10OVAE01", "Longitud": -71.20087, "Latitud": -30.60016, "title_nodo": null }, "geometry": { "type": "Point", "coordinates": [ -71.20087, -30.60016 ] } },
{ "type": "Feature", "properties": { "Nemonico OC": "OVAL", "tipo": "PE", "id_emplazamiento": 430101, "nombre_emplazamiento": "OVALLE", "id_nodo": 253, "nombre_nodo": "OVALLE - PE76OVAE01", "Longitud": -71.20087, "Latitud": -30.60016, "title_nodo": null }, "geometry": { "type": "Point", "coordinates": [ -71.20087, -30.60016 ] } },
{ "type": "Feature", "properties": { "Nemonico OC": "OVAL", "tipo": "SW", "id_emplazamiento": 430101, "nombre_emplazamiento": "OVALLE", "id_nodo": 133, "nombre_nodo": "OVAE69-HUAWEI", "Longitud": -71.20087, "Latitud": -30.60016, "title_nodo": null }, "geometry": { "type": "Point", "coordinates": [ -71.20087, -30.60016 ] } },
{ "type": "Feature", "properties": { "Nemonico OC": "OVAL", "tipo": "SW", "id_emplazamiento": 430101, "nombre_emplazamiento": "OVALLE", "id_nodo": 390, "nombre_nodo": "OVAE70-HUAWEI", "Longitud": -71.20087, "Latitud": -30.60016, "title_nodo": null }, "geometry": { "type": "Point", "coordinates": [ -71.20087, -30.60016 ] } },
{ "type": "Feature", "properties": { "Nemonico OC": "OVAL", "tipo": "SW", "id_emplazamiento": 430101, "nombre_emplazamiento": "OVALLE", "id_nodo": 424, "nombre_nodo": "OVAE71-HUAWEI", "Longitud": -71.20087, "Latitud": -30.60016, "title_nodo": null }, "geometry": { "type": "Point", "coordinates": [ -71.20087, -30.60016 ] } },
{ "type": "Feature", "properties": { "Nemonico OC": "OVAL", "tipo": "SW", "id_emplazamiento": 430101, "nombre_emplazamiento": "OVALLE", "id_nodo": 546, "nombre_nodo": "OVAE72-HUAWEI", "Longitud": -71.20087, "Latitud": -30.60016, "title_nodo": null }, "geometry": { "type": "Point", "coordinates": [ -71.20087, -30.60016 ] } },
{ "type": "Feature", "properties": { "Nemonico OC": "OVAL", "tipo": "SW", "id_emplazamiento": 430101, "nombre_emplazamiento": "OVALLE", "id_nodo": 634, "nombre_nodo": "OVAE73-HUAWEI", "Longitud": -71.20087, "Latitud": -30.60016, "title_nodo": null }, "geometry": { "type": "Point", "coordinates": [ -71.20087, -30.60016 ] } },
{ "type": "Feature", "properties": { "Nemonico OC": "OVAL", "tipo": "SW", "id_emplazamiento": 430101, "nombre_emplazamiento": "OVALLE", "id_nodo": 1011, "nombre_nodo": "OVAE74-HUAWEI", "Longitud": -71.20087, "Latitud": -30.60016, "title_nodo": null }, "geometry": { "type": "Point", "coordinates": [ -71.20087, -30.60016 ] } },
{ "type": "Feature", "properties": { "Nemonico OC": "OVAL", "tipo": "SW", "id_emplazamiento": 430101, "nombre_emplazamiento": "OVALLE", "id_nodo": 1514, "nombre_nodo": "OVAE75-HUAWEI", "Longitud": -71.20087, "Latitud": -30.60016, "title_nodo": null }, "geometry": { "type": "Point", "coordinates": [ -71.20087, -30.60016 ] } },
{ "type": "Feature", "properties": { "Nemonico OC": "NOGA", "tipo": "SW", "id_emplazamiento": 550601, "nombre_emplazamiento": "NOGALES", "id_nodo": 1566, "nombre_nodo": "OLT-NOGA-1", "Longitud": -71.20169, "Latitud": -32.73355, "title_nodo": "NOGA-1- OLT" }, "geometry": { "type": "Point", "coordinates": [ -71.20169, -32.73355 ] } },
{ "type": "Feature", "properties": { "Nemonico OC": "NOGA", "tipo": "PE", "id_emplazamiento": 550601, "nombre_emplazamiento": "NOGALES", "id_nodo": 483, "nombre_nodo": "NOGALES - PE80NOGA01-L", "Longitud": -71.20169, "Latitud": -32.73355, "title_nodo": null }, "geometry": { "type": "Point", "coordinates": [ -71.20169, -32.73355 ] } },
{ "type": "Feature", "properties": { "Nemonico OC": "COND", "tipo": "SW", "id_emplazamiento": 730103, "nombre_emplazamiento": "CURICO CONDELL", "id_nodo": 1542, "nombre_nodo": "CURI02-PE40-L", "Longitud": -71.2134, "Latitud": -34.9758, "title_nodo": "PE40CURI02-L" }, "geometry": { "type": "Point", "coordinates": [ -71.2134, -34.9758 ] } },
{ "type": "Feature", "properties": { "Nemonico OC": "COND", "tipo": "SW", "id_emplazamiento": 730103, "nombre_emplazamiento": "CURICO CONDELL", "id_nodo": 356, "nombre_nodo": "CURI01-SW6524", "Longitud": -71.2134, "Latitud": -34.9758, "title_nodo": "SW65CURI01" }, "geometry": { "type": "Point", "coordinates": [ -71.2134, -34.9758 ] } },
{ "type": "Feature", "properties": { "Nemonico OC": "COND", "tipo": "SW", "id_emplazamiento": 730103, "nombre_emplazamiento": "CURICO CONDELL", "id_nodo": 696, "nombre_nodo": "CURI01-SW9303", "Longitud": -71.2134, "Latitud": -34.9758, "title_nodo": "SW93CURI01" }, "geometry": { "type": "Point", "coordinates": [ -71.2134, -34.9758 ] } },
{ "type": "Feature", "properties": { "Nemonico OC": "COND", "tipo": "PE", "id_emplazamiento": 730103, "nombre_emplazamiento": "CURICO CONDELL", "id_nodo": 164, "nombre_nodo": "CURICO CONDEL - CURI69 Huawei", "Longitud": -71.2134, "Latitud": -34.9758, "title_nodo": null }, "geometry": { "type": "Point", "coordinates": [ -71.2134, -34.9758 ] } },
{ "type": "Feature", "properties": { "Nemonico OC": "COND", "tipo": "PE", "id_emplazamiento": 730103, "nombre_emplazamiento": "CURICO CONDELL", "id_nodo": 363, "nombre_nodo": "CURICO CONDEL - NB96CURI01 (Cerrado)", "Longitud": -71.2134, "Latitud": -34.9758, "title_nodo": null }, "geometry": { "type": "Point", "coordinates": [ -71.2134, -34.9758 ] } },
{ "type": "Feature", "properties": { "Nemonico OC": "COND", "tipo": "PE", "id_emplazamiento": 730103, "nombre_emplazamiento": "CURICO CONDELL", "id_nodo": 134, "nombre_nodo": "CURICO CONDEL - PE06CURI01 (Cerrado)", "Longitud": -71.2134, "Latitud": -34.9758, "title_nodo": null }, "geometry": { "type": "Point", "coordinates": [ -71.2134, -34.9758 ] } },
{ "type": "Feature", "properties": { "Nemonico OC": "COND", "tipo": "PE", "id_emplazamiento": 730103, "nombre_emplazamiento": "CURICO CONDELL", "id_nodo": 126, "nombre_nodo": "CURICO CONDEL - PE76CURI01", "Longitud": -71.2134, "Latitud": -34.9758, "title_nodo": null }, "geometry": { "type": "Point", "coordinates": [ -71.2134, -34.9758 ] } },
{ "type": "Feature", "properties": { "Nemonico OC": "COND", "tipo": "PE", "id_emplazamiento": 730103, "nombre_emplazamiento": "CURICO CONDELL", "id_nodo": 356, "nombre_nodo": "CURICO CONDEL - PE96CURI01 HL4 (CLI DIR)", "Longitud": -71.2134, "Latitud": -34.9758, "title_nodo": null }, "geometry": { "type": "Point", "coordinates": [ -71.2134, -34.9758 ] } },
{ "type": "Feature", "properties": { "Nemonico OC": "COND", "tipo": "SW", "id_emplazamiento": 730103, "nombre_emplazamiento": "CURICO CONDELL", "id_nodo": 606, "nombre_nodo": "CURI69-HUAWEI", "Longitud": -71.2134, "Latitud": -34.9758, "title_nodo": null }, "geometry": { "type": "Point", "coordinates": [ -71.2134, -34.9758 ] } },
{ "type": "Feature", "properties": { "Nemonico OC": "COND", "tipo": "SW", "id_emplazamiento": 730103, "nombre_emplazamiento": "CURICO CONDELL", "id_nodo": 1060, "nombre_nodo": "CURI70-HUAWEI", "Longitud": -71.2134, "Latitud": -34.9758, "title_nodo": null }, "geometry": { "type": "Point", "coordinates": [ -71.2134, -34.9758 ] } },
{ "type": "Feature", "properties": { "Nemonico OC": "MELI", "tipo": "SW", "id_emplazamiento": 1350101, "nombre_emplazamiento": "MELIPILLA", "id_nodo": 1483, "nombre_nodo": "OLT-MELI-2", "Longitud": -71.21553, "Latitud": -33.6847, "title_nodo": "MELI_OLT_2" }, "geometry": { "type": "Point", "coordinates": [ -71.21553, -33.6847 ] } },
{ "type": "Feature", "properties": { "Nemonico OC": "MELI", "tipo": "SW", "id_emplazamiento": 1350101, "nombre_emplazamiento": "MELIPILLA", "id_nodo": 1473, "nombre_nodo": "OLT-MELI-1", "Longitud": -71.21553, "Latitud": -33.6847, "title_nodo": "MELI-1- OLT" }, "geometry": { "type": "Point", "coordinates": [ -71.21553, -33.6847 ] } },
{ "type": "Feature", "properties": { "Nemonico OC": "MELI", "tipo": "SW", "id_emplazamiento": 1350101, "nombre_emplazamiento": "MELIPILLA", "id_nodo": 1111, "nombre_nodo": "MELI01-PE40", "Longitud": -71.21553, "Latitud": -33.6847, "title_nodo": "PE40MELI01" }, "geometry": { "type": "Point", "coordinates": [ -71.21553, -33.6847 ] } },
{ "type": "Feature", "properties": { "Nemonico OC": "MELI", "tipo": "SW", "id_emplazamiento": 1350101, "nombre_emplazamiento": "MELIPILLA", "id_nodo": 253, "nombre_nodo": "MELI01-SW6524", "Longitud": -71.21553, "Latitud": -33.6847, "title_nodo": "SW65MELI01" }, "geometry": { "type": "Point", "coordinates": [ -71.21553, -33.6847 ] } },
{ "type": "Feature", "properties": { "Nemonico OC": "MELI", "tipo": "SW", "id_emplazamiento": 1350101, "nombre_emplazamiento": "MELIPILLA", "id_nodo": 664, "nombre_nodo": "MELI01-SW9303", "Longitud": -71.21553, "Latitud": -33.6847, "title_nodo": "SW93MELI01" }, "geometry": { "type": "Point", "coordinates": [ -71.21553, -33.6847 ] } },
{ "type": "Feature", "properties": { "Nemonico OC": "MELI", "tipo": "SW", "id_emplazamiento": 1350101, "nombre_emplazamiento": "MELIPILLA", "id_nodo": 871, "nombre_nodo": "MELI02-SW9303", "Longitud": -71.21553, "Latitud": -33.6847, "title_nodo": "SW93MELI02" }, "geometry": { "type": "Point", "coordinates": [ -71.21553, -33.6847 ] } },
{ "type": "Feature", "properties": { "Nemonico OC": "MELI", "tipo": "SW", "id_emplazamiento": 1350101, "nombre_emplazamiento": "MELIPILLA", "id_nodo": 418, "nombre_nodo": "MELI69-HUAWEI", "Longitud": -71.21553, "Latitud": -33.6847, "title_nodo": null }, "geometry": { "type": "Point", "coordinates": [ -71.21553, -33.6847 ] } },
{ "type": "Feature", "properties": { "Nemonico OC": "MELI", "tipo": "SW", "id_emplazamiento": 1350101, "nombre_emplazamiento": "MELIPILLA", "id_nodo": 784, "nombre_nodo": "MELI70-HUAWEI", "Longitud": -71.21553, "Latitud": -33.6847, "title_nodo": null }, "geometry": { "type": "Point", "coordinates": [ -71.21553, -33.6847 ] } },
{ "type": "Feature", "properties": { "Nemonico OC": "MELI", "tipo": "SW", "id_emplazamiento": 1350101, "nombre_emplazamiento": "MELIPILLA", "id_nodo": 1251, "nombre_nodo": "MELI71-HUAWEI", "Longitud": -71.21553, "Latitud": -33.6847, "title_nodo": null }, "geometry": { "type": "Point", "coordinates": [ -71.21553, -33.6847 ] } },
{ "type": "Feature", "properties": { "Nemonico OC": "MELI", "tipo": "SW", "id_emplazamiento": 1350101, "nombre_emplazamiento": "MELIPILLA", "id_nodo": 1486, "nombre_nodo": "MELI72-HUAWEI", "Longitud": -71.21553, "Latitud": -33.6847, "title_nodo": null }, "geometry": { "type": "Point", "coordinates": [ -71.21553, -33.6847 ] } },
{ "type": "Feature", "properties": { "Nemonico OC": "LFLR", "tipo": "SW", "id_emplazamiento": 410107, "nombre_emplazamiento": "LA FLORIDA (LA SERENA)", "id_nodo": 429, "nombre_nodo": "LSFL01-SW40E", "Longitud": -71.21616, "Latitud": -29.92037, "title_nodo": "SW40LSFL01" }, "geometry": { "type": "Point", "coordinates": [ -71.21616, -29.92037 ] } },
{ "type": "Feature", "properties": { "Nemonico OC": "LFLR", "tipo": "PE", "id_emplazamiento": 410107, "nombre_emplazamiento": "LA FLORIDA (LA SERENA)", "id_nodo": 330, "nombre_nodo": "LA FLORIDA (LA SERENA) - PE96LSLF01 HL4 (CLI DIR)", "Longitud": -71.21616, "Latitud": -29.92037, "title_nodo": null }, "geometry": { "type": "Point", "coordinates": [ -71.21616, -29.92037 ] } },
{ "type": "Feature", "properties": { "Nemonico OC": "LFLR", "tipo": "SW", "id_emplazamiento": 1311801, "nombre_emplazamiento": "LA FLORIDA (SANTIAGO)", "id_nodo": 1220, "nombre_nodo": "OLT-LFLO10", "Longitud": -71.21616, "Latitud": -29.92037, "title_nodo": "LFLO_OLT_10" }, "geometry": { "type": "Point", "coordinates": [ -71.21616, -29.92037 ] } },
{ "type": "Feature", "properties": { "Nemonico OC": "LFLR", "tipo": "SW", "id_emplazamiento": 1311801, "nombre_emplazamiento": "LA FLORIDA (SANTIAGO)", "id_nodo": 1335, "nombre_nodo": "OLT-LFLO11", "Longitud": -71.21616, "Latitud": -29.92037, "title_nodo": "LFLO_OLT_11" }, "geometry": { "type": "Point", "coordinates": [ -71.21616, -29.92037 ] } },
{ "type": "Feature", "properties": { "Nemonico OC": "LFLR", "tipo": "SW", "id_emplazamiento": 1311801, "nombre_emplazamiento": "LA FLORIDA (SANTIAGO)", "id_nodo": 1822, "nombre_nodo": "OLT-LFLO13", "Longitud": -71.21616, "Latitud": -29.92037, "title_nodo": "LFLO_OLT_13" }, "geometry": { "type": "Point", "coordinates": [ -71.21616, -29.92037 ] } },
{ "type": "Feature", "properties": { "Nemonico OC": "LFLR", "tipo": "SW", "id_emplazamiento": 1311801, "nombre_emplazamiento": "LA FLORIDA (SANTIAGO)", "id_nodo": 1101, "nombre_nodo": "OLT-LFLO07", "Longitud": -71.21616, "Latitud": -29.92037, "title_nodo": "LFLO_OLT_7" }, "geometry": { "type": "Point", "coordinates": [ -71.21616, -29.92037 ] } },
{ "type": "Feature", "properties": { "Nemonico OC": "LFLR", "tipo": "SW", "id_emplazamiento": 1311801, "nombre_emplazamiento": "LA FLORIDA (SANTIAGO)", "id_nodo": 1579, "nombre_nodo": "OLT-LFLO09", "Longitud": -71.21616, "Latitud": -29.92037, "title_nodo": "LFLO_OLT_9" }, "geometry": { "type": "Point", "coordinates": [ -71.21616, -29.92037 ] } },
{ "type": "Feature", "properties": { "Nemonico OC": "LFLR", "tipo": "SW", "id_emplazamiento": 1311801, "nombre_emplazamiento": "LA FLORIDA (SANTIAGO)", "id_nodo": 1051, "nombre_nodo": "LFLO01-PE40", "Longitud": -71.21616, "Latitud": -29.92037, "title_nodo": "PE40LFLO01" }, "geometry": { "type": "Point", "coordinates": [ -71.21616, -29.92037 ] } },
{ "type": "Feature", "properties": { "Nemonico OC": "LFLR", "tipo": "SW", "id_emplazamiento": 1311801, "nombre_emplazamiento": "LA FLORIDA (SANTIAGO)", "id_nodo": 1123, "nombre_nodo": "LFLO02-PE40", "Longitud": -71.21616, "Latitud": -29.92037, "title_nodo": "PE40LFLO02" }, "geometry": { "type": "Point", "coordinates": [ -71.21616, -29.92037 ] } },
{ "type": "Feature", "properties": { "Nemonico OC": "LFLR", "tipo": "SW", "id_emplazamiento": 1311801, "nombre_emplazamiento": "LA FLORIDA (SANTIAGO)", "id_nodo": 76, "nombre_nodo": "LFLO01-SW3550", "Longitud": -71.21616, "Latitud": -29.92037, "title_nodo": "SW35LFLO01" }, "geometry": { "type": "Point", "coordinates": [ -71.21616, -29.92037 ] } },
{ "type": "Feature", "properties": { "Nemonico OC": "LFLR", "tipo": "SW", "id_emplazamiento": 1311801, "nombre_emplazamiento": "LA FLORIDA (SANTIAGO)", "id_nodo": 111, "nombre_nodo": "LFLO01-SW3750", "Longitud": -71.21616, "Latitud": -29.92037, "title_nodo": "SW37LFLO01" }, "geometry": { "type": "Point", "coordinates": [ -71.21616, -29.92037 ] } },
{ "type": "Feature", "properties": { "Nemonico OC": "LFLR", "tipo": "SW", "id_emplazamiento": 1311801, "nombre_emplazamiento": "LA FLORIDA (SANTIAGO)", "id_nodo": 173, "nombre_nodo": "LFLO02-SW3750", "Longitud": -71.21616, "Latitud": -29.92037, "title_nodo": "SW37LFLO02" }, "geometry": { "type": "Point", "coordinates": [ -71.21616, -29.92037 ] } },
{ "type": "Feature", "properties": { "Nemonico OC": "LFLR", "tipo": "SW", "id_emplazamiento": 1311801, "nombre_emplazamiento": "LA FLORIDA (SANTIAGO)", "id_nodo": 223, "nombre_nodo": "LFLO03-SW3750", "Longitud": -71.21616, "Latitud": -29.92037, "title_nodo": "SW37LFLO03" }, "geometry": { "type": "Point", "coordinates": [ -71.21616, -29.92037 ] } },
{ "type": "Feature", "properties": { "Nemonico OC": "LFLR", "tipo": "SW", "id_emplazamiento": 1311801, "nombre_emplazamiento": "LA FLORIDA (SANTIAGO)", "id_nodo": 567, "nombre_nodo": "DW93-LFLO01", "Longitud": -71.21616, "Latitud": -29.92037, "title_nodo": "SW93DLFL01" }, "geometry": { "type": "Point", "coordinates": [ -71.21616, -29.92037 ] } },
{ "type": "Feature", "properties": { "Nemonico OC": "LFLR", "tipo": "SW", "id_emplazamiento": 1311801, "nombre_emplazamiento": "LA FLORIDA (SANTIAGO)", "id_nodo": 594, "nombre_nodo": "LFLO01-SW9303", "Longitud": -71.21616, "Latitud": -29.92037, "title_nodo": "SW93LFLO01" }, "geometry": { "type": "Point", "coordinates": [ -71.21616, -29.92037 ] } },
{ "type": "Feature", "properties": { "Nemonico OC": "LFLR", "tipo": "SW", "id_emplazamiento": 1311801, "nombre_emplazamiento": "LA FLORIDA (SANTIAGO)", "id_nodo": 788, "nombre_nodo": "LFLO02-SW9303", "Longitud": -71.21616, "Latitud": -29.92037, "title_nodo": "SW93LFLO02" }, "geometry": { "type": "Point", "coordinates": [ -71.21616, -29.92037 ] } },
{ "type": "Feature", "properties": { "Nemonico OC": "LFLR", "tipo": "SW", "id_emplazamiento": 1311801, "nombre_emplazamiento": "LA FLORIDA (SANTIAGO)", "id_nodo": 880, "nombre_nodo": "LFLO03-SW9303", "Longitud": -71.21616, "Latitud": -29.92037, "title_nodo": "SW93LFLO03" }, "geometry": { "type": "Point", "coordinates": [ -71.21616, -29.92037 ] } },
{ "type": "Feature", "properties": { "Nemonico OC": "LFLR", "tipo": "PE", "id_emplazamiento": 1311801, "nombre_emplazamiento": "LA FLORIDA (SANTIAGO)", "id_nodo": 402, "nombre_nodo": "LA FLORIDA - NAP9008LFLO02 - NAP", "Longitud": -71.21616, "Latitud": -29.92037, "title_nodo": null }, "geometry": { "type": "Point", "coordinates": [ -71.21616, -29.92037 ] } },
{ "type": "Feature", "properties": { "Nemonico OC": "LFLR", "tipo": "PE", "id_emplazamiento": 1311801, "nombre_emplazamiento": "LA FLORIDA (SANTIAGO)", "id_nodo": 275, "nombre_nodo": "LA FLORIDA - NAP96LFLO02 - NAP (CERRADO)", "Longitud": -71.21616, "Latitud": -29.92037, "title_nodo": null }, "geometry": { "type": "Point", "coordinates": [ -71.21616, -29.92037 ] } },
{ "type": "Feature", "properties": { "Nemonico OC": "LFLR", "tipo": "PE", "id_emplazamiento": 1311801, "nombre_emplazamiento": "LA FLORIDA (SANTIAGO)", "id_nodo": 168, "nombre_nodo": "LA FLORIDA - NB76LFLO01", "Longitud": -71.21616, "Latitud": -29.92037, "title_nodo": null }, "geometry": { "type": "Point", "coordinates": [ -71.21616, -29.92037 ] } },
{ "type": "Feature", "properties": { "Nemonico OC": "LFLR", "tipo": "PE", "id_emplazamiento": 1311801, "nombre_emplazamiento": "LA FLORIDA (SANTIAGO)", "id_nodo": 70, "nombre_nodo": "LA FLORIDA - PE06LFLO01 (Cerrado)", "Longitud": -71.21616, "Latitud": -29.92037, "title_nodo": null }, "geometry": { "type": "Point", "coordinates": [ -71.21616, -29.92037 ] } },
{ "type": "Feature", "properties": { "Nemonico OC": "LFLR", "tipo": "PE", "id_emplazamiento": 1311801, "nombre_emplazamiento": "LA FLORIDA (SANTIAGO)", "id_nodo": 244, "nombre_nodo": "LA FLORIDA - PE120LFLO01", "Longitud": -71.21616, "Latitud": -29.92037, "title_nodo": null }, "geometry": { "type": "Point", "coordinates": [ -71.21616, -29.92037 ] } },
{ "type": "Feature", "properties": { "Nemonico OC": "LFLR", "tipo": "PE", "id_emplazamiento": 1311801, "nombre_emplazamiento": "LA FLORIDA (SANTIAGO)", "id_nodo": 92, "nombre_nodo": "LA FLORIDA - PE76LFLO01", "Longitud": -71.21616, "Latitud": -29.92037, "title_nodo": null }, "geometry": { "type": "Point", "coordinates": [ -71.21616, -29.92037 ] } },
{ "type": "Feature", "properties": { "Nemonico OC": "LFLR", "tipo": "PE", "id_emplazamiento": 1311801, "nombre_emplazamiento": "LA FLORIDA (SANTIAGO)", "id_nodo": 190, "nombre_nodo": "LA FLORIDA - PE96LFLO01 (Cerrado)", "Longitud": -71.21616, "Latitud": -29.92037, "title_nodo": null }, "geometry": { "type": "Point", "coordinates": [ -71.21616, -29.92037 ] } },
{ "type": "Feature", "properties": { "Nemonico OC": "LFLR", "tipo": "PE", "id_emplazamiento": 1311801, "nombre_emplazamiento": "LA FLORIDA (SANTIAGO)", "id_nodo": 466, "nombre_nodo": "LA FLORIDA - PE96LFLO02-L HL4 (CLI DIR)", "Longitud": -71.21616, "Latitud": -29.92037, "title_nodo": null }, "geometry": { "type": "Point", "coordinates": [ -71.21616, -29.92037 ] } },
{ "type": "Feature", "properties": { "Nemonico OC": "LFLR", "tipo": "SW", "id_emplazamiento": 1311801, "nombre_emplazamiento": "LA FLORIDA (SANTIAGO)", "id_nodo": 162, "nombre_nodo": "LFLO01-SATEL1", "Longitud": -71.21616, "Latitud": -29.92037, "title_nodo": null }, "geometry": { "type": "Point", "coordinates": [ -71.21616, -29.92037 ] } },
{ "type": "Feature", "properties": { "Nemonico OC": "LFLR", "tipo": "SW", "id_emplazamiento": 1311801, "nombre_emplazamiento": "LA FLORIDA (SANTIAGO)", "id_nodo": 209, "nombre_nodo": "LFLO01-SATEL2", "Longitud": -71.21616, "Latitud": -29.92037, "title_nodo": null }, "geometry": { "type": "Point", "coordinates": [ -71.21616, -29.92037 ] } },
{ "type": "Feature", "properties": { "Nemonico OC": "LFLR", "tipo": "SW", "id_emplazamiento": 1311801, "nombre_emplazamiento": "LA FLORIDA (SANTIAGO)", "id_nodo": 1516, "nombre_nodo": "LFLO01-SATEL3", "Longitud": -71.21616, "Latitud": -29.92037, "title_nodo": null }, "geometry": { "type": "Point", "coordinates": [ -71.21616, -29.92037 ] } },
{ "type": "Feature", "properties": { "Nemonico OC": "LFLR", "tipo": "SW", "id_emplazamiento": 1311801, "nombre_emplazamiento": "LA FLORIDA (SANTIAGO)", "id_nodo": 585, "nombre_nodo": "LFLO69-T-MUND", "Longitud": -71.21616, "Latitud": -29.92037, "title_nodo": null }, "geometry": { "type": "Point", "coordinates": [ -71.21616, -29.92037 ] } },
{ "type": "Feature", "properties": { "Nemonico OC": "LFLR", "tipo": "SW", "id_emplazamiento": 1311801, "nombre_emplazamiento": "LA FLORIDA (SANTIAGO)", "id_nodo": 949, "nombre_nodo": "LFLO70-NAP96", "Longitud": -71.21616, "Latitud": -29.92037, "title_nodo": null }, "geometry": { "type": "Point", "coordinates": [ -71.21616, -29.92037 ] } },
{ "type": "Feature", "properties": { "Nemonico OC": "HUAS", "tipo": "SW", "id_emplazamiento": 330401, "nombre_emplazamiento": "HUASCO", "id_nodo": 1663, "nombre_nodo": "OLT-HUAS-1", "Longitud": -71.22185, "Latitud": -28.46554, "title_nodo": "HUAS_OLT_1" }, "geometry": { "type": "Point", "coordinates": [ -71.22185, -28.46554 ] } },
{ "type": "Feature", "properties": { "Nemonico OC": "HUAS", "tipo": "PE", "id_emplazamiento": 330401, "nombre_emplazamiento": "HUASCO", "id_nodo": 457, "nombre_nodo": "HUASCO - PE80HUAS01-L", "Longitud": -71.22185, "Latitud": -28.46554, "title_nodo": null }, "geometry": { "type": "Point", "coordinates": [ -71.22185, -28.46554 ] } },
{ "type": "Feature", "properties": { "Nemonico OC": "LLIG", "tipo": "SW", "id_emplazamiento": 540101, "nombre_emplazamiento": "LA LIGUA", "id_nodo": 1480, "nombre_nodo": "OLT-LLIG-1", "Longitud": -71.23251, "Latitud": -32.44982, "title_nodo": "LLIG_ OLT_1" }, "geometry": { "type": "Point", "coordinates": [ -71.23251, -32.44982 ] } },
{ "type": "Feature", "properties": { "Nemonico OC": "LLIG", "tipo": "PE", "id_emplazamiento": 540101, "nombre_emplazamiento": "LA LIGUA", "id_nodo": 438, "nombre_nodo": "LA LIGUA - PE80LLIG01-L", "Longitud": -71.23251, "Latitud": -32.44982, "title_nodo": null }, "geometry": { "type": "Point", "coordinates": [ -71.23251, -32.44982 ] } },
{ "type": "Feature", "properties": { "Nemonico OC": "LSE4", "tipo": "SW", "id_emplazamiento": 410103, "nombre_emplazamiento": "LA SERENA IV", "id_nodo": 1412, "nombre_nodo": "OLT-LSE4-1", "Longitud": -71.24094, "Latitud": -29.87985, "title_nodo": "LSE4-1- OLT" }, "geometry": { "type": "Point", "coordinates": [ -71.24094, -29.87985 ] } },
{ "type": "Feature", "properties": { "Nemonico OC": "LSE4", "tipo": "SW", "id_emplazamiento": 410103, "nombre_emplazamiento": "LA SERENA IV", "id_nodo": 1402, "nombre_nodo": "OLT-LSE4-2", "Longitud": -71.24094, "Latitud": -29.87985, "title_nodo": "LSE4-2- OLT" }, "geometry": { "type": "Point", "coordinates": [ -71.24094, -29.87985 ] } },
{ "type": "Feature", "properties": { "Nemonico OC": "LSE4", "tipo": "SW", "id_emplazamiento": 410103, "nombre_emplazamiento": "LA SERENA IV", "id_nodo": 1077, "nombre_nodo": "LSER41-PE40", "Longitud": -71.24094, "Latitud": -29.87985, "title_nodo": "PE40LSER41" }, "geometry": { "type": "Point", "coordinates": [ -71.24094, -29.87985 ] } },
{ "type": "Feature", "properties": { "Nemonico OC": "LSE4", "tipo": "SW", "id_emplazamiento": 410103, "nombre_emplazamiento": "LA SERENA IV", "id_nodo": 295, "nombre_nodo": "LSE401-SW6524", "Longitud": -71.24094, "Latitud": -29.87985, "title_nodo": "SW65LSER401" }, "geometry": { "type": "Point", "coordinates": [ -71.24094, -29.87985 ] } },
{ "type": "Feature", "properties": { "Nemonico OC": "LSE4", "tipo": "SW", "id_emplazamiento": 410103, "nombre_emplazamiento": "LA SERENA IV", "id_nodo": 635, "nombre_nodo": "LSER41-SW9303", "Longitud": -71.24094, "Latitud": -29.87985, "title_nodo": "SW93LSER41" }, "geometry": { "type": "Point", "coordinates": [ -71.24094, -29.87985 ] } },
{ "type": "Feature", "properties": { "Nemonico OC": "CURI", "tipo": "SW", "id_emplazamiento": 730102, "nombre_emplazamiento": "CURICO PEÑA", "id_nodo": 1715, "nombre_nodo": "OLT-CURI-3", "Longitud": -71.24155, "Latitud": -34.98538, "title_nodo": "CURA_OLT_3" }, "geometry": { "type": "Point", "coordinates": [ -71.24155, -34.98538 ] } },
{ "type": "Feature", "properties": { "Nemonico OC": "CURI", "tipo": "SW", "id_emplazamiento": 730102, "nombre_emplazamiento": "CURICO PEÑA", "id_nodo": 1404, "nombre_nodo": "OLT-CURI-4", "Longitud": -71.24155, "Latitud": -34.98538, "title_nodo": "CURA_OLT_4" }, "geometry": { "type": "Point", "coordinates": [ -71.24155, -34.98538 ] } },
{ "type": "Feature", "properties": { "Nemonico OC": "CURI", "tipo": "SW", "id_emplazamiento": 730102, "nombre_emplazamiento": "CURICO PEÑA", "id_nodo": 1718, "nombre_nodo": "OLT-CURI-5", "Longitud": -71.24155, "Latitud": -34.98538, "title_nodo": "CURA_OLT_5" }, "geometry": { "type": "Point", "coordinates": [ -71.24155, -34.98538 ] } },
{ "type": "Feature", "properties": { "Nemonico OC": "CURI", "tipo": "SW", "id_emplazamiento": 730102, "nombre_emplazamiento": "CURICO PEÑA", "id_nodo": 1136, "nombre_nodo": "CURP01-PE40", "Longitud": -71.24155, "Latitud": -34.98538, "title_nodo": "PE40CURP01" }, "geometry": { "type": "Point", "coordinates": [ -71.24155, -34.98538 ] } },
{ "type": "Feature", "properties": { "Nemonico OC": "CURI", "tipo": "SW", "id_emplazamiento": 730102, "nombre_emplazamiento": "CURICO PEÑA", "id_nodo": 397, "nombre_nodo": "CURP01-SW6524", "Longitud": -71.24155, "Latitud": -34.98538, "title_nodo": "SW65CURP01" }, "geometry": { "type": "Point", "coordinates": [ -71.24155, -34.98538 ] } },
{ "type": "Feature", "properties": { "Nemonico OC": "CURI", "tipo": "SW", "id_emplazamiento": 730102, "nombre_emplazamiento": "CURICO PEÑA", "id_nodo": 598, "nombre_nodo": "CURP01-SW9303", "Longitud": -71.24155, "Latitud": -34.98538, "title_nodo": "SW93CURP01" }, "geometry": { "type": "Point", "coordinates": [ -71.24155, -34.98538 ] } },
{ "type": "Feature", "properties": { "Nemonico OC": "CURI", "tipo": "SW", "id_emplazamiento": 730102, "nombre_emplazamiento": "CURICO PEÑA", "id_nodo": 818, "nombre_nodo": "CURP02-SW9303", "Longitud": -71.24155, "Latitud": -34.98538, "title_nodo": "SW93CURP02" }, "geometry": { "type": "Point", "coordinates": [ -71.24155, -34.98538 ] } },
{ "type": "Feature", "properties": { "Nemonico OC": "CURI", "tipo": "SW", "id_emplazamiento": 730102, "nombre_emplazamiento": "CURICO PEÑA", "id_nodo": 945, "nombre_nodo": "CURP03-SW9303", "Longitud": -71.24155, "Latitud": -34.98538, "title_nodo": "SW93CURP03" }, "geometry": { "type": "Point", "coordinates": [ -71.24155, -34.98538 ] } },
{ "type": "Feature", "properties": { "Nemonico OC": "CURI", "tipo": "PE", "id_emplazamiento": 730102, "nombre_emplazamiento": "CURICO PEÑA", "id_nodo": 396, "nombre_nodo": "CURICO PEÑA - NB40CURP01", "Longitud": -71.24155, "Latitud": -34.98538, "title_nodo": null }, "geometry": { "type": "Point", "coordinates": [ -71.24155, -34.98538 ] } },
{ "type": "Feature", "properties": { "Nemonico OC": "CURI", "tipo": "PE", "id_emplazamiento": 730102, "nombre_emplazamiento": "CURICO PEÑA", "id_nodo": 211, "nombre_nodo": "CURICO PEÑA - PE10CURP01", "Longitud": -71.24155, "Latitud": -34.98538, "title_nodo": null }, "geometry": { "type": "Point", "coordinates": [ -71.24155, -34.98538 ] } },
{ "type": "Feature", "properties": { "Nemonico OC": "CURI", "tipo": "SW", "id_emplazamiento": 730102, "nombre_emplazamiento": "CURICO PEÑA", "id_nodo": 513, "nombre_nodo": "CURP69-HUAWEI", "Longitud": -71.24155, "Latitud": -34.98538, "title_nodo": null }, "geometry": { "type": "Point", "coordinates": [ -71.24155, -34.98538 ] } },
{ "type": "Feature", "properties": { "Nemonico OC": "CURI", "tipo": "SW", "id_emplazamiento": 730102, "nombre_emplazamiento": "CURICO PEÑA", "id_nodo": 807, "nombre_nodo": "CURP70-HUAWEI", "Longitud": -71.24155, "Latitud": -34.98538, "title_nodo": null }, "geometry": { "type": "Point", "coordinates": [ -71.24155, -34.98538 ] } },
{ "type": "Feature", "properties": { "Nemonico OC": "CURI", "tipo": "SW", "id_emplazamiento": 730102, "nombre_emplazamiento": "CURICO PEÑA", "id_nodo": 838, "nombre_nodo": "CURP71-HUAWEI", "Longitud": -71.24155, "Latitud": -34.98538, "title_nodo": null }, "geometry": { "type": "Point", "coordinates": [ -71.24155, -34.98538 ] } },
{ "type": "Feature", "properties": { "Nemonico OC": "CURI", "tipo": "SW", "id_emplazamiento": 730102, "nombre_emplazamiento": "CURICO PEÑA", "id_nodo": 862, "nombre_nodo": "CURP72-HUAWEI", "Longitud": -71.24155, "Latitud": -34.98538, "title_nodo": null }, "geometry": { "type": "Point", "coordinates": [ -71.24155, -34.98538 ] } },
{ "type": "Feature", "properties": { "Nemonico OC": "CURI", "tipo": "SW", "id_emplazamiento": 730102, "nombre_emplazamiento": "CURICO PEÑA", "id_nodo": 1494, "nombre_nodo": "CURP73-HUAWEI", "Longitud": -71.24155, "Latitud": -34.98538, "title_nodo": null }, "geometry": { "type": "Point", "coordinates": [ -71.24155, -34.98538 ] } },
{ "type": "Feature", "properties": { "Nemonico OC": "CURI", "tipo": "SW", "id_emplazamiento": 730102, "nombre_emplazamiento": "CURICO PEÑA", "id_nodo": 1770, "nombre_nodo": "CURP74-HUAWEI", "Longitud": -71.24155, "Latitud": -34.98538, "title_nodo": null }, "geometry": { "type": "Point", "coordinates": [ -71.24155, -34.98538 ] } },
{ "type": "Feature", "properties": { "Nemonico OC": "QLLT", "tipo": "SW", "id_emplazamiento": 550103, "nombre_emplazamiento": "QUILLOTA", "id_nodo": 980, "nombre_nodo": "QUIL01-PE40", "Longitud": -71.24412, "Latitud": -32.87886, "title_nodo": "PE40QUIL01" }, "geometry": { "type": "Point", "coordinates": [ -71.24412, -32.87886 ] } },
{ "type": "Feature", "properties": { "Nemonico OC": "QLLT", "tipo": "SW", "id_emplazamiento": 550103, "nombre_emplazamiento": "QUILLOTA", "id_nodo": 1244, "nombre_nodo": "OLT-QLLT-2", "Longitud": -71.24412, "Latitud": -32.87886, "title_nodo": "QLLT_OLT_2" }, "geometry": { "type": "Point", "coordinates": [ -71.24412, -32.87886 ] } },
{ "type": "Feature", "properties": { "Nemonico OC": "QLLT", "tipo": "SW", "id_emplazamiento": 550103, "nombre_emplazamiento": "QUILLOTA", "id_nodo": 1451, "nombre_nodo": "OLT-QLLT-3", "Longitud": -71.24412, "Latitud": -32.87886, "title_nodo": "QLLT_OLT_3" }, "geometry": { "type": "Point", "coordinates": [ -71.24412, -32.87886 ] } },
{ "type": "Feature", "properties": { "Nemonico OC": "QLLT", "tipo": "SW", "id_emplazamiento": 550103, "nombre_emplazamiento": "QUILLOTA", "id_nodo": 1474, "nombre_nodo": "OLT-QLLT-4", "Longitud": -71.24412, "Latitud": -32.87886, "title_nodo": "QLLT_OLT_4" }, "geometry": { "type": "Point", "coordinates": [ -71.24412, -32.87886 ] } },
{ "type": "Feature", "properties": { "Nemonico OC": "QLLT", "tipo": "SW", "id_emplazamiento": 550103, "nombre_emplazamiento": "QUILLOTA", "id_nodo": 59, "nombre_nodo": "QUIL01-SW3624", "Longitud": -71.24412, "Latitud": -32.87886, "title_nodo": "SW36QUIL01" }, "geometry": { "type": "Point", "coordinates": [ -71.24412, -32.87886 ] } },
{ "type": "Feature", "properties": { "Nemonico OC": "QLLT", "tipo": "SW", "id_emplazamiento": 550103, "nombre_emplazamiento": "QUILLOTA", "id_nodo": 161, "nombre_nodo": "QUIL01-SW3750", "Longitud": -71.24412, "Latitud": -32.87886, "title_nodo": "SW37QUIL01" }, "geometry": { "type": "Point", "coordinates": [ -71.24412, -32.87886 ] } },
{ "type": "Feature", "properties": { "Nemonico OC": "QLLT", "tipo": "SW", "id_emplazamiento": 550103, "nombre_emplazamiento": "QUILLOTA", "id_nodo": 358, "nombre_nodo": "QUIL01-SW6524", "Longitud": -71.24412, "Latitud": -32.87886, "title_nodo": "SW65QUIL01" }, "geometry": { "type": "Point", "coordinates": [ -71.24412, -32.87886 ] } },
{ "type": "Feature", "properties": { "Nemonico OC": "QLLT", "tipo": "SW", "id_emplazamiento": 550103, "nombre_emplazamiento": "QUILLOTA", "id_nodo": 666, "nombre_nodo": "QUIL01-SW9303", "Longitud": -71.24412, "Latitud": -32.87886, "title_nodo": "SW93QUIL01" }, "geometry": { "type": "Point", "coordinates": [ -71.24412, -32.87886 ] } },
{ "type": "Feature", "properties": { "Nemonico OC": "QLLT", "tipo": "PE", "id_emplazamiento": 550103, "nombre_emplazamiento": "QUILLOTA", "id_nodo": 392, "nombre_nodo": "QUILLOTA - NB40QUIL01 HL4 (CLI DIR)", "Longitud": -71.24412, "Latitud": -32.87886, "title_nodo": null }, "geometry": { "type": "Point", "coordinates": [ -71.24412, -32.87886 ] } },
{ "type": "Feature", "properties": { "Nemonico OC": "QLLT", "tipo": "PE", "id_emplazamiento": 550103, "nombre_emplazamiento": "QUILLOTA", "id_nodo": 367, "nombre_nodo": "QUILLOTA - NB96QUIL01", "Longitud": -71.24412, "Latitud": -32.87886, "title_nodo": null }, "geometry": { "type": "Point", "coordinates": [ -71.24412, -32.87886 ] } },
{ "type": "Feature", "properties": { "Nemonico OC": "QLLT", "tipo": "PE", "id_emplazamiento": 550103, "nombre_emplazamiento": "QUILLOTA", "id_nodo": 111, "nombre_nodo": "QUILLOTA - PE06QUIL01 (Cerrado)", "Longitud": -71.24412, "Latitud": -32.87886, "title_nodo": null }, "geometry": { "type": "Point", "coordinates": [ -71.24412, -32.87886 ] } },
{ "type": "Feature", "properties": { "Nemonico OC": "QLLT", "tipo": "PE", "id_emplazamiento": 550103, "nombre_emplazamiento": "QUILLOTA", "id_nodo": 207, "nombre_nodo": "QUILLOTA - PE10QUIL01", "Longitud": -71.24412, "Latitud": -32.87886, "title_nodo": null }, "geometry": { "type": "Point", "coordinates": [ -71.24412, -32.87886 ] } },
{ "type": "Feature", "properties": { "Nemonico OC": "QLLT", "tipo": "PE", "id_emplazamiento": 550103, "nombre_emplazamiento": "QUILLOTA", "id_nodo": 116, "nombre_nodo": "QUILLOTA - PE76QUIL01", "Longitud": -71.24412, "Latitud": -32.87886, "title_nodo": null }, "geometry": { "type": "Point", "coordinates": [ -71.24412, -32.87886 ] } },
{ "type": "Feature", "properties": { "Nemonico OC": "QLLT", "tipo": "PE", "id_emplazamiento": 550103, "nombre_emplazamiento": "QUILLOTA", "id_nodo": 288, "nombre_nodo": "QUILLOTA - QUILL75 Huawei", "Longitud": -71.24412, "Latitud": -32.87886, "title_nodo": null }, "geometry": { "type": "Point", "coordinates": [ -71.24412, -32.87886 ] } },
{ "type": "Feature", "properties": { "Nemonico OC": "QLLT", "tipo": "SW", "id_emplazamiento": 550103, "nombre_emplazamiento": "QUILLOTA", "id_nodo": 108, "nombre_nodo": "QUIL69-HUAWEI", "Longitud": -71.24412, "Latitud": -32.87886, "title_nodo": null }, "geometry": { "type": "Point", "coordinates": [ -71.24412, -32.87886 ] } },
{ "type": "Feature", "properties": { "Nemonico OC": "QLLT", "tipo": "SW", "id_emplazamiento": 550103, "nombre_emplazamiento": "QUILLOTA", "id_nodo": 270, "nombre_nodo": "QUIL70-HUAWEI", "Longitud": -71.24412, "Latitud": -32.87886, "title_nodo": null }, "geometry": { "type": "Point", "coordinates": [ -71.24412, -32.87886 ] } },
{ "type": "Feature", "properties": { "Nemonico OC": "QLLT", "tipo": "SW", "id_emplazamiento": 550103, "nombre_emplazamiento": "QUILLOTA", "id_nodo": 420, "nombre_nodo": "QUIL71-HUAWEI", "Longitud": -71.24412, "Latitud": -32.87886, "title_nodo": null }, "geometry": { "type": "Point", "coordinates": [ -71.24412, -32.87886 ] } },
{ "type": "Feature", "properties": { "Nemonico OC": "QLLT", "tipo": "SW", "id_emplazamiento": 550103, "nombre_emplazamiento": "QUILLOTA", "id_nodo": 385, "nombre_nodo": "QUIL72-HUAWEI", "Longitud": -71.24412, "Latitud": -32.87886, "title_nodo": null }, "geometry": { "type": "Point", "coordinates": [ -71.24412, -32.87886 ] } },
{ "type": "Feature", "properties": { "Nemonico OC": "QLLT", "tipo": "SW", "id_emplazamiento": 550103, "nombre_emplazamiento": "QUILLOTA", "id_nodo": 608, "nombre_nodo": "QUIL73-HUAWEI", "Longitud": -71.24412, "Latitud": -32.87886, "title_nodo": null }, "geometry": { "type": "Point", "coordinates": [ -71.24412, -32.87886 ] } },
{ "type": "Feature", "properties": { "Nemonico OC": "QLLT", "tipo": "SW", "id_emplazamiento": 550103, "nombre_emplazamiento": "QUILLOTA", "id_nodo": 747, "nombre_nodo": "QUIL74-HUAWEI", "Longitud": -71.24412, "Latitud": -32.87886, "title_nodo": null }, "geometry": { "type": "Point", "coordinates": [ -71.24412, -32.87886 ] } },
{ "type": "Feature", "properties": { "Nemonico OC": "QLLT", "tipo": "SW", "id_emplazamiento": 550103, "nombre_emplazamiento": "QUILLOTA", "id_nodo": 933, "nombre_nodo": "QUIL75-HUAWEI", "Longitud": -71.24412, "Latitud": -32.87886, "title_nodo": null }, "geometry": { "type": "Point", "coordinates": [ -71.24412, -32.87886 ] } },
{ "type": "Feature", "properties": { "Nemonico OC": "QLLT", "tipo": "SW", "id_emplazamiento": 550103, "nombre_emplazamiento": "QUILLOTA", "id_nodo": 1009, "nombre_nodo": "QUIL76-HUAWEI", "Longitud": -71.24412, "Latitud": -32.87886, "title_nodo": null }, "geometry": { "type": "Point", "coordinates": [ -71.24412, -32.87886 ] } },
{ "type": "Feature", "properties": { "Nemonico OC": "QLLT", "tipo": "SW", "id_emplazamiento": 550103, "nombre_emplazamiento": "QUILLOTA", "id_nodo": 1308, "nombre_nodo": "QUIL77-HUAWEI", "Longitud": -71.24412, "Latitud": -32.87886, "title_nodo": null }, "geometry": { "type": "Point", "coordinates": [ -71.24412, -32.87886 ] } },
{ "type": "Feature", "properties": { "Nemonico OC": "LSE1", "tipo": "SW", "id_emplazamiento": 410101, "nombre_emplazamiento": "LA SERENA II", "id_nodo": 1624, "nombre_nodo": "OLT-LSE1-3", "Longitud": -71.25206, "Latitud": -29.90359, "title_nodo": "LSE1_ OLT_3" }, "geometry": { "type": "Point", "coordinates": [ -71.25206, -29.90359 ] } },
{ "type": "Feature", "properties": { "Nemonico OC": "LSE1", "tipo": "SW", "id_emplazamiento": 410101, "nombre_emplazamiento": "LA SERENA II", "id_nodo": 1383, "nombre_nodo": "OLT-LSE1-5", "Longitud": -71.25206, "Latitud": -29.90359, "title_nodo": "LSE1-5- OLT" }, "geometry": { "type": "Point", "coordinates": [ -71.25206, -29.90359 ] } },
{ "type": "Feature", "properties": { "Nemonico OC": "LSE1", "tipo": "SW", "id_emplazamiento": 410101, "nombre_emplazamiento": "LA SERENA II", "id_nodo": 1240, "nombre_nodo": "OLT-LSE1-6", "Longitud": -71.25206, "Latitud": -29.90359, "title_nodo": "LSE1-6- OLT" }, "geometry": { "type": "Point", "coordinates": [ -71.25206, -29.90359 ] } },
{ "type": "Feature", "properties": { "Nemonico OC": "LSE1", "tipo": "SW", "id_emplazamiento": 410101, "nombre_emplazamiento": "LA SERENA II", "id_nodo": 1333, "nombre_nodo": "OLT-LSE1-7", "Longitud": -71.25206, "Latitud": -29.90359, "title_nodo": "LSE1-6- OLT" }, "geometry": { "type": "Point", "coordinates": [ -71.25206, -29.90359 ] } },
{ "type": "Feature", "properties": { "Nemonico OC": "LSE1", "tipo": "SW", "id_emplazamiento": 410101, "nombre_emplazamiento": "LA SERENA II", "id_nodo": 1067, "nombre_nodo": "LSER01-PE40", "Longitud": -71.25206, "Latitud": -29.90359, "title_nodo": "PE40LSER01" }, "geometry": { "type": "Point", "coordinates": [ -71.25206, -29.90359 ] } },
{ "type": "Feature", "properties": { "Nemonico OC": "LSE1", "tipo": "SW", "id_emplazamiento": 410101, "nombre_emplazamiento": "LA SERENA II", "id_nodo": 1601, "nombre_nodo": "LSER02-PE40-L", "Longitud": -71.25206, "Latitud": -29.90359, "title_nodo": "PE40LSER02-L" }, "geometry": { "type": "Point", "coordinates": [ -71.25206, -29.90359 ] } },
{ "type": "Feature", "properties": { "Nemonico OC": "LSE1", "tipo": "SW", "id_emplazamiento": 410101, "nombre_emplazamiento": "LA SERENA II", "id_nodo": 113, "nombre_nodo": "LSER01-SW3750", "Longitud": -71.25206, "Latitud": -29.90359, "title_nodo": "SW37LSER01" }, "geometry": { "type": "Point", "coordinates": [ -71.25206, -29.90359 ] } },
{ "type": "Feature", "properties": { "Nemonico OC": "LSE1", "tipo": "SW", "id_emplazamiento": 410101, "nombre_emplazamiento": "LA SERENA II", "id_nodo": 176, "nombre_nodo": "LSER02-SW3750", "Longitud": -71.25206, "Latitud": -29.90359, "title_nodo": "SW37LSER02" }, "geometry": { "type": "Point", "coordinates": [ -71.25206, -29.90359 ] } },
{ "type": "Feature", "properties": { "Nemonico OC": "LSE1", "tipo": "SW", "id_emplazamiento": 410101, "nombre_emplazamiento": "LA SERENA II", "id_nodo": 24, "nombre_nodo": "LSER03-SW3750", "Longitud": -71.25206, "Latitud": -29.90359, "title_nodo": "SW37LSER03" }, "geometry": { "type": "Point", "coordinates": [ -71.25206, -29.90359 ] } },
{ "type": "Feature", "properties": { "Nemonico OC": "LSE1", "tipo": "SW", "id_emplazamiento": 410101, "nombre_emplazamiento": "LA SERENA II", "id_nodo": 425, "nombre_nodo": "LSER01-SW40E", "Longitud": -71.25206, "Latitud": -29.90359, "title_nodo": "SW40LSER01" }, "geometry": { "type": "Point", "coordinates": [ -71.25206, -29.90359 ] } },
{ "type": "Feature", "properties": { "Nemonico OC": "LSE1", "tipo": "SW", "id_emplazamiento": 410101, "nombre_emplazamiento": "LA SERENA II", "id_nodo": 271, "nombre_nodo": "LSER01-SW6524", "Longitud": -71.25206, "Latitud": -29.90359, "title_nodo": "SW65LSER01" }, "geometry": { "type": "Point", "coordinates": [ -71.25206, -29.90359 ] } },
{ "type": "Feature", "properties": { "Nemonico OC": "LSE1", "tipo": "SW", "id_emplazamiento": 410101, "nombre_emplazamiento": "LA SERENA II", "id_nodo": 618, "nombre_nodo": "LSER02-SW9303", "Longitud": -71.25206, "Latitud": -29.90359, "title_nodo": "SW93LSER02" }, "geometry": { "type": "Point", "coordinates": [ -71.25206, -29.90359 ] } },
{ "type": "Feature", "properties": { "Nemonico OC": "LSE1", "tipo": "SW", "id_emplazamiento": 410101, "nombre_emplazamiento": "LA SERENA II", "id_nodo": 808, "nombre_nodo": "LSER03-SW9303", "Longitud": -71.25206, "Latitud": -29.90359, "title_nodo": "SW93LSER03" }, "geometry": { "type": "Point", "coordinates": [ -71.25206, -29.90359 ] } },
{ "type": "Feature", "properties": { "Nemonico OC": "LSE1", "tipo": "SW", "id_emplazamiento": 410101, "nombre_emplazamiento": "LA SERENA II", "id_nodo": 878, "nombre_nodo": "LSER04-SW9303", "Longitud": -71.25206, "Latitud": -29.90359, "title_nodo": "SW93LSER04" }, "geometry": { "type": "Point", "coordinates": [ -71.25206, -29.90359 ] } },
{ "type": "Feature", "properties": { "Nemonico OC": "LSE1", "tipo": "PE", "id_emplazamiento": 410101, "nombre_emplazamiento": "LA SERENA II", "id_nodo": 150, "nombre_nodo": "LA SERENA - NB76LSER02", "Longitud": -71.25206, "Latitud": -29.90359, "title_nodo": null }, "geometry": { "type": "Point", "coordinates": [ -71.25206, -29.90359 ] } },
{ "type": "Feature", "properties": { "Nemonico OC": "LSE1", "tipo": "PE", "id_emplazamiento": 410101, "nombre_emplazamiento": "LA SERENA II", "id_nodo": 63, "nombre_nodo": "LA SERENA - PE06LSER01 (Cerrado)", "Longitud": -71.25206, "Latitud": -29.90359, "title_nodo": null }, "geometry": { "type": "Point", "coordinates": [ -71.25206, -29.90359 ] } },
{ "type": "Feature", "properties": { "Nemonico OC": "LSE1", "tipo": "PE", "id_emplazamiento": 410101, "nombre_emplazamiento": "LA SERENA II", "id_nodo": 50, "nombre_nodo": "LA SERENA - PE06LSER02 (Cerrado)", "Longitud": -71.25206, "Latitud": -29.90359, "title_nodo": null }, "geometry": { "type": "Point", "coordinates": [ -71.25206, -29.90359 ] } },
{ "type": "Feature", "properties": { "Nemonico OC": "LSE1", "tipo": "PE", "id_emplazamiento": 410101, "nombre_emplazamiento": "LA SERENA II", "id_nodo": 179, "nombre_nodo": "LA SERENA - PE10LSER01 (Cerrado)", "Longitud": -71.25206, "Latitud": -29.90359, "title_nodo": null }, "geometry": { "type": "Point", "coordinates": [ -71.25206, -29.90359 ] } },
{ "type": "Feature", "properties": { "Nemonico OC": "LSE1", "tipo": "PE", "id_emplazamiento": 410101, "nombre_emplazamiento": "LA SERENA II", "id_nodo": 238, "nombre_nodo": "LA SERENA - PE10LSER02 (Cerrado)", "Longitud": -71.25206, "Latitud": -29.90359, "title_nodo": null }, "geometry": { "type": "Point", "coordinates": [ -71.25206, -29.90359 ] } },
{ "type": "Feature", "properties": { "Nemonico OC": "LSE1", "tipo": "PE", "id_emplazamiento": 410101, "nombre_emplazamiento": "LA SERENA II", "id_nodo": 294, "nombre_nodo": "LA SERENA - PE480LSER01", "Longitud": -71.25206, "Latitud": -29.90359, "title_nodo": null }, "geometry": { "type": "Point", "coordinates": [ -71.25206, -29.90359 ] } },
{ "type": "Feature", "properties": { "Nemonico OC": "LSE1", "tipo": "PE", "id_emplazamiento": 410101, "nombre_emplazamiento": "LA SERENA II", "id_nodo": 101, "nombre_nodo": "LA SERENA - PE76LSER01", "Longitud": -71.25206, "Latitud": -29.90359, "title_nodo": null }, "geometry": { "type": "Point", "coordinates": [ -71.25206, -29.90359 ] } },
{ "type": "Feature", "properties": { "Nemonico OC": "LSE1", "tipo": "PE", "id_emplazamiento": 410101, "nombre_emplazamiento": "LA SERENA II", "id_nodo": 252, "nombre_nodo": "LA SERENA - PE76QLSR01 (ELIMINADO)", "Longitud": -71.25206, "Latitud": -29.90359, "title_nodo": null }, "geometry": { "type": "Point", "coordinates": [ -71.25206, -29.90359 ] } },
{ "type": "Feature", "properties": { "Nemonico OC": "LSE1", "tipo": "SW", "id_emplazamiento": 410101, "nombre_emplazamiento": "LA SERENA II", "id_nodo": 135, "nombre_nodo": "LSER69-HUAWEI", "Longitud": -71.25206, "Latitud": -29.90359, "title_nodo": null }, "geometry": { "type": "Point", "coordinates": [ -71.25206, -29.90359 ] } },
{ "type": "Feature", "properties": { "Nemonico OC": "LSE1", "tipo": "SW", "id_emplazamiento": 410101, "nombre_emplazamiento": "LA SERENA II", "id_nodo": 297, "nombre_nodo": "LSER70-HUAWEI", "Longitud": -71.25206, "Latitud": -29.90359, "title_nodo": null }, "geometry": { "type": "Point", "coordinates": [ -71.25206, -29.90359 ] } },
{ "type": "Feature", "properties": { "Nemonico OC": "LSE1", "tipo": "SW", "id_emplazamiento": 410101, "nombre_emplazamiento": "LA SERENA II", "id_nodo": 395, "nombre_nodo": "LSER71-HUAWEI", "Longitud": -71.25206, "Latitud": -29.90359, "title_nodo": null }, "geometry": { "type": "Point", "coordinates": [ -71.25206, -29.90359 ] } },
{ "type": "Feature", "properties": { "Nemonico OC": "LSE1", "tipo": "SW", "id_emplazamiento": 410101, "nombre_emplazamiento": "LA SERENA II", "id_nodo": 423, "nombre_nodo": "LSER72-HUAWEI", "Longitud": -71.25206, "Latitud": -29.90359, "title_nodo": null }, "geometry": { "type": "Point", "coordinates": [ -71.25206, -29.90359 ] } },
{ "type": "Feature", "properties": { "Nemonico OC": "LSE1", "tipo": "SW", "id_emplazamiento": 410101, "nombre_emplazamiento": "LA SERENA II", "id_nodo": 449, "nombre_nodo": "LSER73-HUAWEI", "Longitud": -71.25206, "Latitud": -29.90359, "title_nodo": null }, "geometry": { "type": "Point", "coordinates": [ -71.25206, -29.90359 ] } },
{ "type": "Feature", "properties": { "Nemonico OC": "LSE1", "tipo": "SW", "id_emplazamiento": 410101, "nombre_emplazamiento": "LA SERENA II", "id_nodo": 578, "nombre_nodo": "LSER74-HUAWEI", "Longitud": -71.25206, "Latitud": -29.90359, "title_nodo": null }, "geometry": { "type": "Point", "coordinates": [ -71.25206, -29.90359 ] } },
{ "type": "Feature", "properties": { "Nemonico OC": "LSE1", "tipo": "SW", "id_emplazamiento": 410101, "nombre_emplazamiento": "LA SERENA II", "id_nodo": 758, "nombre_nodo": "LSER75-HUAWEI", "Longitud": -71.25206, "Latitud": -29.90359, "title_nodo": null }, "geometry": { "type": "Point", "coordinates": [ -71.25206, -29.90359 ] } },
{ "type": "Feature", "properties": { "Nemonico OC": "LSE1", "tipo": "SW", "id_emplazamiento": 410101, "nombre_emplazamiento": "LA SERENA II", "id_nodo": 952, "nombre_nodo": "LSER76-HUAWEI", "Longitud": -71.25206, "Latitud": -29.90359, "title_nodo": null }, "geometry": { "type": "Point", "coordinates": [ -71.25206, -29.90359 ] } },
{ "type": "Feature", "properties": { "Nemonico OC": "LSE1", "tipo": "SW", "id_emplazamiento": 410101, "nombre_emplazamiento": "LA SERENA II", "id_nodo": 988, "nombre_nodo": "LSER77-HUAWEI", "Longitud": -71.25206, "Latitud": -29.90359, "title_nodo": null }, "geometry": { "type": "Point", "coordinates": [ -71.25206, -29.90359 ] } },
{ "type": "Feature", "properties": { "Nemonico OC": "LSE1", "tipo": "SW", "id_emplazamiento": 410101, "nombre_emplazamiento": "LA SERENA II", "id_nodo": 1016, "nombre_nodo": "LSER78-HUAWEI", "Longitud": -71.25206, "Latitud": -29.90359, "title_nodo": null }, "geometry": { "type": "Point", "coordinates": [ -71.25206, -29.90359 ] } },
{ "type": "Feature", "properties": { "Nemonico OC": "CESQ", "tipo": "SW", "id_emplazamiento": 410108, "nombre_emplazamiento": "CUATRO ESQUINAS", "id_nodo": 452, "nombre_nodo": "CESQ01-SW40E", "Longitud": -71.25517, "Latitud": -29.93546, "title_nodo": "SW40CESQ01" }, "geometry": { "type": "Point", "coordinates": [ -71.25517, -29.93546 ] } },
{ "type": "Feature", "properties": { "Nemonico OC": "CESQ", "tipo": "SW", "id_emplazamiento": 410108, "nombre_emplazamiento": "CUATRO ESQUINAS", "id_nodo": 938, "nombre_nodo": "CESQ01-SW9303", "Longitud": -71.25517, "Latitud": -29.93546, "title_nodo": "SW93CESQ01" }, "geometry": { "type": "Point", "coordinates": [ -71.25517, -29.93546 ] } },
{ "type": "Feature", "properties": { "Nemonico OC": "CESQ", "tipo": "SW", "id_emplazamiento": 410108, "nombre_emplazamiento": "CUATRO ESQUINAS", "id_nodo": 1202, "nombre_nodo": "CESQ69-HUAWEI", "Longitud": -71.25517, "Latitud": -29.93546, "title_nodo": null }, "geometry": { "type": "Point", "coordinates": [ -71.25517, -29.93546 ] } },
{ "type": "Feature", "properties": { "Nemonico OC": "PUNI", "tipo": "PE", "id_emplazamiento": 430401, "nombre_emplazamiento": "PUNITAQUI", "id_nodo": 496, "nombre_nodo": "PUNITAQUE - PE80PUNI01-L", "Longitud": -71.25752, "Latitud": -30.83393, "title_nodo": null }, "geometry": { "type": "Point", "coordinates": [ -71.25752, -30.83393 ] } },
{ "type": "Feature", "properties": { "Nemonico OC": "LSE3", "tipo": "SW", "id_emplazamiento": 410102, "nombre_emplazamiento": "LA SERENA III", "id_nodo": 1093, "nombre_nodo": "OLT-LSE3-4", "Longitud": -71.26743, "Latitud": -29.95536, "title_nodo": "LSE3_OLT_4" }, "geometry": { "type": "Point", "coordinates": [ -71.26743, -29.95536 ] } },
{ "type": "Feature", "properties": { "Nemonico OC": "LSE3", "tipo": "SW", "id_emplazamiento": 410102, "nombre_emplazamiento": "LA SERENA III", "id_nodo": 1357, "nombre_nodo": "OLT-LSE3-5", "Longitud": -71.26743, "Latitud": -29.95536, "title_nodo": "LSE3_OLT_5" }, "geometry": { "type": "Point", "coordinates": [ -71.26743, -29.95536 ] } },
{ "type": "Feature", "properties": { "Nemonico OC": "LSE3", "tipo": "SW", "id_emplazamiento": 410102, "nombre_emplazamiento": "LA SERENA III", "id_nodo": 1382, "nombre_nodo": "OLT-LSE3-7", "Longitud": -71.26743, "Latitud": -29.95536, "title_nodo": "LSE3_OLT_7" }, "geometry": { "type": "Point", "coordinates": [ -71.26743, -29.95536 ] } },
{ "type": "Feature", "properties": { "Nemonico OC": "LSE3", "tipo": "SW", "id_emplazamiento": 410102, "nombre_emplazamiento": "LA SERENA III", "id_nodo": 1803, "nombre_nodo": "OLT-LSE3-8", "Longitud": -71.26743, "Latitud": -29.95536, "title_nodo": "LSE3_OLT_8" }, "geometry": { "type": "Point", "coordinates": [ -71.26743, -29.95536 ] } },
{ "type": "Feature", "properties": { "Nemonico OC": "LSE3", "tipo": "SW", "id_emplazamiento": 410102, "nombre_emplazamiento": "LA SERENA III", "id_nodo": 1078, "nombre_nodo": "LSER31-PE40", "Longitud": -71.26743, "Latitud": -29.95536, "title_nodo": "PE40LSER31" }, "geometry": { "type": "Point", "coordinates": [ -71.26743, -29.95536 ] } },
{ "type": "Feature", "properties": { "Nemonico OC": "LSE3", "tipo": "SW", "id_emplazamiento": 410102, "nombre_emplazamiento": "LA SERENA III", "id_nodo": 294, "nombre_nodo": "LSE301-SW6524", "Longitud": -71.26743, "Latitud": -29.95536, "title_nodo": "SW65LSER301" }, "geometry": { "type": "Point", "coordinates": [ -71.26743, -29.95536 ] } },
{ "type": "Feature", "properties": { "Nemonico OC": "LSE3", "tipo": "SW", "id_emplazamiento": 410102, "nombre_emplazamiento": "LA SERENA III", "id_nodo": 619, "nombre_nodo": "LSER31-SW9303", "Longitud": -71.26743, "Latitud": -29.95536, "title_nodo": "SW93LSER31" }, "geometry": { "type": "Point", "coordinates": [ -71.26743, -29.95536 ] } },
{ "type": "Feature", "properties": { "Nemonico OC": "LSE3", "tipo": "SW", "id_emplazamiento": 410102, "nombre_emplazamiento": "LA SERENA III", "id_nodo": 761, "nombre_nodo": "LSER32-SW9303", "Longitud": -71.26743, "Latitud": -29.95536, "title_nodo": "SW93LSER32" }, "geometry": { "type": "Point", "coordinates": [ -71.26743, -29.95536 ] } },
{ "type": "Feature", "properties": { "Nemonico OC": "LSE3", "tipo": "PE", "id_emplazamiento": 410102, "nombre_emplazamiento": "LA SERENA III", "id_nodo": 384, "nombre_nodo": "LA SERENA - NB40LSER31", "Longitud": -71.26743, "Latitud": -29.95536, "title_nodo": null }, "geometry": { "type": "Point", "coordinates": [ -71.26743, -29.95536 ] } },
{ "type": "Feature", "properties": { "Nemonico OC": "LSE3", "tipo": "PE", "id_emplazamiento": 410102, "nombre_emplazamiento": "LA SERENA III", "id_nodo": 290, "nombre_nodo": "LA SERENA - PE480LSER31", "Longitud": -71.26743, "Latitud": -29.95536, "title_nodo": null }, "geometry": { "type": "Point", "coordinates": [ -71.26743, -29.95536 ] } },
{ "type": "Feature", "properties": { "Nemonico OC": "LSE3", "tipo": "PE", "id_emplazamiento": 410102, "nombre_emplazamiento": "LA SERENA III", "id_nodo": 374, "nombre_nodo": "LA SERENA - PE96LSER31 HL4 (CLI DIR)", "Longitud": -71.26743, "Latitud": -29.95536, "title_nodo": null }, "geometry": { "type": "Point", "coordinates": [ -71.26743, -29.95536 ] } },
{ "type": "Feature", "properties": { "Nemonico OC": "LSE3", "tipo": "SW", "id_emplazamiento": 410102, "nombre_emplazamiento": "LA SERENA III", "id_nodo": 1515, "nombre_nodo": "LSER69-HUAWEI", "Longitud": -71.26743, "Latitud": -29.95536, "title_nodo": null }, "geometry": { "type": "Point", "coordinates": [ -71.26743, -29.95536 ] } },
{ "type": "Feature", "properties": { "Nemonico OC": "LIMA", "tipo": "SW", "id_emplazamiento": 550501, "nombre_emplazamiento": "LIMACHE II", "id_nodo": 849, "nombre_nodo": "LIMA01-SW9303", "Longitud": -71.2676, "Latitud": -33.00134, "title_nodo": "SW93LIMA01" }, "geometry": { "type": "Point", "coordinates": [ -71.2676, -33.00134 ] } },
{ "type": "Feature", "properties": { "Nemonico OC": "LIMA", "tipo": "PE", "id_emplazamiento": 550501, "nombre_emplazamiento": "LIMACHE II", "id_nodo": 430, "nombre_nodo": "LIMACHE - PE80LIMA01-L", "Longitud": -71.2676, "Latitud": -33.00134, "title_nodo": null }, "geometry": { "type": "Point", "coordinates": [ -71.2676, -33.00134 ] } },
{ "type": "Feature", "properties": { "Nemonico OC": "LIMA", "tipo": "SW", "id_emplazamiento": 550501, "nombre_emplazamiento": "LIMACHE II", "id_nodo": 1538, "nombre_nodo": "OLT-LIMA01", "Longitud": -71.2676, "Latitud": -33.00134, "title_nodo": null }, "geometry": { "type": "Point", "coordinates": [ -71.2676, -33.00134 ] } },
{ "type": "Feature", "properties": { "Nemonico OC": "MLNA", "tipo": "SW", "id_emplazamiento": 730402, "nombre_emplazamiento": "MOLINA", "id_nodo": 1656, "nombre_nodo": "OLT-MLNA-1", "Longitud": -71.27874, "Latitud": -35.11357, "title_nodo": "MLNA_OLT_1" }, "geometry": { "type": "Point", "coordinates": [ -71.27874, -35.11357 ] } },
{ "type": "Feature", "properties": { "Nemonico OC": "MLNA", "tipo": "PE", "id_emplazamiento": 730402, "nombre_emplazamiento": "MOLINA", "id_nodo": 331, "nombre_nodo": "MOLINA - PE96MOLI01 HL4 (CLI DIR)", "Longitud": -71.27874, "Latitud": -35.11357, "title_nodo": null }, "geometry": { "type": "Point", "coordinates": [ -71.27874, -35.11357 ] } },
{ "type": "Feature", "properties": { "Nemonico OC": "EAMA", "tipo": "SW", "id_emplazamiento": 410205, "nombre_emplazamiento": "EL AMANECER", "id_nodo": 450, "nombre_nodo": "EAMA01-SW40E", "Longitud": -71.3035, "Latitud": -29.97067, "title_nodo": "SW40EAMA01" }, "geometry": { "type": "Point", "coordinates": [ -71.3035, -29.97067 ] } },
{ "type": "Feature", "properties": { "Nemonico OC": "EAMA", "tipo": "SW", "id_emplazamiento": 410205, "nombre_emplazamiento": "EL AMANECER", "id_nodo": 760, "nombre_nodo": "EAMA01-SW9303", "Longitud": -71.3035, "Latitud": -29.97067, "title_nodo": "SW93EAMA01" }, "geometry": { "type": "Point", "coordinates": [ -71.3035, -29.97067 ] } },
{ "type": "Feature", "properties": { "Nemonico OC": "COQU", "tipo": "SW", "id_emplazamiento": 410203, "nombre_emplazamiento": "COQUIMBO", "id_nodo": 1075, "nombre_nodo": "CQBO01-PE40", "Longitud": -71.34003, "Latitud": -29.9584, "title_nodo": "PE40CQBO01" }, "geometry": { "type": "Point", "coordinates": [ -71.34003, -29.9584 ] } },
{ "type": "Feature", "properties": { "Nemonico OC": "COQU", "tipo": "SW", "id_emplazamiento": 410203, "nombre_emplazamiento": "COQUIMBO", "id_nodo": 278, "nombre_nodo": "CQBO01-SW3424", "Longitud": -71.34003, "Latitud": -29.9584, "title_nodo": "SW34CQBO01" }, "geometry": { "type": "Point", "coordinates": [ -71.34003, -29.9584 ] } },
{ "type": "Feature", "properties": { "Nemonico OC": "COQU", "tipo": "SW", "id_emplazamiento": 410203, "nombre_emplazamiento": "COQUIMBO", "id_nodo": 277, "nombre_nodo": "CQBO01-SW6524", "Longitud": -71.34003, "Latitud": -29.9584, "title_nodo": "SW65CQBO01" }, "geometry": { "type": "Point", "coordinates": [ -71.34003, -29.9584 ] } },
{ "type": "Feature", "properties": { "Nemonico OC": "COQU", "tipo": "SW", "id_emplazamiento": 410203, "nombre_emplazamiento": "COQUIMBO", "id_nodo": 680, "nombre_nodo": "CQBO01-SW9303", "Longitud": -71.34003, "Latitud": -29.9584, "title_nodo": "SW93CQBO01" }, "geometry": { "type": "Point", "coordinates": [ -71.34003, -29.9584 ] } },
{ "type": "Feature", "properties": { "Nemonico OC": "COQU", "tipo": "SW", "id_emplazamiento": 410203, "nombre_emplazamiento": "COQUIMBO", "id_nodo": 809, "nombre_nodo": "CQBO02-SW9303", "Longitud": -71.34003, "Latitud": -29.9584, "title_nodo": "SW93CQBO02" }, "geometry": { "type": "Point", "coordinates": [ -71.34003, -29.9584 ] } },
{ "type": "Feature", "properties": { "Nemonico OC": "COQU", "tipo": "SW", "id_emplazamiento": 410203, "nombre_emplazamiento": "COQUIMBO", "id_nodo": 1432, "nombre_nodo": "OLT-COQU-1", "Longitud": -71.34003, "Latitud": -29.9584, "title_nodo": null }, "geometry": { "type": "Point", "coordinates": [ -71.34003, -29.9584 ] } },
{ "type": "Feature", "properties": { "Nemonico OC": "COQU", "tipo": "SW", "id_emplazamiento": 410203, "nombre_emplazamiento": "COQUIMBO", "id_nodo": 1735, "nombre_nodo": "OLT-COQU-2", "Longitud": -71.34003, "Latitud": -29.9584, "title_nodo": null }, "geometry": { "type": "Point", "coordinates": [ -71.34003, -29.9584 ] } },
{ "type": "Feature", "properties": { "Nemonico OC": "COQU", "tipo": "SW", "id_emplazamiento": 410203, "nombre_emplazamiento": "COQUIMBO", "id_nodo": 1336, "nombre_nodo": "OLT-COQU-3", "Longitud": -71.34003, "Latitud": -29.9584, "title_nodo": null }, "geometry": { "type": "Point", "coordinates": [ -71.34003, -29.9584 ] } },
{ "type": "Feature", "properties": { "Nemonico OC": "COQU", "tipo": "SW", "id_emplazamiento": 410203, "nombre_emplazamiento": "COQUIMBO", "id_nodo": 491, "nombre_nodo": "CQBO69-HUAWEI", "Longitud": -71.34003, "Latitud": -29.9584, "title_nodo": null }, "geometry": { "type": "Point", "coordinates": [ -71.34003, -29.9584 ] } },
{ "type": "Feature", "properties": { "Nemonico OC": "LHRR", "tipo": "SW", "id_emplazamiento": 410202, "nombre_emplazamiento": "LA HERRADURA", "id_nodo": 762, "nombre_nodo": "HERR01-SW9303", "Longitud": -71.34115, "Latitud": -29.97871, "title_nodo": "SW93HERR01" }, "geometry": { "type": "Point", "coordinates": [ -71.34115, -29.97871 ] } },
{ "type": "Feature", "properties": { "Nemonico OC": "LHRR", "tipo": "PE", "id_emplazamiento": 410202, "nombre_emplazamiento": "LA HERRADURA", "id_nodo": 428, "nombre_nodo": "LA HERRADURA - PE204HERR01-L HL4 (CLI DIR)", "Longitud": -71.34115, "Latitud": -29.97871, "title_nodo": null }, "geometry": { "type": "Point", "coordinates": [ -71.34115, -29.97871 ] } },
{ "type": "Feature", "properties": { "Nemonico OC": "LHRR", "tipo": "SW", "id_emplazamiento": 410202, "nombre_emplazamiento": "LA HERRADURA", "id_nodo": 1091, "nombre_nodo": "HERR69-HUAWEI", "Longitud": -71.34115, "Latitud": -29.97871, "title_nodo": null }, "geometry": { "type": "Point", "coordinates": [ -71.34115, -29.97871 ] } },
{ "type": "Feature", "properties": { "Nemonico OC": "SCRU", "tipo": "SW", "id_emplazamiento": 631001, "nombre_emplazamiento": "SANTA CRUZ", "id_nodo": 1186, "nombre_nodo": "SCRZ01-PE40", "Longitud": -71.36396, "Latitud": -34.63832, "title_nodo": "PE40SCRZ01" }, "geometry": { "type": "Point", "coordinates": [ -71.36396, -34.63832 ] } },
{ "type": "Feature", "properties": { "Nemonico OC": "SCRU", "tipo": "SW", "id_emplazamiento": 631001, "nombre_emplazamiento": "SANTA CRUZ", "id_nodo": 571, "nombre_nodo": "SCRZ01-SW9303", "Longitud": -71.36396, "Latitud": -34.63832, "title_nodo": "SW93SCRZ01" }, "geometry": { "type": "Point", "coordinates": [ -71.36396, -34.63832 ] } },
{ "type": "Feature", "properties": { "Nemonico OC": "SCRU", "tipo": "SW", "id_emplazamiento": 631001, "nombre_emplazamiento": "SANTA CRUZ", "id_nodo": 1359, "nombre_nodo": "OLT-SCRU-1", "Longitud": -71.36396, "Latitud": -34.63832, "title_nodo": null }, "geometry": { "type": "Point", "coordinates": [ -71.36396, -34.63832 ] } },
{ "type": "Feature", "properties": { "Nemonico OC": "SCRU", "tipo": "SW", "id_emplazamiento": 631001, "nombre_emplazamiento": "SANTA CRUZ", "id_nodo": 656, "nombre_nodo": "SCRZ69-HUAWEI", "Longitud": -71.36396, "Latitud": -34.63832, "title_nodo": null }, "geometry": { "type": "Point", "coordinates": [ -71.36396, -34.63832 ] } },
{ "type": "Feature", "properties": { "Nemonico OC": "SCRU", "tipo": "SW", "id_emplazamiento": 631001, "nombre_emplazamiento": "SANTA CRUZ", "id_nodo": 918, "nombre_nodo": "SCRZ70-HUAWEI", "Longitud": -71.36396, "Latitud": -34.63832, "title_nodo": null }, "geometry": { "type": "Point", "coordinates": [ -71.36396, -34.63832 ] } },
{ "type": "Feature", "properties": { "Nemonico OC": "SCRU", "tipo": "SW", "id_emplazamiento": 631001, "nombre_emplazamiento": "SANTA CRUZ", "id_nodo": 1305, "nombre_nodo": "SCRZ71-HUAWEI", "Longitud": -71.36396, "Latitud": -34.63832, "title_nodo": null }, "geometry": { "type": "Point", "coordinates": [ -71.36396, -34.63832 ] } },
{ "type": "Feature", "properties": { "Nemonico OC": "LTAC", "tipo": "PE", "id_emplazamiento": 410204, "nombre_emplazamiento": "LAS TACAS", "id_nodo": 429, "nombre_nodo": "LAS TACAS - PE204LTAC01-L HL4 (CLI DIR)", "Longitud": -71.36756, "Latitud": -30.08505, "title_nodo": null }, "geometry": { "type": "Point", "coordinates": [ -71.36756, -30.08505 ] } },
{ "type": "Feature", "properties": { "Nemonico OC": "VALM", "tipo": "SW", "id_emplazamiento": 510801, "nombre_emplazamiento": "VILLA ALEMANA", "id_nodo": 848, "nombre_nodo": "VALE01-SW9303", "Longitud": -71.37249, "Latitud": -33.044, "title_nodo": "SW93VALE01" }, "geometry": { "type": "Point", "coordinates": [ -71.37249, -33.044 ] } },
{ "type": "Feature", "properties": { "Nemonico OC": "VALM", "tipo": "SW", "id_emplazamiento": 510801, "nombre_emplazamiento": "VILLA ALEMANA", "id_nodo": 1613, "nombre_nodo": "OLT-VALM-1", "Longitud": -71.37249, "Latitud": -33.044, "title_nodo": "VALM-1- OLT" }, "geometry": { "type": "Point", "coordinates": [ -71.37249, -33.044 ] } },
{ "type": "Feature", "properties": { "Nemonico OC": "VALM", "tipo": "PE", "id_emplazamiento": 510801, "nombre_emplazamiento": "VILLA ALEMANA", "id_nodo": 411, "nombre_nodo": "VILLA ALEMANA - PE204VALE01-L HL4 (CLI DIR)", "Longitud": -71.37249, "Latitud": -33.044, "title_nodo": null }, "geometry": { "type": "Point", "coordinates": [ -71.37249, -33.044 ] } },
{ "type": "Feature", "properties": { "Nemonico OC": "EBEL", "tipo": "SW", "id_emplazamiento": 510602, "nombre_emplazamiento": "EL BELLOTO", "id_nodo": 903, "nombre_nodo": "BELL01-SW9303", "Longitud": -71.40518, "Latitud": -33.04758, "title_nodo": "SW93BELL01" }, "geometry": { "type": "Point", "coordinates": [ -71.40518, -33.04758 ] } },
{ "type": "Feature", "properties": { "Nemonico OC": "GUAN", "tipo": "SW", "id_emplazamiento": 410201, "nombre_emplazamiento": "GUANAQUEROS", "id_nodo": 1645, "nombre_nodo": "OLT-GUAN-1", "Longitud": -71.42047, "Latitud": -30.19941, "title_nodo": "GUAN_OLT_1" }, "geometry": { "type": "Point", "coordinates": [ -71.42047, -30.19941 ] } },
{ "type": "Feature", "properties": { "Nemonico OC": "QLPU", "tipo": "SW", "id_emplazamiento": 510606, "nombre_emplazamiento": "QUILPUE", "id_nodo": 1076, "nombre_nodo": "QLPE01-PE40", "Longitud": -71.44307, "Latitud": -33.04847, "title_nodo": "PE40QLPE01" }, "geometry": { "type": "Point", "coordinates": [ -71.44307, -33.04847 ] } },
{ "type": "Feature", "properties": { "Nemonico OC": "QLPU", "tipo": "SW", "id_emplazamiento": 510606, "nombre_emplazamiento": "QUILPUE", "id_nodo": 1768, "nombre_nodo": "OLT-QLPU-1", "Longitud": -71.44307, "Latitud": -33.04847, "title_nodo": "QLPU_OLT_1" }, "geometry": { "type": "Point", "coordinates": [ -71.44307, -33.04847 ] } },
{ "type": "Feature", "properties": { "Nemonico OC": "QLPU", "tipo": "SW", "id_emplazamiento": 510606, "nombre_emplazamiento": "QUILPUE", "id_nodo": 1290, "nombre_nodo": "OLT-QLPU-3", "Longitud": -71.44307, "Latitud": -33.04847, "title_nodo": "QLPU_OLT_3" }, "geometry": { "type": "Point", "coordinates": [ -71.44307, -33.04847 ] } },
{ "type": "Feature", "properties": { "Nemonico OC": "QLPU", "tipo": "SW", "id_emplazamiento": 510606, "nombre_emplazamiento": "QUILPUE", "id_nodo": 1370, "nombre_nodo": "OLT-QLPU-4", "Longitud": -71.44307, "Latitud": -33.04847, "title_nodo": "QLPU_OLT_4" }, "geometry": { "type": "Point", "coordinates": [ -71.44307, -33.04847 ] } },
{ "type": "Feature", "properties": { "Nemonico OC": "QLPU", "tipo": "SW", "id_emplazamiento": 510606, "nombre_emplazamiento": "QUILPUE", "id_nodo": 1466, "nombre_nodo": "OLT-QLPU-5", "Longitud": -71.44307, "Latitud": -33.04847, "title_nodo": "QLPU_OLT_5" }, "geometry": { "type": "Point", "coordinates": [ -71.44307, -33.04847 ] } },
{ "type": "Feature", "properties": { "Nemonico OC": "QLPU", "tipo": "SW", "id_emplazamiento": 510606, "nombre_emplazamiento": "QUILPUE", "id_nodo": 1737, "nombre_nodo": "OLT-QLPU-6", "Longitud": -71.44307, "Latitud": -33.04847, "title_nodo": "QLPU_OLT_6" }, "geometry": { "type": "Point", "coordinates": [ -71.44307, -33.04847 ] } },
{ "type": "Feature", "properties": { "Nemonico OC": "QLPU", "tipo": "SW", "id_emplazamiento": 510606, "nombre_emplazamiento": "QUILPUE", "id_nodo": 235, "nombre_nodo": "QLPE01-SW6524", "Longitud": -71.44307, "Latitud": -33.04847, "title_nodo": "SW65QLPE01" }, "geometry": { "type": "Point", "coordinates": [ -71.44307, -33.04847 ] } },
{ "type": "Feature", "properties": { "Nemonico OC": "QLPU", "tipo": "SW", "id_emplazamiento": 510606, "nombre_emplazamiento": "QUILPUE", "id_nodo": 500, "nombre_nodo": "QLPE01-SW9303", "Longitud": -71.44307, "Latitud": -33.04847, "title_nodo": "SW93QLPE01" }, "geometry": { "type": "Point", "coordinates": [ -71.44307, -33.04847 ] } },
{ "type": "Feature", "properties": { "Nemonico OC": "QLPU", "tipo": "SW", "id_emplazamiento": 510606, "nombre_emplazamiento": "QUILPUE", "id_nodo": 943, "nombre_nodo": "QLPE02-SW9303", "Longitud": -71.44307, "Latitud": -33.04847, "title_nodo": "SW93QLPE02" }, "geometry": { "type": "Point", "coordinates": [ -71.44307, -33.04847 ] } },
{ "type": "Feature", "properties": { "Nemonico OC": "QLPU", "tipo": "SW", "id_emplazamiento": 510606, "nombre_emplazamiento": "QUILPUE", "id_nodo": 605, "nombre_nodo": "QLPE69-HUAWEI", "Longitud": -71.44307, "Latitud": -33.04847, "title_nodo": null }, "geometry": { "type": "Point", "coordinates": [ -71.44307, -33.04847 ] } },
{ "type": "Feature", "properties": { "Nemonico OC": "QLPU", "tipo": "SW", "id_emplazamiento": 510606, "nombre_emplazamiento": "QUILPUE", "id_nodo": 574, "nombre_nodo": "QLPE70-HUAWEI", "Longitud": -71.44307, "Latitud": -33.04847, "title_nodo": null }, "geometry": { "type": "Point", "coordinates": [ -71.44307, -33.04847 ] } },
{ "type": "Feature", "properties": { "Nemonico OC": "PAPU", "tipo": "SW", "id_emplazamiento": 540301, "nombre_emplazamiento": "PAPUDO", "id_nodo": 1682, "nombre_nodo": "OLT-PAPU-1", "Longitud": -71.44653, "Latitud": -32.50878, "title_nodo": "PAPU_OLT_1" }, "geometry": { "type": "Point", "coordinates": [ -71.44653, -32.50878 ] } },
{ "type": "Feature", "properties": { "Nemonico OC": "PAPU", "tipo": "PE", "id_emplazamiento": 540301, "nombre_emplazamiento": "PAPUDO", "id_nodo": 446, "nombre_nodo": "PAPUDO - PE80PAPU01-L", "Longitud": -71.44653, "Latitud": -32.50878, "title_nodo": null }, "geometry": { "type": "Point", "coordinates": [ -71.44653, -32.50878 ] } },
{ "type": "Feature", "properties": { "Nemonico OC": "CCHA", "tipo": "SW", "id_emplazamiento": 1111115, "nombre_emplazamiento": "CACHAGUA", "id_nodo": 1696, "nombre_nodo": "OLT-CCHA-1", "Longitud": -71.45151, "Latitud": -32.58028, "title_nodo": "CCHA_OLT_1" }, "geometry": { "type": "Point", "coordinates": [ -71.45151, -32.58028 ] } },
{ "type": "Feature", "properties": { "Nemonico OC": "CCHA", "tipo": "PE", "id_emplazamiento": 1111115, "nombre_emplazamiento": "CACHAGUA", "id_nodo": 443, "nombre_nodo": "CACHAGUA - PE204CCHA01-L HL4 (CLI DIR)", "Longitud": -71.45151, "Latitud": -32.58028, "title_nodo": null }, "geometry": { "type": "Point", "coordinates": [ -71.45151, -32.58028 ] } },
{ "type": "Feature", "properties": { "Nemonico OC": "SCLE", "tipo": "SW", "id_emplazamiento": 710902, "nombre_emplazamiento": "SAN CLEMENTE", "id_nodo": 1646, "nombre_nodo": "OLT-SCLE-1", "Longitud": -71.48449, "Latitud": -35.53532, "title_nodo": "SCLE_OLT_1" }, "geometry": { "type": "Point", "coordinates": [ -71.48449, -35.53532 ] } },
{ "type": "Feature", "properties": { "Nemonico OC": "SCLE", "tipo": "PE", "id_emplazamiento": 710902, "nombre_emplazamiento": "SAN CLEMENTE", "id_nodo": 497, "nombre_nodo": "SAN CLEMENTE - PE80SCLE01-L", "Longitud": -71.48449, "Latitud": -35.53532, "title_nodo": null }, "geometry": { "type": "Point", "coordinates": [ -71.48449, -35.53532 ] } },
{ "type": "Feature", "properties": { "Nemonico OC": "TONG", "tipo": "SW", "id_emplazamiento": 1111119, "nombre_emplazamiento": "TONGOY", "id_nodo": 1526, "nombre_nodo": "OLT-TONG-1", "Longitud": -71.49837, "Latitud": -30.25282, "title_nodo": "TONG-1- OLT" }, "geometry": { "type": "Point", "coordinates": [ -71.49837, -30.25282 ] } },
{ "type": "Feature", "properties": { "Nemonico OC": "LVIL", "tipo": "SW", "id_emplazamiento": 420301, "nombre_emplazamiento": "LOS VILOS", "id_nodo": 1503, "nombre_nodo": "OLT-LVIL-1", "Longitud": -71.50126, "Latitud": -31.91174, "title_nodo": "LVIL_OLT_1" }, "geometry": { "type": "Point", "coordinates": [ -71.50126, -31.91174 ] } },
{ "type": "Feature", "properties": { "Nemonico OC": "LVIL", "tipo": "PE", "id_emplazamiento": 420301, "nombre_emplazamiento": "LOS VILOS", "id_nodo": 398, "nombre_nodo": "LOS VILOS - PE96LVIL01 HL4 (CLI DIR)", "Longitud": -71.50126, "Latitud": -31.91174, "title_nodo": null }, "geometry": { "type": "Point", "coordinates": [ -71.50126, -31.91174 ] } },
{ "type": "Feature", "properties": { "Nemonico OC": "MIRA", "tipo": "SW", "id_emplazamiento": 510902, "nombre_emplazamiento": "MIRAFLORES", "id_nodo": 1643, "nombre_nodo": "OLT-MIRA-1", "Longitud": -71.51428, "Latitud": -33.02122, "title_nodo": "MIRA_OLT_1" }, "geometry": { "type": "Point", "coordinates": [ -71.51428, -33.02122 ] } },
{ "type": "Feature", "properties": { "Nemonico OC": "MIRA", "tipo": "SW", "id_emplazamiento": 510902, "nombre_emplazamiento": "MIRAFLORES", "id_nodo": 1230, "nombre_nodo": "MRFL01-PE40", "Longitud": -71.51428, "Latitud": -33.02122, "title_nodo": "PE40MRFL01" }, "geometry": { "type": "Point", "coordinates": [ -71.51428, -33.02122 ] } },
{ "type": "Feature", "properties": { "Nemonico OC": "MIRA", "tipo": "SW", "id_emplazamiento": 510902, "nombre_emplazamiento": "MIRAFLORES", "id_nodo": 241, "nombre_nodo": "MRFL01-SW6524", "Longitud": -71.51428, "Latitud": -33.02122, "title_nodo": "SW65MRFL01" }, "geometry": { "type": "Point", "coordinates": [ -71.51428, -33.02122 ] } },
{ "type": "Feature", "properties": { "Nemonico OC": "MIRA", "tipo": "SW", "id_emplazamiento": 510902, "nombre_emplazamiento": "MIRAFLORES", "id_nodo": 890, "nombre_nodo": "MRFL01-SW9303", "Longitud": -71.51428, "Latitud": -33.02122, "title_nodo": "SW93MRFL01" }, "geometry": { "type": "Point", "coordinates": [ -71.51428, -33.02122 ] } },
{ "type": "Feature", "properties": { "Nemonico OC": "GCAR", "tipo": "SW", "id_emplazamiento": 510915, "nombre_emplazamiento": "GOMEZ CARRENO", "id_nodo": 1467, "nombre_nodo": "OLT-GCAR-1", "Longitud": -71.51459, "Latitud": -33.00234, "title_nodo": "GCAR_OLT_1" }, "geometry": { "type": "Point", "coordinates": [ -71.51459, -33.00234 ] } },
{ "type": "Feature", "properties": { "Nemonico OC": "GCAR", "tipo": "SW", "id_emplazamiento": 510915, "nombre_emplazamiento": "GOMEZ CARRENO", "id_nodo": 1808, "nombre_nodo": "OLT-GCAR-2", "Longitud": -71.51459, "Latitud": -33.00234, "title_nodo": "GCAR_OLT_2" }, "geometry": { "type": "Point", "coordinates": [ -71.51459, -33.00234 ] } },
{ "type": "Feature", "properties": { "Nemonico OC": "GCAR", "tipo": "PE", "id_emplazamiento": 510915, "nombre_emplazamiento": "GOMEZ CARRENO", "id_nodo": 447, "nombre_nodo": "GOMEZ CARREÑO - PE80GCAR01-L", "Longitud": -71.51459, "Latitud": -33.00234, "title_nodo": null }, "geometry": { "type": "Point", "coordinates": [ -71.51459, -33.00234 ] } },
{ "type": "Feature", "properties": { "Nemonico OC": "CNCN", "tipo": "SW", "id_emplazamiento": 510303, "nombre_emplazamiento": "CONCON", "id_nodo": 1417, "nombre_nodo": "OLT-CNCN-2", "Longitud": -71.52148, "Latitud": -32.92537, "title_nodo": "CNCN_OLT_2" }, "geometry": { "type": "Point", "coordinates": [ -71.52148, -32.92537 ] } },
{ "type": "Feature", "properties": { "Nemonico OC": "CNCN", "tipo": "SW", "id_emplazamiento": 510303, "nombre_emplazamiento": "CONCON", "id_nodo": 1408, "nombre_nodo": "OLT-CNCN-5", "Longitud": -71.52148, "Latitud": -32.92537, "title_nodo": "CNCN_OLT_5" }, "geometry": { "type": "Point", "coordinates": [ -71.52148, -32.92537 ] } },
{ "type": "Feature", "properties": { "Nemonico OC": "CNCN", "tipo": "SW", "id_emplazamiento": 510303, "nombre_emplazamiento": "CONCON", "id_nodo": 1742, "nombre_nodo": "OLT-CNCN-6", "Longitud": -71.52148, "Latitud": -32.92537, "title_nodo": "CNCN_OLT_6" }, "geometry": { "type": "Point", "coordinates": [ -71.52148, -32.92537 ] } },
{ "type": "Feature", "properties": { "Nemonico OC": "CNCN", "tipo": "SW", "id_emplazamiento": 510303, "nombre_emplazamiento": "CONCON", "id_nodo": 1187, "nombre_nodo": "CNCN01-PE40", "Longitud": -71.52148, "Latitud": -32.92537, "title_nodo": "PE40CNCN01" }, "geometry": { "type": "Point", "coordinates": [ -71.52148, -32.92537 ] } },
{ "type": "Feature", "properties": { "Nemonico OC": "CNCN", "tipo": "SW", "id_emplazamiento": 510303, "nombre_emplazamiento": "CONCON", "id_nodo": 398, "nombre_nodo": "CNCN01-SW6524", "Longitud": -71.52148, "Latitud": -32.92537, "title_nodo": "SW65CNCN01" }, "geometry": { "type": "Point", "coordinates": [ -71.52148, -32.92537 ] } },
{ "type": "Feature", "properties": { "Nemonico OC": "CNCN", "tipo": "SW", "id_emplazamiento": 510303, "nombre_emplazamiento": "CONCON", "id_nodo": 651, "nombre_nodo": "CNCN02-SW9303", "Longitud": -71.52148, "Latitud": -32.92537, "title_nodo": "SW93CNCN02" }, "geometry": { "type": "Point", "coordinates": [ -71.52148, -32.92537 ] } },
{ "type": "Feature", "properties": { "Nemonico OC": "CNCN", "tipo": "SW", "id_emplazamiento": 510303, "nombre_emplazamiento": "CONCON", "id_nodo": 502, "nombre_nodo": "CNCN69-HUAWEI", "Longitud": -71.52148, "Latitud": -32.92537, "title_nodo": null }, "geometry": { "type": "Point", "coordinates": [ -71.52148, -32.92537 ] } },
{ "type": "Feature", "properties": { "Nemonico OC": "CNCN", "tipo": "SW", "id_emplazamiento": 510303, "nombre_emplazamiento": "CONCON", "id_nodo": 575, "nombre_nodo": "CNCN70-HUAWEI", "Longitud": -71.52148, "Latitud": -32.92537, "title_nodo": null }, "geometry": { "type": "Point", "coordinates": [ -71.52148, -32.92537 ] } },
{ "type": "Feature", "properties": { "Nemonico OC": "CNCN", "tipo": "SW", "id_emplazamiento": 510303, "nombre_emplazamiento": "CONCON", "id_nodo": 843, "nombre_nodo": "CNCN71-HUAWEI", "Longitud": -71.52148, "Latitud": -32.92537, "title_nodo": null }, "geometry": { "type": "Point", "coordinates": [ -71.52148, -32.92537 ] } },
{ "type": "Feature", "properties": { "Nemonico OC": "CNCN", "tipo": "SW", "id_emplazamiento": 510303, "nombre_emplazamiento": "CONCON", "id_nodo": 944, "nombre_nodo": "CNCN72-HUAWEI", "Longitud": -71.52148, "Latitud": -32.92537, "title_nodo": null }, "geometry": { "type": "Point", "coordinates": [ -71.52148, -32.92537 ] } },
{ "type": "Feature", "properties": { "Nemonico OC": "CNCN", "tipo": "SW", "id_emplazamiento": 510303, "nombre_emplazamiento": "CONCON", "id_nodo": 1094, "nombre_nodo": "CNCN73-HUAWEI", "Longitud": -71.52148, "Latitud": -32.92537, "title_nodo": null }, "geometry": { "type": "Point", "coordinates": [ -71.52148, -32.92537 ] } },
{ "type": "Feature", "properties": { "Nemonico OC": "QNTR", "tipo": "SW", "id_emplazamiento": 510701, "nombre_emplazamiento": "QUINTERO", "id_nodo": 1550, "nombre_nodo": "OLT-QNTR-1", "Longitud": -71.52859, "Latitud": -32.78593, "title_nodo": "QNTR-1- OLT" }, "geometry": { "type": "Point", "coordinates": [ -71.52859, -32.78593 ] } },
{ "type": "Feature", "properties": { "Nemonico OC": "QNTR", "tipo": "SW", "id_emplazamiento": 510701, "nombre_emplazamiento": "QUINTERO", "id_nodo": 847, "nombre_nodo": "QTRO01-SW9303", "Longitud": -71.52859, "Latitud": -32.78593, "title_nodo": "SW93QTRO01" }, "geometry": { "type": "Point", "coordinates": [ -71.52859, -32.78593 ] } },
{ "type": "Feature", "properties": { "Nemonico OC": "QNTR", "tipo": "PE", "id_emplazamiento": 510701, "nombre_emplazamiento": "QUINTERO", "id_nodo": 431, "nombre_nodo": "QUINTERO - PE80QTRO01-L", "Longitud": -71.52859, "Latitud": -32.78593, "title_nodo": null }, "geometry": { "type": "Point", "coordinates": [ -71.52859, -32.78593 ] } },
{ "type": "Feature", "properties": { "Nemonico OC": "QNTR", "tipo": "SW", "id_emplazamiento": 510701, "nombre_emplazamiento": "QUINTERO", "id_nodo": 1496, "nombre_nodo": "QTRO69-HUAWEI", "Longitud": -71.52859, "Latitud": -32.78593, "title_nodo": null }, "geometry": { "type": "Point", "coordinates": [ -71.52859, -32.78593 ] } },
{ "type": "Feature", "properties": { "Nemonico OC": "CHOR", "tipo": "SW", "id_emplazamiento": 510901, "nombre_emplazamiento": "CHORRILLOS", "id_nodo": 1479, "nombre_nodo": "OLT-CHOR-2", "Longitud": -71.53158, "Latitud": -33.03387, "title_nodo": "CHOR_OLT_2" }, "geometry": { "type": "Point", "coordinates": [ -71.53158, -33.03387 ] } },
{ "type": "Feature", "properties": { "Nemonico OC": "CHOR", "tipo": "SW", "id_emplazamiento": 510901, "nombre_emplazamiento": "CHORRILLOS", "id_nodo": 1766, "nombre_nodo": "OLT-CHOR-3", "Longitud": -71.53158, "Latitud": -33.03387, "title_nodo": "CHOR_OLT_3" }, "geometry": { "type": "Point", "coordinates": [ -71.53158, -33.03387 ] } },
{ "type": "Feature", "properties": { "Nemonico OC": "CHOR", "tipo": "SW", "id_emplazamiento": 510901, "nombre_emplazamiento": "CHORRILLOS", "id_nodo": 1433, "nombre_nodo": "OLT-CHOR-4", "Longitud": -71.53158, "Latitud": -33.03387, "title_nodo": "CHOR_OLT_4" }, "geometry": { "type": "Point", "coordinates": [ -71.53158, -33.03387 ] } },
{ "type": "Feature", "properties": { "Nemonico OC": "CHOR", "tipo": "SW", "id_emplazamiento": 510901, "nombre_emplazamiento": "CHORRILLOS", "id_nodo": 1045, "nombre_nodo": "CHOR01-PE40", "Longitud": -71.53158, "Latitud": -33.03387, "title_nodo": "PE40CHOR01" }, "geometry": { "type": "Point", "coordinates": [ -71.53158, -33.03387 ] } },
{ "type": "Feature", "properties": { "Nemonico OC": "CHOR", "tipo": "SW", "id_emplazamiento": 510901, "nombre_emplazamiento": "CHORRILLOS", "id_nodo": 234, "nombre_nodo": "CHOR01-SW6524", "Longitud": -71.53158, "Latitud": -33.03387, "title_nodo": "SW65CHOR01" }, "geometry": { "type": "Point", "coordinates": [ -71.53158, -33.03387 ] } },
{ "type": "Feature", "properties": { "Nemonico OC": "CHOR", "tipo": "SW", "id_emplazamiento": 510901, "nombre_emplazamiento": "CHORRILLOS", "id_nodo": 499, "nombre_nodo": "CHOR02-SW9303", "Longitud": -71.53158, "Latitud": -33.03387, "title_nodo": "SW93CHOR02" }, "geometry": { "type": "Point", "coordinates": [ -71.53158, -33.03387 ] } },
{ "type": "Feature", "properties": { "Nemonico OC": "CHOR", "tipo": "SW", "id_emplazamiento": 510901, "nombre_emplazamiento": "CHORRILLOS", "id_nodo": 655, "nombre_nodo": "CHOR03-SW9303", "Longitud": -71.53158, "Latitud": -33.03387, "title_nodo": "SW93CHOR03" }, "geometry": { "type": "Point", "coordinates": [ -71.53158, -33.03387 ] } },
{ "type": "Feature", "properties": { "Nemonico OC": "RENA", "tipo": "SW", "id_emplazamiento": 510914, "nombre_emplazamiento": "REÑACA", "id_nodo": 1458, "nombre_nodo": "OLT-RENA-2", "Longitud": -71.54045, "Latitud": -32.97352, "title_nodo": "RENA_OLT_2" }, "geometry": { "type": "Point", "coordinates": [ -71.54045, -32.97352 ] } },
{ "type": "Feature", "properties": { "Nemonico OC": "RENA", "tipo": "SW", "id_emplazamiento": 510914, "nombre_emplazamiento": "REÑACA", "id_nodo": 1659, "nombre_nodo": "OLT-RENA-4", "Longitud": -71.54045, "Latitud": -32.97352, "title_nodo": "RENA_OLT_4" }, "geometry": { "type": "Point", "coordinates": [ -71.54045, -32.97352 ] } },
{ "type": "Feature", "properties": { "Nemonico OC": "RENA", "tipo": "SW", "id_emplazamiento": 510914, "nombre_emplazamiento": "REÑACA", "id_nodo": 1564, "nombre_nodo": "OLT-RENA-5", "Longitud": -71.54045, "Latitud": -32.97352, "title_nodo": "RENA_OLT_5" }, "geometry": { "type": "Point", "coordinates": [ -71.54045, -32.97352 ] } },
{ "type": "Feature", "properties": { "Nemonico OC": "RENA", "tipo": "SW", "id_emplazamiento": 510914, "nombre_emplazamiento": "REÑACA", "id_nodo": 593, "nombre_nodo": "RENA01-SW9303", "Longitud": -71.54045, "Latitud": -32.97352, "title_nodo": "SW93RENA01" }, "geometry": { "type": "Point", "coordinates": [ -71.54045, -32.97352 ] } },
{ "type": "Feature", "properties": { "Nemonico OC": "RENA", "tipo": "PE", "id_emplazamiento": 510914, "nombre_emplazamiento": "REÑACA", "id_nodo": 334, "nombre_nodo": "REÑACA - PE96RENA01 HL4 (CLI DIR)", "Longitud": -71.54045, "Latitud": -32.97352, "title_nodo": null }, "geometry": { "type": "Point", "coordinates": [ -71.54045, -32.97352 ] } },
{ "type": "Feature", "properties": { "Nemonico OC": "FORE", "tipo": "SW", "id_emplazamiento": 510911, "nombre_emplazamiento": "FORESTAL", "id_nodo": 1192, "nombre_nodo": "FORE01-PE40", "Longitud": -71.54122, "Latitud": -33.04208, "title_nodo": "PE40FORE01" }, "geometry": { "type": "Point", "coordinates": [ -71.54122, -33.04208 ] } },
{ "type": "Feature", "properties": { "Nemonico OC": "FORE", "tipo": "SW", "id_emplazamiento": 510911, "nombre_emplazamiento": "FORESTAL", "id_nodo": 1545, "nombre_nodo": "FORE02-PE40-L", "Longitud": -71.54122, "Latitud": -33.04208, "title_nodo": "PE40FORE02-L" }, "geometry": { "type": "Point", "coordinates": [ -71.54122, -33.04208 ] } },
{ "type": "Feature", "properties": { "Nemonico OC": "FORE", "tipo": "SW", "id_emplazamiento": 510911, "nombre_emplazamiento": "FORESTAL", "id_nodo": 239, "nombre_nodo": "FORE01-SW3750", "Longitud": -71.54122, "Latitud": -33.04208, "title_nodo": "SW37FORE01" }, "geometry": { "type": "Point", "coordinates": [ -71.54122, -33.04208 ] } },
{ "type": "Feature", "properties": { "Nemonico OC": "LIBE", "tipo": "SW", "id_emplazamiento": 510907, "nombre_emplazamiento": "LIBERTAD (VIÑA DEL MAR)", "id_nodo": 1390, "nombre_nodo": "OLT-LIBE-2", "Longitud": -71.54992, "Latitud": -33.01669, "title_nodo": "LIBE-2- OLT" }, "geometry": { "type": "Point", "coordinates": [ -71.54992, -33.01669 ] } },
{ "type": "Feature", "properties": { "Nemonico OC": "LIBE", "tipo": "SW", "id_emplazamiento": 510907, "nombre_emplazamiento": "LIBERTAD (VIÑA DEL MAR)", "id_nodo": 1499, "nombre_nodo": "OLT-LIBE-5", "Longitud": -71.54992, "Latitud": -33.01669, "title_nodo": "LIBE-5- OLT" }, "geometry": { "type": "Point", "coordinates": [ -71.54992, -33.01669 ] } },
{ "type": "Feature", "properties": { "Nemonico OC": "LIBE", "tipo": "SW", "id_emplazamiento": 510907, "nombre_emplazamiento": "LIBERTAD (VIÑA DEL MAR)", "id_nodo": 977, "nombre_nodo": "VINA01-PE40", "Longitud": -71.54992, "Latitud": -33.01669, "title_nodo": "PE40VINA01" }, "geometry": { "type": "Point", "coordinates": [ -71.54992, -33.01669 ] } },
{ "type": "Feature", "properties": { "Nemonico OC": "LIBE", "tipo": "SW", "id_emplazamiento": 510907, "nombre_emplazamiento": "LIBERTAD (VIÑA DEL MAR)", "id_nodo": 1086, "nombre_nodo": "VINA02-PE40", "Longitud": -71.54992, "Latitud": -33.01669, "title_nodo": "PE40VINA02" }, "geometry": { "type": "Point", "coordinates": [ -71.54992, -33.01669 ] } },
{ "type": "Feature", "properties": { "Nemonico OC": "LIBE", "tipo": "SW", "id_emplazamiento": 510907, "nombre_emplazamiento": "LIBERTAD (VIÑA DEL MAR)", "id_nodo": 190, "nombre_nodo": "VINA01-SW3750", "Longitud": -71.54992, "Latitud": -33.01669, "title_nodo": "SW37VINA01" }, "geometry": { "type": "Point", "coordinates": [ -71.54992, -33.01669 ] } },
{ "type": "Feature", "properties": { "Nemonico OC": "LIBE", "tipo": "SW", "id_emplazamiento": 510907, "nombre_emplazamiento": "LIBERTAD (VIÑA DEL MAR)", "id_nodo": 237, "nombre_nodo": "VINA02-SW3750", "Longitud": -71.54992, "Latitud": -33.01669, "title_nodo": "SW37VINA02" }, "geometry": { "type": "Point", "coordinates": [ -71.54992, -33.01669 ] } },
{ "type": "Feature", "properties": { "Nemonico OC": "LIBE", "tipo": "SW", "id_emplazamiento": 510907, "nombre_emplazamiento": "LIBERTAD (VIÑA DEL MAR)", "id_nodo": 407, "nombre_nodo": "VINA01-SW40E", "Longitud": -71.54992, "Latitud": -33.01669, "title_nodo": "SW40VINA01" }, "geometry": { "type": "Point", "coordinates": [ -71.54992, -33.01669 ] } },
{ "type": "Feature", "properties": { "Nemonico OC": "LIBE", "tipo": "SW", "id_emplazamiento": 510907, "nombre_emplazamiento": "LIBERTAD (VIÑA DEL MAR)", "id_nodo": 341, "nombre_nodo": "VINA01-SW6524", "Longitud": -71.54992, "Latitud": -33.01669, "title_nodo": "SW65VINA01" }, "geometry": { "type": "Point", "coordinates": [ -71.54992, -33.01669 ] } },
{ "type": "Feature", "properties": { "Nemonico OC": "LIBE", "tipo": "SW", "id_emplazamiento": 510907, "nombre_emplazamiento": "LIBERTAD (VIÑA DEL MAR)", "id_nodo": 592, "nombre_nodo": "VINA02-SW9303", "Longitud": -71.54992, "Latitud": -33.01669, "title_nodo": "SW93VINA02" }, "geometry": { "type": "Point", "coordinates": [ -71.54992, -33.01669 ] } },
{ "type": "Feature", "properties": { "Nemonico OC": "LIBE", "tipo": "SW", "id_emplazamiento": 510907, "nombre_emplazamiento": "LIBERTAD (VIÑA DEL MAR)", "id_nodo": 746, "nombre_nodo": "VINA03-SW9303", "Longitud": -71.54992, "Latitud": -33.01669, "title_nodo": "SW93VINA03" }, "geometry": { "type": "Point", "coordinates": [ -71.54992, -33.01669 ] } },
{ "type": "Feature", "properties": { "Nemonico OC": "LIBE", "tipo": "PE", "id_emplazamiento": 510907, "nombre_emplazamiento": "LIBERTAD (VIÑA DEL MAR)", "id_nodo": 300, "nombre_nodo": "VIÑA DEL MAR - NB40VINA01", "Longitud": -71.54992, "Latitud": -33.01669, "title_nodo": null }, "geometry": { "type": "Point", "coordinates": [ -71.54992, -33.01669 ] } },
{ "type": "Feature", "properties": { "Nemonico OC": "LIBE", "tipo": "PE", "id_emplazamiento": 510907, "nombre_emplazamiento": "LIBERTAD (VIÑA DEL MAR)", "id_nodo": 103, "nombre_nodo": "VIÑA DEL MAR - NB76VINA01", "Longitud": -71.54992, "Latitud": -33.01669, "title_nodo": null }, "geometry": { "type": "Point", "coordinates": [ -71.54992, -33.01669 ] } },
{ "type": "Feature", "properties": { "Nemonico OC": "LIBE", "tipo": "PE", "id_emplazamiento": 510907, "nombre_emplazamiento": "LIBERTAD (VIÑA DEL MAR)", "id_nodo": 209, "nombre_nodo": "VIÑA DEL MAR - PE10VINA01 (Cerrado)", "Longitud": -71.54992, "Latitud": -33.01669, "title_nodo": null }, "geometry": { "type": "Point", "coordinates": [ -71.54992, -33.01669 ] } },
{ "type": "Feature", "properties": { "Nemonico OC": "LIBE", "tipo": "PE", "id_emplazamiento": 510907, "nombre_emplazamiento": "LIBERTAD (VIÑA DEL MAR)", "id_nodo": 242, "nombre_nodo": "VIÑA DEL MAR - PE96VINA01", "Longitud": -71.54992, "Latitud": -33.01669, "title_nodo": null }, "geometry": { "type": "Point", "coordinates": [ -71.54992, -33.01669 ] } },
{ "type": "Feature", "properties": { "Nemonico OC": "LIBE", "tipo": "SW", "id_emplazamiento": 510907, "nombre_emplazamiento": "LIBERTAD (VIÑA DEL MAR)", "id_nodo": 192, "nombre_nodo": "VINA69-HUAWEI", "Longitud": -71.54992, "Latitud": -33.01669, "title_nodo": null }, "geometry": { "type": "Point", "coordinates": [ -71.54992, -33.01669 ] } },
{ "type": "Feature", "properties": { "Nemonico OC": "LIBE", "tipo": "SW", "id_emplazamiento": 510907, "nombre_emplazamiento": "LIBERTAD (VIÑA DEL MAR)", "id_nodo": 249, "nombre_nodo": "VINA70-HUAWEI", "Longitud": -71.54992, "Latitud": -33.01669, "title_nodo": null }, "geometry": { "type": "Point", "coordinates": [ -71.54992, -33.01669 ] } },
{ "type": "Feature", "properties": { "Nemonico OC": "LIBE", "tipo": "SW", "id_emplazamiento": 510907, "nombre_emplazamiento": "LIBERTAD (VIÑA DEL MAR)", "id_nodo": 339, "nombre_nodo": "VINA71-HUAWEI", "Longitud": -71.54992, "Latitud": -33.01669, "title_nodo": null }, "geometry": { "type": "Point", "coordinates": [ -71.54992, -33.01669 ] } },
{ "type": "Feature", "properties": { "Nemonico OC": "LIBE", "tipo": "SW", "id_emplazamiento": 510907, "nombre_emplazamiento": "LIBERTAD (VIÑA DEL MAR)", "id_nodo": 503, "nombre_nodo": "VINA72-HUAWEI", "Longitud": -71.54992, "Latitud": -33.01669, "title_nodo": null }, "geometry": { "type": "Point", "coordinates": [ -71.54992, -33.01669 ] } },
{ "type": "Feature", "properties": { "Nemonico OC": "LIBE", "tipo": "SW", "id_emplazamiento": 510907, "nombre_emplazamiento": "LIBERTAD (VIÑA DEL MAR)", "id_nodo": 661, "nombre_nodo": "VINA73-HUAWEI", "Longitud": -71.54992, "Latitud": -33.01669, "title_nodo": null }, "geometry": { "type": "Point", "coordinates": [ -71.54992, -33.01669 ] } },
{ "type": "Feature", "properties": { "Nemonico OC": "LIBE", "tipo": "SW", "id_emplazamiento": 510907, "nombre_emplazamiento": "LIBERTAD (VIÑA DEL MAR)", "id_nodo": 1723, "nombre_nodo": "VINA74-HUAWEI", "Longitud": -71.54992, "Latitud": -33.01669, "title_nodo": null }, "geometry": { "type": "Point", "coordinates": [ -71.54992, -33.01669 ] } },
{ "type": "Feature", "properties": { "Nemonico OC": "ARLE", "tipo": "SW", "id_emplazamiento": 510909, "nombre_emplazamiento": "ARLEGUI", "id_nodo": 498, "nombre_nodo": "ARLE01-SW9303", "Longitud": -71.54996, "Latitud": -33.02384, "title_nodo": "SW93ARLE01" }, "geometry": { "type": "Point", "coordinates": [ -71.54996, -33.02384 ] } },
{ "type": "Feature", "properties": { "Nemonico OC": "ARLE", "tipo": "SW", "id_emplazamiento": 510909, "nombre_emplazamiento": "ARLEGUI", "id_nodo": 929, "nombre_nodo": "ARLE02-SW9303", "Longitud": -71.54996, "Latitud": -33.02384, "title_nodo": "SW93ARLE02" }, "geometry": { "type": "Point", "coordinates": [ -71.54996, -33.02384 ] } },
{ "type": "Feature", "properties": { "Nemonico OC": "ASAN", "tipo": "SW", "id_emplazamiento": 510910, "nombre_emplazamiento": "AGUA SANTA", "id_nodo": 1706, "nombre_nodo": "ASTA02-PE40-L", "Longitud": -71.56323, "Latitud": -33.04841, "title_nodo": "PE40ASTA02-L" }, "geometry": { "type": "Point", "coordinates": [ -71.56323, -33.04841 ] } },
{ "type": "Feature", "properties": { "Nemonico OC": "ASAN", "tipo": "SW", "id_emplazamiento": 510910, "nombre_emplazamiento": "AGUA SANTA", "id_nodo": 242, "nombre_nodo": "ASTA01-SW3750", "Longitud": -71.56323, "Latitud": -33.04841, "title_nodo": "SW37ASTA01" }, "geometry": { "type": "Point", "coordinates": [ -71.56323, -33.04841 ] } },
{ "type": "Feature", "properties": { "Nemonico OC": "ASAN", "tipo": "SW", "id_emplazamiento": 510910, "nombre_emplazamiento": "AGUA SANTA", "id_nodo": 900, "nombre_nodo": "ASTA01-SW9306", "Longitud": -71.56323, "Latitud": -33.04841, "title_nodo": "SW93ASTA01" }, "geometry": { "type": "Point", "coordinates": [ -71.56323, -33.04841 ] } },
{ "type": "Feature", "properties": { "Nemonico OC": "PLAC", "tipo": "SW", "id_emplazamiento": 510202, "nombre_emplazamiento": "VALPARAISO PLACILLA", "id_nodo": 1183, "nombre_nodo": "PLAC01-PE40", "Longitud": -71.56564, "Latitud": -33.11623, "title_nodo": "PE40PLAC01" }, "geometry": { "type": "Point", "coordinates": [ -71.56564, -33.11623 ] } },
{ "type": "Feature", "properties": { "Nemonico OC": "PLAC", "tipo": "SW", "id_emplazamiento": 510202, "nombre_emplazamiento": "VALPARAISO PLACILLA", "id_nodo": 1621, "nombre_nodo": "OLT-PLAC-3", "Longitud": -71.56564, "Latitud": -33.11623, "title_nodo": "PLAC_OLT_3" }, "geometry": { "type": "Point", "coordinates": [ -71.56564, -33.11623 ] } },
{ "type": "Feature", "properties": { "Nemonico OC": "PLAC", "tipo": "SW", "id_emplazamiento": 510202, "nombre_emplazamiento": "VALPARAISO PLACILLA", "id_nodo": 1262, "nombre_nodo": "OLT-PLAC-2", "Longitud": -71.56564, "Latitud": -33.11623, "title_nodo": "PLAC-OLT-2" }, "geometry": { "type": "Point", "coordinates": [ -71.56564, -33.11623 ] } },
{ "type": "Feature", "properties": { "Nemonico OC": "PLAC", "tipo": "SW", "id_emplazamiento": 510202, "nombre_emplazamiento": "VALPARAISO PLACILLA", "id_nodo": 1429, "nombre_nodo": "OLT-PLAC-5", "Longitud": -71.56564, "Latitud": -33.11623, "title_nodo": "PLAC-OLT-5" }, "geometry": { "type": "Point", "coordinates": [ -71.56564, -33.11623 ] } },
{ "type": "Feature", "properties": { "Nemonico OC": "PLAC", "tipo": "SW", "id_emplazamiento": 510202, "nombre_emplazamiento": "VALPARAISO PLACILLA", "id_nodo": 400, "nombre_nodo": "PLAC01-SW6524", "Longitud": -71.56564, "Latitud": -33.11623, "title_nodo": "SW65PLAC01" }, "geometry": { "type": "Point", "coordinates": [ -71.56564, -33.11623 ] } },
{ "type": "Feature", "properties": { "Nemonico OC": "PLAC", "tipo": "SW", "id_emplazamiento": 510202, "nombre_emplazamiento": "VALPARAISO PLACILLA", "id_nodo": 741, "nombre_nodo": "PLAC01-SW9303", "Longitud": -71.56564, "Latitud": -33.11623, "title_nodo": "SW93PLAC01" }, "geometry": { "type": "Point", "coordinates": [ -71.56564, -33.11623 ] } },
{ "type": "Feature", "properties": { "Nemonico OC": "PLAC", "tipo": "SW", "id_emplazamiento": 510202, "nombre_emplazamiento": "VALPARAISO PLACILLA", "id_nodo": 1348, "nombre_nodo": "MMOO-PLAC69", "Longitud": -71.56564, "Latitud": -33.11623, "title_nodo": null }, "geometry": { "type": "Point", "coordinates": [ -71.56564, -33.11623 ] } },
{ "type": "Feature", "properties": { "Nemonico OC": "RECR", "tipo": "SW", "id_emplazamiento": 510906, "nombre_emplazamiento": "RECREO", "id_nodo": 1594, "nombre_nodo": "OLT-RECR-4", "Longitud": -71.57867, "Latitud": -33.03138, "title_nodo": "RECR_OLT_4" }, "geometry": { "type": "Point", "coordinates": [ -71.57867, -33.03138 ] } },
{ "type": "Feature", "properties": { "Nemonico OC": "RECR", "tipo": "SW", "id_emplazamiento": 510906, "nombre_emplazamiento": "RECREO", "id_nodo": 1572, "nombre_nodo": "OLT-RECR-3", "Longitud": -71.57867, "Latitud": -33.03138, "title_nodo": "RECR-5- OLT" }, "geometry": { "type": "Point", "coordinates": [ -71.57867, -33.03138 ] } },
{ "type": "Feature", "properties": { "Nemonico OC": "RECR", "tipo": "SW", "id_emplazamiento": 510906, "nombre_emplazamiento": "RECREO", "id_nodo": 1565, "nombre_nodo": "OLT-RECR-5", "Longitud": -71.57867, "Latitud": -33.03138, "title_nodo": "RECR-5- OLT" }, "geometry": { "type": "Point", "coordinates": [ -71.57867, -33.03138 ] } },
{ "type": "Feature", "properties": { "Nemonico OC": "RECR", "tipo": "SW", "id_emplazamiento": 510906, "nombre_emplazamiento": "RECREO", "id_nodo": 531, "nombre_nodo": "RECR01-SW9303", "Longitud": -71.57867, "Latitud": -33.03138, "title_nodo": "SW93RECR01" }, "geometry": { "type": "Point", "coordinates": [ -71.57867, -33.03138 ] } },
{ "type": "Feature", "properties": { "Nemonico OC": "RECR", "tipo": "SW", "id_emplazamiento": 510906, "nombre_emplazamiento": "RECREO", "id_nodo": 738, "nombre_nodo": "RECR02-SW9303", "Longitud": -71.57867, "Latitud": -33.03138, "title_nodo": "SW93RECR02" }, "geometry": { "type": "Point", "coordinates": [ -71.57867, -33.03138 ] } },
{ "type": "Feature", "properties": { "Nemonico OC": "RECR", "tipo": "PE", "id_emplazamiento": 510906, "nombre_emplazamiento": "RECREO", "id_nodo": 401, "nombre_nodo": "RECREO - PE96RECR01-L HL4 (CLI DIR)", "Longitud": -71.57867, "Latitud": -33.03138, "title_nodo": null }, "geometry": { "type": "Point", "coordinates": [ -71.57867, -33.03138 ] } },
{ "type": "Feature", "properties": { "Nemonico OC": "SOSS", "tipo": "SW", "id_emplazamiento": 510102, "nombre_emplazamiento": "SANTOS OSSA", "id_nodo": 1368, "nombre_nodo": "OLT-SOSS-1", "Longitud": -71.58323, "Latitud": -33.05717, "title_nodo": "SOSS-1- OLT" }, "geometry": { "type": "Point", "coordinates": [ -71.58323, -33.05717 ] } },
{ "type": "Feature", "properties": { "Nemonico OC": "SOSS", "tipo": "SW", "id_emplazamiento": 510102, "nombre_emplazamiento": "SANTOS OSSA", "id_nodo": 1444, "nombre_nodo": "OLT-SOSS-3", "Longitud": -71.58323, "Latitud": -33.05717, "title_nodo": "SOSS-3- OLT" }, "geometry": { "type": "Point", "coordinates": [ -71.58323, -33.05717 ] } },
{ "type": "Feature", "properties": { "Nemonico OC": "SOSS", "tipo": "SW", "id_emplazamiento": 510102, "nombre_emplazamiento": "SANTOS OSSA", "id_nodo": 899, "nombre_nodo": "SOSA01-SW9303", "Longitud": -71.58323, "Latitud": -33.05717, "title_nodo": "SW93SOSA01" }, "geometry": { "type": "Point", "coordinates": [ -71.58323, -33.05717 ] } },
{ "type": "Feature", "properties": { "Nemonico OC": "SOSS", "tipo": "PE", "id_emplazamiento": 510102, "nombre_emplazamiento": "SANTOS OSSA", "id_nodo": 417, "nombre_nodo": "SANTOS OSSA - PE204SOSA01-L (CLI DIR)", "Longitud": -71.58323, "Latitud": -33.05717, "title_nodo": null }, "geometry": { "type": "Point", "coordinates": [ -71.58323, -33.05717 ] } },
{ "type": "Feature", "properties": { "Nemonico OC": "LINA", "tipo": "SW", "id_emplazamiento": 740101, "nombre_emplazamiento": "LINARES", "id_nodo": 1133, "nombre_nodo": "OLT-LINA02", "Longitud": -71.59413, "Latitud": -35.84571, "title_nodo": "LINA_OLT_2" }, "geometry": { "type": "Point", "coordinates": [ -71.59413, -35.84571 ] } },
{ "type": "Feature", "properties": { "Nemonico OC": "LINA", "tipo": "SW", "id_emplazamiento": 740101, "nombre_emplazamiento": "LINARES", "id_nodo": 1208, "nombre_nodo": "OLT-LINA03", "Longitud": -71.59413, "Latitud": -35.84571, "title_nodo": "LINA_OLT_3" }, "geometry": { "type": "Point", "coordinates": [ -71.59413, -35.84571 ] } },
{ "type": "Feature", "properties": { "Nemonico OC": "LINA", "tipo": "SW", "id_emplazamiento": 740101, "nombre_emplazamiento": "LINARES", "id_nodo": 1809, "nombre_nodo": "OLT-LINA04", "Longitud": -71.59413, "Latitud": -35.84571, "title_nodo": "LINA_OLT_4" }, "geometry": { "type": "Point", "coordinates": [ -71.59413, -35.84571 ] } },
{ "type": "Feature", "properties": { "Nemonico OC": "LINA", "tipo": "SW", "id_emplazamiento": 740101, "nombre_emplazamiento": "LINARES", "id_nodo": 1117, "nombre_nodo": "LINA01-PE40", "Longitud": -71.59413, "Latitud": -35.84571, "title_nodo": "PE40LINA01" }, "geometry": { "type": "Point", "coordinates": [ -71.59413, -35.84571 ] } },
{ "type": "Feature", "properties": { "Nemonico OC": "LINA", "tipo": "SW", "id_emplazamiento": 740101, "nombre_emplazamiento": "LINARES", "id_nodo": 28, "nombre_nodo": "LINA01-SW3624", "Longitud": -71.59413, "Latitud": -35.84571, "title_nodo": "SW36LINA01" }, "geometry": { "type": "Point", "coordinates": [ -71.59413, -35.84571 ] } },
{ "type": "Feature", "properties": { "Nemonico OC": "LINA", "tipo": "SW", "id_emplazamiento": 740101, "nombre_emplazamiento": "LINARES", "id_nodo": 191, "nombre_nodo": "LINA01-SW3750", "Longitud": -71.59413, "Latitud": -35.84571, "title_nodo": "SW37LINA01" }, "geometry": { "type": "Point", "coordinates": [ -71.59413, -35.84571 ] } },
{ "type": "Feature", "properties": { "Nemonico OC": "LINA", "tipo": "SW", "id_emplazamiento": 740101, "nombre_emplazamiento": "LINARES", "id_nodo": 247, "nombre_nodo": "LINA01-SW6524", "Longitud": -71.59413, "Latitud": -35.84571, "title_nodo": "SW65LINA01" }, "geometry": { "type": "Point", "coordinates": [ -71.59413, -35.84571 ] } },
{ "type": "Feature", "properties": { "Nemonico OC": "LINA", "tipo": "SW", "id_emplazamiento": 740101, "nombre_emplazamiento": "LINARES", "id_nodo": 402, "nombre_nodo": "LINA02-SW6524", "Longitud": -71.59413, "Latitud": -35.84571, "title_nodo": "SW65LINA02" }, "geometry": { "type": "Point", "coordinates": [ -71.59413, -35.84571 ] } },
{ "type": "Feature", "properties": { "Nemonico OC": "LINA", "tipo": "SW", "id_emplazamiento": 740101, "nombre_emplazamiento": "LINARES", "id_nodo": 732, "nombre_nodo": "LINA01-SW9303", "Longitud": -71.59413, "Latitud": -35.84571, "title_nodo": "SW93LINA01" }, "geometry": { "type": "Point", "coordinates": [ -71.59413, -35.84571 ] } },
{ "type": "Feature", "properties": { "Nemonico OC": "LINA", "tipo": "SW", "id_emplazamiento": 740101, "nombre_emplazamiento": "LINARES", "id_nodo": 783, "nombre_nodo": "LINA02-SW9303", "Longitud": -71.59413, "Latitud": -35.84571, "title_nodo": "SW93LINA02" }, "geometry": { "type": "Point", "coordinates": [ -71.59413, -35.84571 ] } },
{ "type": "Feature", "properties": { "Nemonico OC": "LINA", "tipo": "PE", "id_emplazamiento": 740101, "nombre_emplazamiento": "LINARES", "id_nodo": 365, "nombre_nodo": "LINARES - NB96LINA01 (Cerrado)", "Longitud": -71.59413, "Latitud": -35.84571, "title_nodo": null }, "geometry": { "type": "Point", "coordinates": [ -71.59413, -35.84571 ] } },
{ "type": "Feature", "properties": { "Nemonico OC": "LINA", "tipo": "PE", "id_emplazamiento": 740101, "nombre_emplazamiento": "LINARES", "id_nodo": 17, "nombre_nodo": "LINARES - PE04LINA02", "Longitud": -71.59413, "Latitud": -35.84571, "title_nodo": null }, "geometry": { "type": "Point", "coordinates": [ -71.59413, -35.84571 ] } },
{ "type": "Feature", "properties": { "Nemonico OC": "LINA", "tipo": "PE", "id_emplazamiento": 740101, "nombre_emplazamiento": "LINARES", "id_nodo": 73, "nombre_nodo": "LINARES - PE06LINA01 (Cerrado)", "Longitud": -71.59413, "Latitud": -35.84571, "title_nodo": null }, "geometry": { "type": "Point", "coordinates": [ -71.59413, -35.84571 ] } },
{ "type": "Feature", "properties": { "Nemonico OC": "LINA", "tipo": "PE", "id_emplazamiento": 740101, "nombre_emplazamiento": "LINARES", "id_nodo": 235, "nombre_nodo": "LINARES - PE10LINA01", "Longitud": -71.59413, "Latitud": -35.84571, "title_nodo": null }, "geometry": { "type": "Point", "coordinates": [ -71.59413, -35.84571 ] } },
{ "type": "Feature", "properties": { "Nemonico OC": "LINA", "tipo": "SW", "id_emplazamiento": 740101, "nombre_emplazamiento": "LINARES", "id_nodo": 291, "nombre_nodo": "LINA69-HUAWEI", "Longitud": -71.59413, "Latitud": -35.84571, "title_nodo": null }, "geometry": { "type": "Point", "coordinates": [ -71.59413, -35.84571 ] } },
{ "type": "Feature", "properties": { "Nemonico OC": "LINA", "tipo": "SW", "id_emplazamiento": 740101, "nombre_emplazamiento": "LINARES", "id_nodo": 555, "nombre_nodo": "LINA70-HUAWEI", "Longitud": -71.59413, "Latitud": -35.84571, "title_nodo": null }, "geometry": { "type": "Point", "coordinates": [ -71.59413, -35.84571 ] } },
{ "type": "Feature", "properties": { "Nemonico OC": "LINA", "tipo": "SW", "id_emplazamiento": 740101, "nombre_emplazamiento": "LINARES", "id_nodo": 1607, "nombre_nodo": "LINA71-HUAWEI", "Longitud": -71.59413, "Latitud": -35.84571, "title_nodo": null }, "geometry": { "type": "Point", "coordinates": [ -71.59413, -35.84571 ] } },
{ "type": "Feature", "properties": { "Nemonico OC": "SANT", "tipo": "SW", "id_emplazamiento": 560101, "nombre_emplazamiento": "SAN ANTONIO", "id_nodo": 1112, "nombre_nodo": "SANT01-PE40", "Longitud": -71.60692, "Latitud": -33.57657, "title_nodo": "PE40SANT01" }, "geometry": { "type": "Point", "coordinates": [ -71.60692, -33.57657 ] } },
{ "type": "Feature", "properties": { "Nemonico OC": "SANT", "tipo": "SW", "id_emplazamiento": 560101, "nombre_emplazamiento": "SAN ANTONIO", "id_nodo": 1602, "nombre_nodo": "OLT-SANT-1", "Longitud": -71.60692, "Latitud": -33.57657, "title_nodo": "SANT_OLT_1" }, "geometry": { "type": "Point", "coordinates": [ -71.60692, -33.57657 ] } },
{ "type": "Feature", "properties": { "Nemonico OC": "SANT", "tipo": "SW", "id_emplazamiento": 560101, "nombre_emplazamiento": "SAN ANTONIO", "id_nodo": 427, "nombre_nodo": "SANT01-SW3424", "Longitud": -71.60692, "Latitud": -33.57657, "title_nodo": "SW34SANT01" }, "geometry": { "type": "Point", "coordinates": [ -71.60692, -33.57657 ] } },
{ "type": "Feature", "properties": { "Nemonico OC": "SANT", "tipo": "SW", "id_emplazamiento": 560101, "nombre_emplazamiento": "SAN ANTONIO", "id_nodo": 61, "nombre_nodo": "SANT01-SW3624", "Longitud": -71.60692, "Latitud": -33.57657, "title_nodo": "SW36SANT01" }, "geometry": { "type": "Point", "coordinates": [ -71.60692, -33.57657 ] } },
{ "type": "Feature", "properties": { "Nemonico OC": "SANT", "tipo": "SW", "id_emplazamiento": 560101, "nombre_emplazamiento": "SAN ANTONIO", "id_nodo": 194, "nombre_nodo": "SANT01-SW3750", "Longitud": -71.60692, "Latitud": -33.57657, "title_nodo": "SW37SANT01" }, "geometry": { "type": "Point", "coordinates": [ -71.60692, -33.57657 ] } },
{ "type": "Feature", "properties": { "Nemonico OC": "SANT", "tipo": "SW", "id_emplazamiento": 560101, "nombre_emplazamiento": "SAN ANTONIO", "id_nodo": 320, "nombre_nodo": "SANT01-SW6524", "Longitud": -71.60692, "Latitud": -33.57657, "title_nodo": "SW65SANT01" }, "geometry": { "type": "Point", "coordinates": [ -71.60692, -33.57657 ] } },
{ "type": "Feature", "properties": { "Nemonico OC": "SANT", "tipo": "SW", "id_emplazamiento": 560101, "nombre_emplazamiento": "SAN ANTONIO", "id_nodo": 646, "nombre_nodo": "SANT01-SW9303", "Longitud": -71.60692, "Latitud": -33.57657, "title_nodo": "SW93SANT01" }, "geometry": { "type": "Point", "coordinates": [ -71.60692, -33.57657 ] } },
{ "type": "Feature", "properties": { "Nemonico OC": "SANT", "tipo": "SW", "id_emplazamiento": 560101, "nombre_emplazamiento": "SAN ANTONIO", "id_nodo": 805, "nombre_nodo": "SANT02-SW9303", "Longitud": -71.60692, "Latitud": -33.57657, "title_nodo": "SW93SANT02" }, "geometry": { "type": "Point", "coordinates": [ -71.60692, -33.57657 ] } },
{ "type": "Feature", "properties": { "Nemonico OC": "SANT", "tipo": "PE", "id_emplazamiento": 560101, "nombre_emplazamiento": "SAN ANTONIO", "id_nodo": 210, "nombre_nodo": "SAN ANTONIO - PE10SANT01", "Longitud": -71.60692, "Latitud": -33.57657, "title_nodo": null }, "geometry": { "type": "Point", "coordinates": [ -71.60692, -33.57657 ] } },
{ "type": "Feature", "properties": { "Nemonico OC": "SANT", "tipo": "PE", "id_emplazamiento": 560101, "nombre_emplazamiento": "SAN ANTONIO", "id_nodo": 286, "nombre_nodo": "SAN ANTONIO - PEM90SAN01 MOVIL", "Longitud": -71.60692, "Latitud": -33.57657, "title_nodo": null }, "geometry": { "type": "Point", "coordinates": [ -71.60692, -33.57657 ] } },
{ "type": "Feature", "properties": { "Nemonico OC": "SANT", "tipo": "PE", "id_emplazamiento": 560101, "nombre_emplazamiento": "SAN ANTONIO", "id_nodo": 287, "nombre_nodo": "SAN ANTONIO - PEM90SAN02 MOVIL", "Longitud": -71.60692, "Latitud": -33.57657, "title_nodo": null }, "geometry": { "type": "Point", "coordinates": [ -71.60692, -33.57657 ] } },
{ "type": "Feature", "properties": { "Nemonico OC": "SANT", "tipo": "SW", "id_emplazamiento": 560101, "nombre_emplazamiento": "SAN ANTONIO", "id_nodo": 350, "nombre_nodo": "SANT69-HUAWEI", "Longitud": -71.60692, "Latitud": -33.57657, "title_nodo": null }, "geometry": { "type": "Point", "coordinates": [ -71.60692, -33.57657 ] } },
{ "type": "Feature", "properties": { "Nemonico OC": "SANT", "tipo": "SW", "id_emplazamiento": 560101, "nombre_emplazamiento": "SAN ANTONIO", "id_nodo": 388, "nombre_nodo": "SANT70-HUAWEI", "Longitud": -71.60692, "Latitud": -33.57657, "title_nodo": null }, "geometry": { "type": "Point", "coordinates": [ -71.60692, -33.57657 ] } },
{ "type": "Feature", "properties": { "Nemonico OC": "SANT", "tipo": "SW", "id_emplazamiento": 560101, "nombre_emplazamiento": "SAN ANTONIO", "id_nodo": 403, "nombre_nodo": "SANT71-HUAWEI", "Longitud": -71.60692, "Latitud": -33.57657, "title_nodo": null }, "geometry": { "type": "Point", "coordinates": [ -71.60692, -33.57657 ] } },
{ "type": "Feature", "properties": { "Nemonico OC": "SANT", "tipo": "SW", "id_emplazamiento": 560101, "nombre_emplazamiento": "SAN ANTONIO", "id_nodo": 486, "nombre_nodo": "SANT72-HUAWEI", "Longitud": -71.60692, "Latitud": -33.57657, "title_nodo": null }, "geometry": { "type": "Point", "coordinates": [ -71.60692, -33.57657 ] } },
{ "type": "Feature", "properties": { "Nemonico OC": "SANT", "tipo": "SW", "id_emplazamiento": 560101, "nombre_emplazamiento": "SAN ANTONIO", "id_nodo": 768, "nombre_nodo": "SANT73-HUAWEI", "Longitud": -71.60692, "Latitud": -33.57657, "title_nodo": null }, "geometry": { "type": "Point", "coordinates": [ -71.60692, -33.57657 ] } },
{ "type": "Feature", "properties": { "Nemonico OC": "SANT", "tipo": "SW", "id_emplazamiento": 560101, "nombre_emplazamiento": "SAN ANTONIO", "id_nodo": 1013, "nombre_nodo": "SANT74-HUAWEI", "Longitud": -71.60692, "Latitud": -33.57657, "title_nodo": null }, "geometry": { "type": "Point", "coordinates": [ -71.60692, -33.57657 ] } },
{ "type": "Feature", "properties": { "Nemonico OC": "SANT", "tipo": "SW", "id_emplazamiento": 560101, "nombre_emplazamiento": "SAN ANTONIO", "id_nodo": 1242, "nombre_nodo": "SANT75-HUAWEI", "Longitud": -71.60692, "Latitud": -33.57657, "title_nodo": null }, "geometry": { "type": "Point", "coordinates": [ -71.60692, -33.57657 ] } },
{ "type": "Feature", "properties": { "Nemonico OC": "SANT", "tipo": "SW", "id_emplazamiento": 560101, "nombre_emplazamiento": "SAN ANTONIO", "id_nodo": 1525, "nombre_nodo": "SANT76-HUAWEI", "Longitud": -71.60692, "Latitud": -33.57657, "title_nodo": null }, "geometry": { "type": "Point", "coordinates": [ -71.60692, -33.57657 ] } },
{ "type": "Feature", "properties": { "Nemonico OC": "SANT", "tipo": "SW", "id_emplazamiento": 560101, "nombre_emplazamiento": "SAN ANTONIO", "id_nodo": 1551, "nombre_nodo": "SANT77-HUAWEI", "Longitud": -71.60692, "Latitud": -33.57657, "title_nodo": null }, "geometry": { "type": "Point", "coordinates": [ -71.60692, -33.57657 ] } },
{ "type": "Feature", "properties": { "Nemonico OC": "LLOL", "tipo": "SW", "id_emplazamiento": 560602, "nombre_emplazamiento": "LLOLLEO", "id_nodo": 1576, "nombre_nodo": "OLT-LLOL-1", "Longitud": -71.61514, "Latitud": -33.60877, "title_nodo": "LLOL-1- OLT" }, "geometry": { "type": "Point", "coordinates": [ -71.61514, -33.60877 ] } },
{ "type": "Feature", "properties": { "Nemonico OC": "LLOL", "tipo": "SW", "id_emplazamiento": 560602, "nombre_emplazamiento": "LLOLLEO", "id_nodo": 842, "nombre_nodo": "LLOL01-SW9303", "Longitud": -71.61514, "Latitud": -33.60877, "title_nodo": "SW93LLOL01" }, "geometry": { "type": "Point", "coordinates": [ -71.61514, -33.60877 ] } },
{ "type": "Feature", "properties": { "Nemonico OC": "LLOL", "tipo": "PE", "id_emplazamiento": 560602, "nombre_emplazamiento": "LLOLLEO", "id_nodo": 444, "nombre_nodo": "LLOLLEO - PE80LLOL01-L", "Longitud": -71.61514, "Latitud": -33.60877, "title_nodo": null }, "geometry": { "type": "Point", "coordinates": [ -71.61514, -33.60877 ] } },
{ "type": "Feature", "properties": { "Nemonico OC": "CHAC", "tipo": "SW", "id_emplazamiento": 510108, "nombre_emplazamiento": "VALPARAISO CHACABUCO", "id_nodo": 1702, "nombre_nodo": "OLT-CHAC-2", "Longitud": -71.61748, "Latitud": -33.04576, "title_nodo": "CHAC_OLT_2" }, "geometry": { "type": "Point", "coordinates": [ -71.61748, -33.04576 ] } },
{ "type": "Feature", "properties": { "Nemonico OC": "CHAC", "tipo": "SW", "id_emplazamiento": 510108, "nombre_emplazamiento": "VALPARAISO CHACABUCO", "id_nodo": 1722, "nombre_nodo": "OLT-CHAC-3", "Longitud": -71.61748, "Latitud": -33.04576, "title_nodo": "CHAC_OLT_3" }, "geometry": { "type": "Point", "coordinates": [ -71.61748, -33.04576 ] } },
{ "type": "Feature", "properties": { "Nemonico OC": "CHAC", "tipo": "SW", "id_emplazamiento": 510108, "nombre_emplazamiento": "VALPARAISO CHACABUCO", "id_nodo": 1350, "nombre_nodo": "OLT-CHAC-5", "Longitud": -71.61748, "Latitud": -33.04576, "title_nodo": "CHAC_OLT_5" }, "geometry": { "type": "Point", "coordinates": [ -71.61748, -33.04576 ] } },
{ "type": "Feature", "properties": { "Nemonico OC": "CHAC", "tipo": "SW", "id_emplazamiento": 510108, "nombre_emplazamiento": "VALPARAISO CHACABUCO", "id_nodo": 1324, "nombre_nodo": "OLT-CHAC-7", "Longitud": -71.61748, "Latitud": -33.04576, "title_nodo": "CHAC_OLT_7" }, "geometry": { "type": "Point", "coordinates": [ -71.61748, -33.04576 ] } },
{ "type": "Feature", "properties": { "Nemonico OC": "CHAC", "tipo": "SW", "id_emplazamiento": 510108, "nombre_emplazamiento": "VALPARAISO CHACABUCO", "id_nodo": 1312, "nombre_nodo": "OLT-CHAC-9", "Longitud": -71.61748, "Latitud": -33.04576, "title_nodo": "CHAC_OLT_9" }, "geometry": { "type": "Point", "coordinates": [ -71.61748, -33.04576 ] } },
{ "type": "Feature", "properties": { "Nemonico OC": "CHAC", "tipo": "SW", "id_emplazamiento": 510108, "nombre_emplazamiento": "VALPARAISO CHACABUCO", "id_nodo": 978, "nombre_nodo": "VALP01-PE40", "Longitud": -71.61748, "Latitud": -33.04576, "title_nodo": "PE40VALP01" }, "geometry": { "type": "Point", "coordinates": [ -71.61748, -33.04576 ] } },
{ "type": "Feature", "properties": { "Nemonico OC": "CHAC", "tipo": "SW", "id_emplazamiento": 510108, "nombre_emplazamiento": "VALPARAISO CHACABUCO", "id_nodo": 1062, "nombre_nodo": "VALP02-PE40", "Longitud": -71.61748, "Latitud": -33.04576, "title_nodo": "PE40VALP02" }, "geometry": { "type": "Point", "coordinates": [ -71.61748, -33.04576 ] } },
{ "type": "Feature", "properties": { "Nemonico OC": "CHAC", "tipo": "SW", "id_emplazamiento": 510108, "nombre_emplazamiento": "VALPARAISO CHACABUCO", "id_nodo": 967, "nombre_nodo": "FTVALP-SW2303", "Longitud": -71.61748, "Latitud": -33.04576, "title_nodo": "SW23FTVALP01" }, "geometry": { "type": "Point", "coordinates": [ -71.61748, -33.04576 ] } },
{ "type": "Feature", "properties": { "Nemonico OC": "CHAC", "tipo": "SW", "id_emplazamiento": 510108, "nombre_emplazamiento": "VALPARAISO CHACABUCO", "id_nodo": 459, "nombre_nodo": "VALP01-SW9303", "Longitud": -71.61748, "Latitud": -33.04576, "title_nodo": "SW93VALP01" }, "geometry": { "type": "Point", "coordinates": [ -71.61748, -33.04576 ] } },
{ "type": "Feature", "properties": { "Nemonico OC": "CHAC", "tipo": "SW", "id_emplazamiento": 510108, "nombre_emplazamiento": "VALPARAISO CHACABUCO", "id_nodo": 629, "nombre_nodo": "VALP02-SW9303", "Longitud": -71.61748, "Latitud": -33.04576, "title_nodo": "SW93VALP02" }, "geometry": { "type": "Point", "coordinates": [ -71.61748, -33.04576 ] } },
{ "type": "Feature", "properties": { "Nemonico OC": "CHAC", "tipo": "SW", "id_emplazamiento": 510108, "nombre_emplazamiento": "VALPARAISO CHACABUCO", "id_nodo": 885, "nombre_nodo": "VALP03-SW9303", "Longitud": -71.61748, "Latitud": -33.04576, "title_nodo": "SW93VALP03" }, "geometry": { "type": "Point", "coordinates": [ -71.61748, -33.04576 ] } },
{ "type": "Feature", "properties": { "Nemonico OC": "CHAC", "tipo": "PE", "id_emplazamiento": 510108, "nombre_emplazamiento": "VALPARAISO CHACABUCO", "id_nodo": 270, "nombre_nodo": "VALPARAISO - NB40VALP01", "Longitud": -71.61748, "Latitud": -33.04576, "title_nodo": null }, "geometry": { "type": "Point", "coordinates": [ -71.61748, -33.04576 ] } },
{ "type": "Feature", "properties": { "Nemonico OC": "CHAC", "tipo": "PE", "id_emplazamiento": 510108, "nombre_emplazamiento": "VALPARAISO CHACABUCO", "id_nodo": 157, "nombre_nodo": "VALPARAISO - NB76VALP01", "Longitud": -71.61748, "Latitud": -33.04576, "title_nodo": null }, "geometry": { "type": "Point", "coordinates": [ -71.61748, -33.04576 ] } },
{ "type": "Feature", "properties": { "Nemonico OC": "CHAC", "tipo": "PE", "id_emplazamiento": 510108, "nombre_emplazamiento": "VALPARAISO CHACABUCO", "id_nodo": 122, "nombre_nodo": "VALPARAISO - PE06VALP03 (ELIMINADO)", "Longitud": -71.61748, "Latitud": -33.04576, "title_nodo": null }, "geometry": { "type": "Point", "coordinates": [ -71.61748, -33.04576 ] } },
{ "type": "Feature", "properties": { "Nemonico OC": "CHAC", "tipo": "PE", "id_emplazamiento": 510108, "nombre_emplazamiento": "VALPARAISO CHACABUCO", "id_nodo": 176, "nombre_nodo": "VALPARAISO - PE10VALP01 (Cerrado)", "Longitud": -71.61748, "Latitud": -33.04576, "title_nodo": null }, "geometry": { "type": "Point", "coordinates": [ -71.61748, -33.04576 ] } },
{ "type": "Feature", "properties": { "Nemonico OC": "CHAC", "tipo": "PE", "id_emplazamiento": 510108, "nombre_emplazamiento": "VALPARAISO CHACABUCO", "id_nodo": 257, "nombre_nodo": "VALPARAISO - PE480VALP01", "Longitud": -71.61748, "Latitud": -33.04576, "title_nodo": null }, "geometry": { "type": "Point", "coordinates": [ -71.61748, -33.04576 ] } },
{ "type": "Feature", "properties": { "Nemonico OC": "CHAC", "tipo": "PE", "id_emplazamiento": 510108, "nombre_emplazamiento": "VALPARAISO CHACABUCO", "id_nodo": 219, "nombre_nodo": "VALPARAISO - PE76QVLP01", "Longitud": -71.61748, "Latitud": -33.04576, "title_nodo": null }, "geometry": { "type": "Point", "coordinates": [ -71.61748, -33.04576 ] } },
{ "type": "Feature", "properties": { "Nemonico OC": "CHAC", "tipo": "PE", "id_emplazamiento": 510108, "nombre_emplazamiento": "VALPARAISO CHACABUCO", "id_nodo": 96, "nombre_nodo": "VALPARAISO - PE76VALP01", "Longitud": -71.61748, "Latitud": -33.04576, "title_nodo": null }, "geometry": { "type": "Point", "coordinates": [ -71.61748, -33.04576 ] } },
{ "type": "Feature", "properties": { "Nemonico OC": "CHAC", "tipo": "PE", "id_emplazamiento": 510108, "nombre_emplazamiento": "VALPARAISO CHACABUCO", "id_nodo": 448, "nombre_nodo": "VALPARAISO - PE96VALP01-L HL4 (CLI DIR)", "Longitud": -71.61748, "Latitud": -33.04576, "title_nodo": null }, "geometry": { "type": "Point", "coordinates": [ -71.61748, -33.04576 ] } },
{ "type": "Feature", "properties": { "Nemonico OC": "CHAC", "tipo": "PE", "id_emplazamiento": 510108, "nombre_emplazamiento": "VALPARAISO CHACABUCO", "id_nodo": 194, "nombre_nodo": "VALPARAISO - VALP69 Huawei", "Longitud": -71.61748, "Latitud": -33.04576, "title_nodo": null }, "geometry": { "type": "Point", "coordinates": [ -71.61748, -33.04576 ] } },
{ "type": "Feature", "properties": { "Nemonico OC": "CHAC", "tipo": "PE", "id_emplazamiento": 510108, "nombre_emplazamiento": "VALPARAISO CHACABUCO", "id_nodo": 313, "nombre_nodo": "VALPARAISO - VALP77 Huawei", "Longitud": -71.61748, "Latitud": -33.04576, "title_nodo": null }, "geometry": { "type": "Point", "coordinates": [ -71.61748, -33.04576 ] } },
{ "type": "Feature", "properties": { "Nemonico OC": "CHAC", "tipo": "SW", "id_emplazamiento": 510108, "nombre_emplazamiento": "VALPARAISO CHACABUCO", "id_nodo": 99, "nombre_nodo": "VALP69-HUAWEI", "Longitud": -71.61748, "Latitud": -33.04576, "title_nodo": null }, "geometry": { "type": "Point", "coordinates": [ -71.61748, -33.04576 ] } },
{ "type": "Feature", "properties": { "Nemonico OC": "CHAC", "tipo": "SW", "id_emplazamiento": 510108, "nombre_emplazamiento": "VALPARAISO CHACABUCO", "id_nodo": 105, "nombre_nodo": "VALP70-HUAWEI", "Longitud": -71.61748, "Latitud": -33.04576, "title_nodo": null }, "geometry": { "type": "Point", "coordinates": [ -71.61748, -33.04576 ] } },
{ "type": "Feature", "properties": { "Nemonico OC": "CHAC", "tipo": "SW", "id_emplazamiento": 510108, "nombre_emplazamiento": "VALPARAISO CHACABUCO", "id_nodo": 141, "nombre_nodo": "VALP71-HUAWEI", "Longitud": -71.61748, "Latitud": -33.04576, "title_nodo": null }, "geometry": { "type": "Point", "coordinates": [ -71.61748, -33.04576 ] } },
{ "type": "Feature", "properties": { "Nemonico OC": "CHAC", "tipo": "SW", "id_emplazamiento": 510108, "nombre_emplazamiento": "VALPARAISO CHACABUCO", "id_nodo": 185, "nombre_nodo": "VALP72-HUAWEI", "Longitud": -71.61748, "Latitud": -33.04576, "title_nodo": null }, "geometry": { "type": "Point", "coordinates": [ -71.61748, -33.04576 ] } },
{ "type": "Feature", "properties": { "Nemonico OC": "CHAC", "tipo": "SW", "id_emplazamiento": 510108, "nombre_emplazamiento": "VALPARAISO CHACABUCO", "id_nodo": 332, "nombre_nodo": "VALP73-HUAWEI", "Longitud": -71.61748, "Latitud": -33.04576, "title_nodo": null }, "geometry": { "type": "Point", "coordinates": [ -71.61748, -33.04576 ] } },
{ "type": "Feature", "properties": { "Nemonico OC": "CHAC", "tipo": "SW", "id_emplazamiento": 510108, "nombre_emplazamiento": "VALPARAISO CHACABUCO", "id_nodo": 367, "nombre_nodo": "VALP74-HUAWEI", "Longitud": -71.61748, "Latitud": -33.04576, "title_nodo": null }, "geometry": { "type": "Point", "coordinates": [ -71.61748, -33.04576 ] } },
{ "type": "Feature", "properties": { "Nemonico OC": "CHAC", "tipo": "SW", "id_emplazamiento": 510108, "nombre_emplazamiento": "VALPARAISO CHACABUCO", "id_nodo": 1014, "nombre_nodo": "VALP75-HUAWEI", "Longitud": -71.61748, "Latitud": -33.04576, "title_nodo": null }, "geometry": { "type": "Point", "coordinates": [ -71.61748, -33.04576 ] } },
{ "type": "Feature", "properties": { "Nemonico OC": "CHAC", "tipo": "SW", "id_emplazamiento": 510108, "nombre_emplazamiento": "VALPARAISO CHACABUCO", "id_nodo": 1025, "nombre_nodo": "VALP76-HUAWEI", "Longitud": -71.61748, "Latitud": -33.04576, "title_nodo": null }, "geometry": { "type": "Point", "coordinates": [ -71.61748, -33.04576 ] } },
{ "type": "Feature", "properties": { "Nemonico OC": "ETAB", "tipo": "SW", "id_emplazamiento": 560503, "nombre_emplazamiento": "EL TABO", "id_nodo": 1623, "nombre_nodo": "OLT-ETAB-1", "Longitud": -71.62574, "Latitud": -33.49656, "title_nodo": "ETAB_OLT_1" }, "geometry": { "type": "Point", "coordinates": [ -71.62574, -33.49656 ] } },
{ "type": "Feature", "properties": { "Nemonico OC": "ETAB", "tipo": "PE", "id_emplazamiento": 560503, "nombre_emplazamiento": "EL TABO", "id_nodo": 465, "nombre_nodo": "EL TABO - PE80ETAB01-L", "Longitud": -71.62574, "Latitud": -33.49656, "title_nodo": null }, "geometry": { "type": "Point", "coordinates": [ -71.62574, -33.49656 ] } },
{ "type": "Feature", "properties": { "Nemonico OC": "TAL4", "tipo": "SW", "id_emplazamiento": 710101, "nombre_emplazamiento": "TALCA IV-VI", "id_nodo": 1044, "nombre_nodo": "TALC41-PE40", "Longitud": -71.63588, "Latitud": -35.43186, "title_nodo": "PE40TALC41" }, "geometry": { "type": "Point", "coordinates": [ -71.63588, -35.43186 ] } },
{ "type": "Feature", "properties": { "Nemonico OC": "TAL4", "tipo": "SW", "id_emplazamiento": 710101, "nombre_emplazamiento": "TALCA IV-VI", "id_nodo": 1693, "nombre_nodo": "TALC41-SW3624", "Longitud": -71.63588, "Latitud": -35.43186, "title_nodo": "SW36TALC41" }, "geometry": { "type": "Point", "coordinates": [ -71.63588, -35.43186 ] } },
{ "type": "Feature", "properties": { "Nemonico OC": "TAL4", "tipo": "SW", "id_emplazamiento": 710101, "nombre_emplazamiento": "TALCA IV-VI", "id_nodo": 659, "nombre_nodo": "TALC41-SW9303", "Longitud": -71.63588, "Latitud": -35.43186, "title_nodo": "SW93TALC41" }, "geometry": { "type": "Point", "coordinates": [ -71.63588, -35.43186 ] } },
{ "type": "Feature", "properties": { "Nemonico OC": "TAL4", "tipo": "SW", "id_emplazamiento": 710101, "nombre_emplazamiento": "TALCA IV-VI", "id_nodo": 1492, "nombre_nodo": "TALC42-SW9306", "Longitud": -71.63588, "Latitud": -35.43186, "title_nodo": "SW93TALC42" }, "geometry": { "type": "Point", "coordinates": [ -71.63588, -35.43186 ] } },
{ "type": "Feature", "properties": { "Nemonico OC": "TAL4", "tipo": "SW", "id_emplazamiento": 710101, "nombre_emplazamiento": "TALCA IV-VI", "id_nodo": 1653, "nombre_nodo": "OLT-TAL4-2", "Longitud": -71.63588, "Latitud": -35.43186, "title_nodo": "TAL4_OLT_2" }, "geometry": { "type": "Point", "coordinates": [ -71.63588, -35.43186 ] } },
{ "type": "Feature", "properties": { "Nemonico OC": "TAL4", "tipo": "SW", "id_emplazamiento": 710101, "nombre_emplazamiento": "TALCA IV-VI", "id_nodo": 1698, "nombre_nodo": "OLT-TAL4-3", "Longitud": -71.63588, "Latitud": -35.43186, "title_nodo": "TAL4_OLT_3" }, "geometry": { "type": "Point", "coordinates": [ -71.63588, -35.43186 ] } },
{ "type": "Feature", "properties": { "Nemonico OC": "TAL4", "tipo": "SW", "id_emplazamiento": 710101, "nombre_emplazamiento": "TALCA IV-VI", "id_nodo": 1637, "nombre_nodo": "OLT-TAL4-4", "Longitud": -71.63588, "Latitud": -35.43186, "title_nodo": "TAL4_OLT_4" }, "geometry": { "type": "Point", "coordinates": [ -71.63588, -35.43186 ] } },
{ "type": "Feature", "properties": { "Nemonico OC": "TAL4", "tipo": "SW", "id_emplazamiento": 710101, "nombre_emplazamiento": "TALCA IV-VI", "id_nodo": 1811, "nombre_nodo": "OLT-TAL4-5", "Longitud": -71.63588, "Latitud": -35.43186, "title_nodo": "TAL4_OLT_5" }, "geometry": { "type": "Point", "coordinates": [ -71.63588, -35.43186 ] } },
{ "type": "Feature", "properties": { "Nemonico OC": "TAL4", "tipo": "PE", "id_emplazamiento": 710101, "nombre_emplazamiento": "TALCA IV-VI", "id_nodo": 289, "nombre_nodo": "TALCA - PE480TALC41", "Longitud": -71.63588, "Latitud": -35.43186, "title_nodo": null }, "geometry": { "type": "Point", "coordinates": [ -71.63588, -35.43186 ] } },
{ "type": "Feature", "properties": { "Nemonico OC": "PANC", "tipo": "SW", "id_emplazamiento": 510103, "nombre_emplazamiento": "PLAYA ANCHA", "id_nodo": 1428, "nombre_nodo": "OLT-PANC-2", "Longitud": -71.6401, "Latitud": -33.03307, "title_nodo": "PANC-2- OLT" }, "geometry": { "type": "Point", "coordinates": [ -71.6401, -33.03307 ] } },
{ "type": "Feature", "properties": { "Nemonico OC": "PANC", "tipo": "SW", "id_emplazamiento": 510103, "nombre_emplazamiento": "PLAYA ANCHA", "id_nodo": 1050, "nombre_nodo": "PLYA01-PE40", "Longitud": -71.6401, "Latitud": -33.03307, "title_nodo": "PE40PLYA01" }, "geometry": { "type": "Point", "coordinates": [ -71.6401, -33.03307 ] } },
{ "type": "Feature", "properties": { "Nemonico OC": "PANC", "tipo": "SW", "id_emplazamiento": 510103, "nombre_emplazamiento": "PLAYA ANCHA", "id_nodo": 471, "nombre_nodo": "PLYA01-SW3424", "Longitud": -71.6401, "Latitud": -33.03307, "title_nodo": "SW34PLYA01" }, "geometry": { "type": "Point", "coordinates": [ -71.6401, -33.03307 ] } },
{ "type": "Feature", "properties": { "Nemonico OC": "PANC", "tipo": "SW", "id_emplazamiento": 510103, "nombre_emplazamiento": "PLAYA ANCHA", "id_nodo": 187, "nombre_nodo": "PLYA01-SW3750", "Longitud": -71.6401, "Latitud": -33.03307, "title_nodo": "SW37PLYA01" }, "geometry": { "type": "Point", "coordinates": [ -71.6401, -33.03307 ] } },
{ "type": "Feature", "properties": { "Nemonico OC": "PANC", "tipo": "SW", "id_emplazamiento": 510103, "nombre_emplazamiento": "PLAYA ANCHA", "id_nodo": 712, "nombre_nodo": "PLYA01-SW9303", "Longitud": -71.6401, "Latitud": -33.03307, "title_nodo": "SW93PLYA01" }, "geometry": { "type": "Point", "coordinates": [ -71.6401, -33.03307 ] } },
{ "type": "Feature", "properties": { "Nemonico OC": "PANC", "tipo": "SW", "id_emplazamiento": 510103, "nombre_emplazamiento": "PLAYA ANCHA", "id_nodo": 1273, "nombre_nodo": "OLT-PANC01", "Longitud": -71.6401, "Latitud": -33.03307, "title_nodo": null }, "geometry": { "type": "Point", "coordinates": [ -71.6401, -33.03307 ] } },
{ "type": "Feature", "properties": { "Nemonico OC": "TAL2", "tipo": "SW", "id_emplazamiento": 710103, "nombre_emplazamiento": "TALCA II-V-VII", "id_nodo": 1079, "nombre_nodo": "TALC01-PE40", "Longitud": -71.66077, "Latitud": -35.42818, "title_nodo": "PE40TALC01" }, "geometry": { "type": "Point", "coordinates": [ -71.66077, -35.42818 ] } },
{ "type": "Feature", "properties": { "Nemonico OC": "TAL2", "tipo": "SW", "id_emplazamiento": 710103, "nombre_emplazamiento": "TALCA II-V-VII", "id_nodo": 1600, "nombre_nodo": "TALC02-PE40-L", "Longitud": -71.66077, "Latitud": -35.42818, "title_nodo": "PE40TALC02-L" }, "geometry": { "type": "Point", "coordinates": [ -71.66077, -35.42818 ] } },
{ "type": "Feature", "properties": { "Nemonico OC": "TAL2", "tipo": "SW", "id_emplazamiento": 710103, "nombre_emplazamiento": "TALCA II-V-VII", "id_nodo": 248, "nombre_nodo": "TALC04-SW3750", "Longitud": -71.66077, "Latitud": -35.42818, "title_nodo": "SW37TALC04" }, "geometry": { "type": "Point", "coordinates": [ -71.66077, -35.42818 ] } },
{ "type": "Feature", "properties": { "Nemonico OC": "TAL2", "tipo": "SW", "id_emplazamiento": 710103, "nombre_emplazamiento": "TALCA II-V-VII", "id_nodo": 454, "nombre_nodo": "TALC01-SW40E", "Longitud": -71.66077, "Latitud": -35.42818, "title_nodo": "SW40TALC01" }, "geometry": { "type": "Point", "coordinates": [ -71.66077, -35.42818 ] } },
{ "type": "Feature", "properties": { "Nemonico OC": "TAL2", "tipo": "SW", "id_emplazamiento": 710103, "nombre_emplazamiento": "TALCA II-V-VII", "id_nodo": 701, "nombre_nodo": "TALC02-SW9303", "Longitud": -71.66077, "Latitud": -35.42818, "title_nodo": "SW93TALC02" }, "geometry": { "type": "Point", "coordinates": [ -71.66077, -35.42818 ] } },
{ "type": "Feature", "properties": { "Nemonico OC": "TAL2", "tipo": "SW", "id_emplazamiento": 710103, "nombre_emplazamiento": "TALCA II-V-VII", "id_nodo": 932, "nombre_nodo": "TALC03-SW9303", "Longitud": -71.66077, "Latitud": -35.42818, "title_nodo": "SW93TALC03" }, "geometry": { "type": "Point", "coordinates": [ -71.66077, -35.42818 ] } },
{ "type": "Feature", "properties": { "Nemonico OC": "TAL2", "tipo": "SW", "id_emplazamiento": 710103, "nombre_emplazamiento": "TALCA II-V-VII", "id_nodo": 1619, "nombre_nodo": "OLT-TAL2-2", "Longitud": -71.66077, "Latitud": -35.42818, "title_nodo": "TAL2_OLT_2" }, "geometry": { "type": "Point", "coordinates": [ -71.66077, -35.42818 ] } },
{ "type": "Feature", "properties": { "Nemonico OC": "TAL2", "tipo": "SW", "id_emplazamiento": 710103, "nombre_emplazamiento": "TALCA II-V-VII", "id_nodo": 1738, "nombre_nodo": "OLT-TAL2-3", "Longitud": -71.66077, "Latitud": -35.42818, "title_nodo": "TAL2_OLT_3" }, "geometry": { "type": "Point", "coordinates": [ -71.66077, -35.42818 ] } },
{ "type": "Feature", "properties": { "Nemonico OC": "TAL2", "tipo": "SW", "id_emplazamiento": 710103, "nombre_emplazamiento": "TALCA II-V-VII", "id_nodo": 1423, "nombre_nodo": "OLT-TAL2-5", "Longitud": -71.66077, "Latitud": -35.42818, "title_nodo": "TAL2_OLT_5" }, "geometry": { "type": "Point", "coordinates": [ -71.66077, -35.42818 ] } },
{ "type": "Feature", "properties": { "Nemonico OC": "TAL2", "tipo": "SW", "id_emplazamiento": 710103, "nombre_emplazamiento": "TALCA II-V-VII", "id_nodo": 1427, "nombre_nodo": "OLT-TAL2-6", "Longitud": -71.66077, "Latitud": -35.42818, "title_nodo": "TAL2_OLT_6" }, "geometry": { "type": "Point", "coordinates": [ -71.66077, -35.42818 ] } },
{ "type": "Feature", "properties": { "Nemonico OC": "TAL2", "tipo": "SW", "id_emplazamiento": 710103, "nombre_emplazamiento": "TALCA II-V-VII", "id_nodo": 1647, "nombre_nodo": "OLT-TAL2-7", "Longitud": -71.66077, "Latitud": -35.42818, "title_nodo": "TAL2_OLT_7" }, "geometry": { "type": "Point", "coordinates": [ -71.66077, -35.42818 ] } },
{ "type": "Feature", "properties": { "Nemonico OC": "TAL2", "tipo": "PE", "id_emplazamiento": 710103, "nombre_emplazamiento": "TALCA II-V-VII", "id_nodo": 152, "nombre_nodo": "TALCA - NB76TALC02", "Longitud": -71.66077, "Latitud": -35.42818, "title_nodo": null }, "geometry": { "type": "Point", "coordinates": [ -71.66077, -35.42818 ] } },
{ "type": "Feature", "properties": { "Nemonico OC": "TAL2", "tipo": "PE", "id_emplazamiento": 710103, "nombre_emplazamiento": "TALCA II-V-VII", "id_nodo": 128, "nombre_nodo": "TALCA - PE06TALC01 (Cerrado)", "Longitud": -71.66077, "Latitud": -35.42818, "title_nodo": null }, "geometry": { "type": "Point", "coordinates": [ -71.66077, -35.42818 ] } },
{ "type": "Feature", "properties": { "Nemonico OC": "TAL2", "tipo": "PE", "id_emplazamiento": 710103, "nombre_emplazamiento": "TALCA II-V-VII", "id_nodo": 180, "nombre_nodo": "TALCA - PE10TALC01 (Cerrado)", "Longitud": -71.66077, "Latitud": -35.42818, "title_nodo": null }, "geometry": { "type": "Point", "coordinates": [ -71.66077, -35.42818 ] } },
{ "type": "Feature", "properties": { "Nemonico OC": "TAL2", "tipo": "PE", "id_emplazamiento": 710103, "nombre_emplazamiento": "TALCA II-V-VII", "id_nodo": 296, "nombre_nodo": "TALCA - PE480TALC01", "Longitud": -71.66077, "Latitud": -35.42818, "title_nodo": null }, "geometry": { "type": "Point", "coordinates": [ -71.66077, -35.42818 ] } },
{ "type": "Feature", "properties": { "Nemonico OC": "TAL2", "tipo": "PE", "id_emplazamiento": 710103, "nombre_emplazamiento": "TALCA II-V-VII", "id_nodo": 106, "nombre_nodo": "TALCA - PE76TALC01", "Longitud": -71.66077, "Latitud": -35.42818, "title_nodo": null }, "geometry": { "type": "Point", "coordinates": [ -71.66077, -35.42818 ] } },
{ "type": "Feature", "properties": { "Nemonico OC": "TAL2", "tipo": "PE", "id_emplazamiento": 710103, "nombre_emplazamiento": "TALCA II-V-VII", "id_nodo": 451, "nombre_nodo": "TALCA - PE96TALC01-L HL4 (CLI DIR)", "Longitud": -71.66077, "Latitud": -35.42818, "title_nodo": null }, "geometry": { "type": "Point", "coordinates": [ -71.66077, -35.42818 ] } },
{ "type": "Feature", "properties": { "Nemonico OC": "TAL2", "tipo": "PE", "id_emplazamiento": 710103, "nombre_emplazamiento": "TALCA II-V-VII", "id_nodo": 182, "nombre_nodo": "TALCA - TALC73 Huawei", "Longitud": -71.66077, "Latitud": -35.42818, "title_nodo": null }, "geometry": { "type": "Point", "coordinates": [ -71.66077, -35.42818 ] } },
{ "type": "Feature", "properties": { "Nemonico OC": "TAL2", "tipo": "PE", "id_emplazamiento": 710103, "nombre_emplazamiento": "TALCA II-V-VII", "id_nodo": 139, "nombre_nodo": "TALCA - TALC74 Huawei", "Longitud": -71.66077, "Latitud": -35.42818, "title_nodo": null }, "geometry": { "type": "Point", "coordinates": [ -71.66077, -35.42818 ] } },
{ "type": "Feature", "properties": { "Nemonico OC": "TAL2", "tipo": "SW", "id_emplazamiento": 710103, "nombre_emplazamiento": "TALCA II-V-VII", "id_nodo": 157, "nombre_nodo": "TALC69-HUAWEI", "Longitud": -71.66077, "Latitud": -35.42818, "title_nodo": null }, "geometry": { "type": "Point", "coordinates": [ -71.66077, -35.42818 ] } },
{ "type": "Feature", "properties": { "Nemonico OC": "TAL2", "tipo": "SW", "id_emplazamiento": 710103, "nombre_emplazamiento": "TALCA II-V-VII", "id_nodo": 457, "nombre_nodo": "TALC70-HUAWEI", "Longitud": -71.66077, "Latitud": -35.42818, "title_nodo": null }, "geometry": { "type": "Point", "coordinates": [ -71.66077, -35.42818 ] } },
{ "type": "Feature", "properties": { "Nemonico OC": "TAL2", "tipo": "SW", "id_emplazamiento": 710103, "nombre_emplazamiento": "TALCA II-V-VII", "id_nodo": 472, "nombre_nodo": "TALC71-HUAWEI", "Longitud": -71.66077, "Latitud": -35.42818, "title_nodo": null }, "geometry": { "type": "Point", "coordinates": [ -71.66077, -35.42818 ] } },
{ "type": "Feature", "properties": { "Nemonico OC": "TAL2", "tipo": "SW", "id_emplazamiento": 710103, "nombre_emplazamiento": "TALCA II-V-VII", "id_nodo": 647, "nombre_nodo": "TALC72-HUAWEI", "Longitud": -71.66077, "Latitud": -35.42818, "title_nodo": null }, "geometry": { "type": "Point", "coordinates": [ -71.66077, -35.42818 ] } },
{ "type": "Feature", "properties": { "Nemonico OC": "TAL2", "tipo": "SW", "id_emplazamiento": 710103, "nombre_emplazamiento": "TALCA II-V-VII", "id_nodo": 941, "nombre_nodo": "TALC73-HUAWEI", "Longitud": -71.66077, "Latitud": -35.42818, "title_nodo": null }, "geometry": { "type": "Point", "coordinates": [ -71.66077, -35.42818 ] } },
{ "type": "Feature", "properties": { "Nemonico OC": "LONG", "tipo": "SW", "id_emplazamiento": 740301, "nombre_emplazamiento": "LONGAVI", "id_nodo": 1734, "nombre_nodo": "OLT-LONG-1", "Longitud": -71.68154, "Latitud": -35.96572, "title_nodo": "LONG_OLT_1" }, "geometry": { "type": "Point", "coordinates": [ -71.68154, -35.96572 ] } },
{ "type": "Feature", "properties": { "Nemonico OC": "LONG", "tipo": "PE", "id_emplazamiento": 740301, "nombre_emplazamiento": "LONGAVI", "id_nodo": 492, "nombre_nodo": "LONGAVI - PE80LONG01-L", "Longitud": -71.68154, "Latitud": -35.96572, "title_nodo": null }, "geometry": { "type": "Point", "coordinates": [ -71.68154, -35.96572 ] } },
{ "type": "Feature", "properties": { "Nemonico OC": "SJAV", "tipo": "SW", "id_emplazamiento": 740601, "nombre_emplazamiento": "SAN JAVIER II", "id_nodo": 1661, "nombre_nodo": "OLT-SJAV-1", "Longitud": -71.72701, "Latitud": -35.59267, "title_nodo": "SJAV_OLT_1" }, "geometry": { "type": "Point", "coordinates": [ -71.72701, -35.59267 ] } },
{ "type": "Feature", "properties": { "Nemonico OC": "SJAV", "tipo": "SW", "id_emplazamiento": 740601, "nombre_emplazamiento": "SAN JAVIER II", "id_nodo": 840, "nombre_nodo": "SJAV01-SW9303", "Longitud": -71.72701, "Latitud": -35.59267, "title_nodo": "SW93SJAV01" }, "geometry": { "type": "Point", "coordinates": [ -71.72701, -35.59267 ] } },
{ "type": "Feature", "properties": { "Nemonico OC": "SJAV", "tipo": "PE", "id_emplazamiento": 740601, "nombre_emplazamiento": "SAN JAVIER II", "id_nodo": 489, "nombre_nodo": "SAN JAVIER - PE80SJAV01-L", "Longitud": -71.72701, "Latitud": -35.59267, "title_nodo": null }, "geometry": { "type": "Point", "coordinates": [ -71.72701, -35.59267 ] } },
{ "type": "Feature", "properties": { "Nemonico OC": "SJAV", "tipo": "SW", "id_emplazamiento": 740601, "nombre_emplazamiento": "SAN JAVIER II", "id_nodo": 956, "nombre_nodo": "SJAV69-MMOO", "Longitud": -71.72701, "Latitud": -35.59267, "title_nodo": null }, "geometry": { "type": "Point", "coordinates": [ -71.72701, -35.59267 ] } },
{ "type": "Feature", "properties": { "Nemonico OC": "VALE", "tipo": "SW", "id_emplazamiento": 740701, "nombre_emplazamiento": "VILLA ALEGRE", "id_nodo": 1676, "nombre_nodo": "OLT-VALE-1", "Longitud": -71.74421, "Latitud": -35.67423, "title_nodo": "VALE_OLT_1" }, "geometry": { "type": "Point", "coordinates": [ -71.74421, -35.67423 ] } },
{ "type": "Feature", "properties": { "Nemonico OC": "VALE", "tipo": "PE", "id_emplazamiento": 740701, "nombre_emplazamiento": "VILLA ALEGRE", "id_nodo": 491, "nombre_nodo": "VILLA ALEGRE - PE80VALG01-L", "Longitud": -71.74421, "Latitud": -35.67423, "title_nodo": null }, "geometry": { "type": "Point", "coordinates": [ -71.74421, -35.67423 ] } },
{ "type": "Feature", "properties": { "Nemonico OC": "HUAL", "tipo": "SW", "id_emplazamiento": 811002, "nombre_emplazamiento": "HUALPENCILLO", "id_nodo": 1098, "nombre_nodo": "HUAL01-PE40", "Longitud": -71.80437, "Latitud": -34.97604, "title_nodo": "PE40HUAL01" }, "geometry": { "type": "Point", "coordinates": [ -71.80437, -34.97604 ] } },
{ "type": "Feature", "properties": { "Nemonico OC": "HUAL", "tipo": "SW", "id_emplazamiento": 811002, "nombre_emplazamiento": "HUALPENCILLO", "id_nodo": 399, "nombre_nodo": "HUAL02-SW6524", "Longitud": -71.80437, "Latitud": -34.97604, "title_nodo": "SW65HUAL02" }, "geometry": { "type": "Point", "coordinates": [ -71.80437, -34.97604 ] } },
{ "type": "Feature", "properties": { "Nemonico OC": "HUAL", "tipo": "SW", "id_emplazamiento": 811002, "nombre_emplazamiento": "HUALPENCILLO", "id_nodo": 713, "nombre_nodo": "HUAL01-SW9303", "Longitud": -71.80437, "Latitud": -34.97604, "title_nodo": "SW93HUAL01" }, "geometry": { "type": "Point", "coordinates": [ -71.80437, -34.97604 ] } },
{ "type": "Feature", "properties": { "Nemonico OC": "HUAL", "tipo": "SW", "id_emplazamiento": 811002, "nombre_emplazamiento": "HUALPENCILLO", "id_nodo": 1414, "nombre_nodo": "OLT-UALP-1", "Longitud": -71.80437, "Latitud": -34.97604, "title_nodo": "UALP_OLT_1" }, "geometry": { "type": "Point", "coordinates": [ -71.80437, -34.97604 ] } },
{ "type": "Feature", "properties": { "Nemonico OC": "HUAL", "tipo": "SW", "id_emplazamiento": 811002, "nombre_emplazamiento": "HUALPENCILLO", "id_nodo": 1605, "nombre_nodo": "OLT-UALP-2", "Longitud": -71.80437, "Latitud": -34.97604, "title_nodo": "UALP_OLT_2" }, "geometry": { "type": "Point", "coordinates": [ -71.80437, -34.97604 ] } },
{ "type": "Feature", "properties": { "Nemonico OC": "PARR", "tipo": "SW", "id_emplazamiento": 740401, "nombre_emplazamiento": "PARRAL", "id_nodo": 1631, "nombre_nodo": "OLT-PARR-1", "Longitud": -71.82061, "Latitud": -36.14128, "title_nodo": "PARR_OLT_1" }, "geometry": { "type": "Point", "coordinates": [ -71.82061, -36.14128 ] } },
{ "type": "Feature", "properties": { "Nemonico OC": "PARR", "tipo": "SW", "id_emplazamiento": 740401, "nombre_emplazamiento": "PARRAL", "id_nodo": 433, "nombre_nodo": "PARR01-SW40E", "Longitud": -71.82061, "Latitud": -36.14128, "title_nodo": "SW40PARR01" }, "geometry": { "type": "Point", "coordinates": [ -71.82061, -36.14128 ] } },
{ "type": "Feature", "properties": { "Nemonico OC": "PARR", "tipo": "SW", "id_emplazamiento": 740401, "nombre_emplazamiento": "PARRAL", "id_nodo": 782, "nombre_nodo": "PARR01-SW9303", "Longitud": -71.82061, "Latitud": -36.14128, "title_nodo": "SW93PARR01" }, "geometry": { "type": "Point", "coordinates": [ -71.82061, -36.14128 ] } },
{ "type": "Feature", "properties": { "Nemonico OC": "PARR", "tipo": "PE", "id_emplazamiento": 740401, "nombre_emplazamiento": "PARRAL", "id_nodo": 490, "nombre_nodo": "PARRAL - PE80PARR01-L", "Longitud": -71.82061, "Latitud": -36.14128, "title_nodo": null }, "geometry": { "type": "Point", "coordinates": [ -71.82061, -36.14128 ] } },
{ "type": "Feature", "properties": { "Nemonico OC": "PARR", "tipo": "SW", "id_emplazamiento": 740401, "nombre_emplazamiento": "PARRAL", "id_nodo": 911, "nombre_nodo": "PARR69-HUAWEI", "Longitud": -71.82061, "Latitud": -36.14128, "title_nodo": null }, "geometry": { "type": "Point", "coordinates": [ -71.82061, -36.14128 ] } },
{ "type": "Feature", "properties": { "Nemonico OC": "SCAR", "tipo": "SW", "id_emplazamiento": 841601, "nombre_emplazamiento": "SAN CARLOS (CHILLAN)", "id_nodo": 1731, "nombre_nodo": "SCCH02-PE40-L", "Longitud": -71.95825, "Latitud": -36.42237, "title_nodo": "PE40SCCH02-L" }, "geometry": { "type": "Point", "coordinates": [ -71.95825, -36.42237 ] } },
{ "type": "Feature", "properties": { "Nemonico OC": "SCAR", "tipo": "SW", "id_emplazamiento": 841601, "nombre_emplazamiento": "SAN CARLOS (CHILLAN)", "id_nodo": 1580, "nombre_nodo": "OLT-SCAR-1", "Longitud": -71.95825, "Latitud": -36.42237, "title_nodo": "SCAR-1- OLT" }, "geometry": { "type": "Point", "coordinates": [ -71.95825, -36.42237 ] } },
{ "type": "Feature", "properties": { "Nemonico OC": "SCAR", "tipo": "SW", "id_emplazamiento": 841601, "nombre_emplazamiento": "SAN CARLOS (CHILLAN)", "id_nodo": 391, "nombre_nodo": "SCCH01-SW6524", "Longitud": -71.95825, "Latitud": -36.42237, "title_nodo": "SW65SCCH01" }, "geometry": { "type": "Point", "coordinates": [ -71.95825, -36.42237 ] } },
{ "type": "Feature", "properties": { "Nemonico OC": "SCAR", "tipo": "SW", "id_emplazamiento": 841601, "nombre_emplazamiento": "SAN CARLOS (CHILLAN)", "id_nodo": 733, "nombre_nodo": "SCCH01-SW9303", "Longitud": -71.95825, "Latitud": -36.42237, "title_nodo": "SW93SCCH01" }, "geometry": { "type": "Point", "coordinates": [ -71.95825, -36.42237 ] } },
{ "type": "Feature", "properties": { "Nemonico OC": "SCAR", "tipo": "SW", "id_emplazamiento": 841601, "nombre_emplazamiento": "SAN CARLOS (CHILLAN)", "id_nodo": 1243, "nombre_nodo": "SCCH69-HUAWEI", "Longitud": -71.95825, "Latitud": -36.42237, "title_nodo": null }, "geometry": { "type": "Point", "coordinates": [ -71.95825, -36.42237 ] } },
{ "type": "Feature", "properties": { "Nemonico OC": "PUCN", "tipo": "SW", "id_emplazamiento": 911501, "nombre_emplazamiento": "PUCON", "id_nodo": 1633, "nombre_nodo": "OLT-PUCN-1", "Longitud": -71.97445, "Latitud": -39.27491, "title_nodo": "PUCN_OLT_1" }, "geometry": { "type": "Point", "coordinates": [ -71.97445, -39.27491 ] } },
{ "type": "Feature", "properties": { "Nemonico OC": "PUCN", "tipo": "SW", "id_emplazamiento": 911501, "nombre_emplazamiento": "PUCON", "id_nodo": 1686, "nombre_nodo": "OLT-PUCN-2", "Longitud": -71.97445, "Latitud": -39.27491, "title_nodo": "PUCN_OLT_1" }, "geometry": { "type": "Point", "coordinates": [ -71.97445, -39.27491 ] } },
{ "type": "Feature", "properties": { "Nemonico OC": "PUCN", "tipo": "SW", "id_emplazamiento": 911501, "nombre_emplazamiento": "PUCON", "id_nodo": 821, "nombre_nodo": "PUCO01-SW9303", "Longitud": -71.97445, "Latitud": -39.27491, "title_nodo": "SW93PUCO01" }, "geometry": { "type": "Point", "coordinates": [ -71.97445, -39.27491 ] } },
{ "type": "Feature", "properties": { "Nemonico OC": "PUCN", "tipo": "PE", "id_emplazamiento": 911501, "nombre_emplazamiento": "PUCON", "id_nodo": 357, "nombre_nodo": "PUCON - PE96PUCO01 HL5 solo L2", "Longitud": -71.97445, "Latitud": -39.27491, "title_nodo": null }, "geometry": { "type": "Point", "coordinates": [ -71.97445, -39.27491 ] } },
{ "type": "Feature", "properties": { "Nemonico OC": "PCHL", "tipo": "SW", "id_emplazamiento": 620101, "nombre_emplazamiento": "PICHILEMU", "id_nodo": 1681, "nombre_nodo": "OLT-PCHL-1", "Longitud": -72.00566, "Latitud": -34.38564, "title_nodo": "PCHL_OLT_1" }, "geometry": { "type": "Point", "coordinates": [ -72.00566, -34.38564 ] } },
{ "type": "Feature", "properties": { "Nemonico OC": "PCHL", "tipo": "PE", "id_emplazamiento": 620101, "nombre_emplazamiento": "PICHILEMU", "id_nodo": 477, "nombre_nodo": "PICHILEMU - PE80PCHL01-L", "Longitud": -72.00566, "Latitud": -34.38564, "title_nodo": null }, "geometry": { "type": "Point", "coordinates": [ -72.00566, -34.38564 ] } },
{ "type": "Feature", "properties": { "Nemonico OC": "RSIM", "tipo": "SW", "id_emplazamiento": 1110101, "nombre_emplazamiento": "COYHAIQUE (Rio Simpson)", "id_nodo": 1406, "nombre_nodo": "COYH02-NB40E", "Longitud": -72.06093, "Latitud": -45.57962, "title_nodo": "NB40COYH02" }, "geometry": { "type": "Point", "coordinates": [ -72.06093, -45.57962 ] } },
{ "type": "Feature", "properties": { "Nemonico OC": "RSIM", "tipo": "SW", "id_emplazamiento": 1110101, "nombre_emplazamiento": "COYHAIQUE (Rio Simpson)", "id_nodo": 1626, "nombre_nodo": "OLT-RSIM-1", "Longitud": -72.06093, "Latitud": -45.57962, "title_nodo": "RSIM_OLT_1" }, "geometry": { "type": "Point", "coordinates": [ -72.06093, -45.57962 ] } },
{ "type": "Feature", "properties": { "Nemonico OC": "RSIM", "tipo": "SW", "id_emplazamiento": 1110101, "nombre_emplazamiento": "COYHAIQUE (Rio Simpson)", "id_nodo": 630, "nombre_nodo": "COYH01-SW9303", "Longitud": -72.06093, "Latitud": -45.57962, "title_nodo": "SW93COYH01" }, "geometry": { "type": "Point", "coordinates": [ -72.06093, -45.57962 ] } },
{ "type": "Feature", "properties": { "Nemonico OC": "RSIM", "tipo": "PE", "id_emplazamiento": 1110101, "nombre_emplazamiento": "COYHAIQUE (Rio Simpson)", "id_nodo": 441, "nombre_nodo": "COYHAIQUE - NB96COYH01", "Longitud": -72.06093, "Latitud": -45.57962, "title_nodo": null }, "geometry": { "type": "Point", "coordinates": [ -72.06093, -45.57962 ] } },
{ "type": "Feature", "properties": { "Nemonico OC": "RSIM", "tipo": "PE", "id_emplazamiento": 1110101, "nombre_emplazamiento": "COYHAIQUE (Rio Simpson)", "id_nodo": 80, "nombre_nodo": "COYHAIQUE - PE06COYH01 (Cerrado)", "Longitud": -72.06093, "Latitud": -45.57962, "title_nodo": null }, "geometry": { "type": "Point", "coordinates": [ -72.06093, -45.57962 ] } },
{ "type": "Feature", "properties": { "Nemonico OC": "RSIM", "tipo": "PE", "id_emplazamiento": 1110101, "nombre_emplazamiento": "COYHAIQUE (Rio Simpson)", "id_nodo": 303, "nombre_nodo": "COYHAIQUE - PE10COYH01", "Longitud": -72.06093, "Latitud": -45.57962, "title_nodo": null }, "geometry": { "type": "Point", "coordinates": [ -72.06093, -45.57962 ] } },
{ "type": "Feature", "properties": { "Nemonico OC": "RSIM", "tipo": "PE", "id_emplazamiento": 1110101, "nombre_emplazamiento": "COYHAIQUE (Rio Simpson)", "id_nodo": 437, "nombre_nodo": "COYHAIQUE - PE80COYH01-L", "Longitud": -72.06093, "Latitud": -45.57962, "title_nodo": null }, "geometry": { "type": "Point", "coordinates": [ -72.06093, -45.57962 ] } },
{ "type": "Feature", "properties": { "Nemonico OC": "RSIM", "tipo": "SW", "id_emplazamiento": 1110101, "nombre_emplazamiento": "COYHAIQUE (Rio Simpson)", "id_nodo": 990, "nombre_nodo": "COYH69-MMOO", "Longitud": -72.06093, "Latitud": -45.57962, "title_nodo": null }, "geometry": { "type": "Point", "coordinates": [ -72.06093, -45.57962 ] } },
{ "type": "Feature", "properties": { "Nemonico OC": "CHL4", "tipo": "SW", "id_emplazamiento": 840103, "nombre_emplazamiento": "CHILLAN IV", "id_nodo": 1376, "nombre_nodo": "OLT-CHL4-2", "Longitud": -72.09493, "Latitud": -36.60047, "title_nodo": "CHL4_OLT_2" }, "geometry": { "type": "Point", "coordinates": [ -72.09493, -36.60047 ] } },
{ "type": "Feature", "properties": { "Nemonico OC": "CHL4", "tipo": "SW", "id_emplazamiento": 840103, "nombre_emplazamiento": "CHILLAN IV", "id_nodo": 1259, "nombre_nodo": "OLT-CHL4-3", "Longitud": -72.09493, "Latitud": -36.60047, "title_nodo": "CHL4_OLT_3" }, "geometry": { "type": "Point", "coordinates": [ -72.09493, -36.60047 ] } },
{ "type": "Feature", "properties": { "Nemonico OC": "CHL4", "tipo": "SW", "id_emplazamiento": 840103, "nombre_emplazamiento": "CHILLAN IV", "id_nodo": 1425, "nombre_nodo": "OLT-CHL4-4", "Longitud": -72.09493, "Latitud": -36.60047, "title_nodo": "CHL4_OLT_4" }, "geometry": { "type": "Point", "coordinates": [ -72.09493, -36.60047 ] } },
{ "type": "Feature", "properties": { "Nemonico OC": "CHL4", "tipo": "SW", "id_emplazamiento": 840103, "nombre_emplazamiento": "CHILLAN IV", "id_nodo": 1536, "nombre_nodo": "OLT-CHL4-5", "Longitud": -72.09493, "Latitud": -36.60047, "title_nodo": "CHL4_OLT_5" }, "geometry": { "type": "Point", "coordinates": [ -72.09493, -36.60047 ] } },
{ "type": "Feature", "properties": { "Nemonico OC": "CHL4", "tipo": "SW", "id_emplazamiento": 840103, "nombre_emplazamiento": "CHILLAN IV", "id_nodo": 1801, "nombre_nodo": "OLT-CHL4-6", "Longitud": -72.09493, "Latitud": -36.60047, "title_nodo": "CHL4_OLT_6" }, "geometry": { "type": "Point", "coordinates": [ -72.09493, -36.60047 ] } },
{ "type": "Feature", "properties": { "Nemonico OC": "CHL4", "tipo": "SW", "id_emplazamiento": 840103, "nombre_emplazamiento": "CHILLAN IV", "id_nodo": 1796, "nombre_nodo": "OLT-CHL4-7", "Longitud": -72.09493, "Latitud": -36.60047, "title_nodo": "CHL4_OLT_7" }, "geometry": { "type": "Point", "coordinates": [ -72.09493, -36.60047 ] } },
{ "type": "Feature", "properties": { "Nemonico OC": "CHL4", "tipo": "SW", "id_emplazamiento": 840103, "nombre_emplazamiento": "CHILLAN IV", "id_nodo": 1072, "nombre_nodo": "CHIA41-PE40", "Longitud": -72.09493, "Latitud": -36.60047, "title_nodo": "PE40CHIA41" }, "geometry": { "type": "Point", "coordinates": [ -72.09493, -36.60047 ] } },
{ "type": "Feature", "properties": { "Nemonico OC": "CHL4", "tipo": "SW", "id_emplazamiento": 840103, "nombre_emplazamiento": "CHILLAN IV", "id_nodo": 317, "nombre_nodo": "CHI401-SW3750", "Longitud": -72.09493, "Latitud": -36.60047, "title_nodo": "SW37CHIL401" }, "geometry": { "type": "Point", "coordinates": [ -72.09493, -36.60047 ] } },
{ "type": "Feature", "properties": { "Nemonico OC": "CHL4", "tipo": "SW", "id_emplazamiento": 840103, "nombre_emplazamiento": "CHILLAN IV", "id_nodo": 704, "nombre_nodo": "CHIA41-SW9303", "Longitud": -72.09493, "Latitud": -36.60047, "title_nodo": "SW93CHIA41" }, "geometry": { "type": "Point", "coordinates": [ -72.09493, -36.60047 ] } },
{ "type": "Feature", "properties": { "Nemonico OC": "CHL4", "tipo": "SW", "id_emplazamiento": 840103, "nombre_emplazamiento": "CHILLAN IV", "id_nodo": 926, "nombre_nodo": "CHIA42-SW9303", "Longitud": -72.09493, "Latitud": -36.60047, "title_nodo": "SW93CHIA42" }, "geometry": { "type": "Point", "coordinates": [ -72.09493, -36.60047 ] } },
{ "type": "Feature", "properties": { "Nemonico OC": "CHL4", "tipo": "PE", "id_emplazamiento": 840103, "nombre_emplazamiento": "CHILLAN IV", "id_nodo": 385, "nombre_nodo": "CHILLAN - NB40CHIA41", "Longitud": -72.09493, "Latitud": -36.60047, "title_nodo": null }, "geometry": { "type": "Point", "coordinates": [ -72.09493, -36.60047 ] } },
{ "type": "Feature", "properties": { "Nemonico OC": "CHLL", "tipo": "SW", "id_emplazamiento": 840101, "nombre_emplazamiento": "CHILLAN II", "id_nodo": 1041, "nombre_nodo": "CHIA01-PE40", "Longitud": -72.10234, "Latitud": -36.60728, "title_nodo": "PE40CHIA01" }, "geometry": { "type": "Point", "coordinates": [ -72.10234, -36.60728 ] } },
{ "type": "Feature", "properties": { "Nemonico OC": "CHLL", "tipo": "SW", "id_emplazamiento": 840101, "nombre_emplazamiento": "CHILLAN II", "id_nodo": 163, "nombre_nodo": "CHIA01-SW3750", "Longitud": -72.10234, "Latitud": -36.60728, "title_nodo": "SW37CHIA01" }, "geometry": { "type": "Point", "coordinates": [ -72.10234, -36.60728 ] } },
{ "type": "Feature", "properties": { "Nemonico OC": "CHLL", "tipo": "SW", "id_emplazamiento": 840101, "nombre_emplazamiento": "CHILLAN II", "id_nodo": 214, "nombre_nodo": "CHIA02-SW3750", "Longitud": -72.10234, "Latitud": -36.60728, "title_nodo": "SW37CHIA02" }, "geometry": { "type": "Point", "coordinates": [ -72.10234, -36.60728 ] } },
{ "type": "Feature", "properties": { "Nemonico OC": "CHLL", "tipo": "SW", "id_emplazamiento": 840101, "nombre_emplazamiento": "CHILLAN II", "id_nodo": 351, "nombre_nodo": "CHIA01-SW6524", "Longitud": -72.10234, "Latitud": -36.60728, "title_nodo": "SW65CHIA01" }, "geometry": { "type": "Point", "coordinates": [ -72.10234, -36.60728 ] } },
{ "type": "Feature", "properties": { "Nemonico OC": "CHLL", "tipo": "SW", "id_emplazamiento": 840101, "nombre_emplazamiento": "CHILLAN II", "id_nodo": 538, "nombre_nodo": "CHIA01-SW9303", "Longitud": -72.10234, "Latitud": -36.60728, "title_nodo": "SW93CHIA01" }, "geometry": { "type": "Point", "coordinates": [ -72.10234, -36.60728 ] } },
{ "type": "Feature", "properties": { "Nemonico OC": "CHLL", "tipo": "SW", "id_emplazamiento": 840101, "nombre_emplazamiento": "CHILLAN II", "id_nodo": 703, "nombre_nodo": "CHIA02-SW9303", "Longitud": -72.10234, "Latitud": -36.60728, "title_nodo": "SW93CHIA02" }, "geometry": { "type": "Point", "coordinates": [ -72.10234, -36.60728 ] } },
{ "type": "Feature", "properties": { "Nemonico OC": "CHLL", "tipo": "PE", "id_emplazamiento": 840101, "nombre_emplazamiento": "CHILLAN II", "id_nodo": 368, "nombre_nodo": "CHILLAN - NB96CHIA01 HL4 (CLI DIR)", "Longitud": -72.10234, "Latitud": -36.60728, "title_nodo": null }, "geometry": { "type": "Point", "coordinates": [ -72.10234, -36.60728 ] } },
{ "type": "Feature", "properties": { "Nemonico OC": "CHLL", "tipo": "PE", "id_emplazamiento": 840101, "nombre_emplazamiento": "CHILLAN II", "id_nodo": 109, "nombre_nodo": "CHILLAN - PE06CHIA01", "Longitud": -72.10234, "Latitud": -36.60728, "title_nodo": null }, "geometry": { "type": "Point", "coordinates": [ -72.10234, -36.60728 ] } },
{ "type": "Feature", "properties": { "Nemonico OC": "CHLL", "tipo": "PE", "id_emplazamiento": 840101, "nombre_emplazamiento": "CHILLAN II", "id_nodo": 197, "nombre_nodo": "CHILLAN - PE10CHIA01 (Cerrado)", "Longitud": -72.10234, "Latitud": -36.60728, "title_nodo": null }, "geometry": { "type": "Point", "coordinates": [ -72.10234, -36.60728 ] } },
{ "type": "Feature", "properties": { "Nemonico OC": "CHLL", "tipo": "PE", "id_emplazamiento": 840101, "nombre_emplazamiento": "CHILLAN II", "id_nodo": 115, "nombre_nodo": "CHILLAN - PE76CHIA01", "Longitud": -72.10234, "Latitud": -36.60728, "title_nodo": null }, "geometry": { "type": "Point", "coordinates": [ -72.10234, -36.60728 ] } },
{ "type": "Feature", "properties": { "Nemonico OC": "CHLL", "tipo": "SW", "id_emplazamiento": 840101, "nombre_emplazamiento": "CHILLAN II", "id_nodo": 273, "nombre_nodo": "CHIA70-HUAWEI", "Longitud": -72.10234, "Latitud": -36.60728, "title_nodo": null }, "geometry": { "type": "Point", "coordinates": [ -72.10234, -36.60728 ] } },
{ "type": "Feature", "properties": { "Nemonico OC": "CHLL", "tipo": "SW", "id_emplazamiento": 840101, "nombre_emplazamiento": "CHILLAN II", "id_nodo": 344, "nombre_nodo": "CHIA71-HUAWEI", "Longitud": -72.10234, "Latitud": -36.60728, "title_nodo": null }, "geometry": { "type": "Point", "coordinates": [ -72.10234, -36.60728 ] } },
{ "type": "Feature", "properties": { "Nemonico OC": "CHLL", "tipo": "SW", "id_emplazamiento": 840101, "nombre_emplazamiento": "CHILLAN II", "id_nodo": 771, "nombre_nodo": "CHIA72-HUAWEI", "Longitud": -72.10234, "Latitud": -36.60728, "title_nodo": null }, "geometry": { "type": "Point", "coordinates": [ -72.10234, -36.60728 ] } },
{ "type": "Feature", "properties": { "Nemonico OC": "CHLL", "tipo": "SW", "id_emplazamiento": 840101, "nombre_emplazamiento": "CHILLAN II", "id_nodo": 1204, "nombre_nodo": "CHIA73-HUAWEI", "Longitud": -72.10234, "Latitud": -36.60728, "title_nodo": null }, "geometry": { "type": "Point", "coordinates": [ -72.10234, -36.60728 ] } },
{ "type": "Feature", "properties": { "Nemonico OC": "CHLL", "tipo": "SW", "id_emplazamiento": 840101, "nombre_emplazamiento": "CHILLAN II", "id_nodo": 1286, "nombre_nodo": "CHIA74-HUAWEI", "Longitud": -72.10234, "Latitud": -36.60728, "title_nodo": null }, "geometry": { "type": "Point", "coordinates": [ -72.10234, -36.60728 ] } },
{ "type": "Feature", "properties": { "Nemonico OC": "CHLL", "tipo": "SW", "id_emplazamiento": 840101, "nombre_emplazamiento": "CHILLAN II", "id_nodo": 1799, "nombre_nodo": "CHIA75-HUAWEI", "Longitud": -72.10234, "Latitud": -36.60728, "title_nodo": null }, "geometry": { "type": "Point", "coordinates": [ -72.10234, -36.60728 ] } },
{ "type": "Feature", "properties": { "Nemonico OC": "CHL3", "tipo": "SW", "id_emplazamiento": 840102, "nombre_emplazamiento": "CHILLAN III", "id_nodo": 1083, "nombre_nodo": "CHIA31-PE40", "Longitud": -72.12952, "Latitud": -36.6245, "title_nodo": "PE40CHIA31" }, "geometry": { "type": "Point", "coordinates": [ -72.12952, -36.6245 ] } },
{ "type": "Feature", "properties": { "Nemonico OC": "CHL3", "tipo": "SW", "id_emplazamiento": 840102, "nombre_emplazamiento": "CHILLAN III", "id_nodo": 401, "nombre_nodo": "CHIA31-SW6524", "Longitud": -72.12952, "Latitud": -36.6245, "title_nodo": "SW65CHIA31" }, "geometry": { "type": "Point", "coordinates": [ -72.12952, -36.6245 ] } },
{ "type": "Feature", "properties": { "Nemonico OC": "CHL3", "tipo": "SW", "id_emplazamiento": 840102, "nombre_emplazamiento": "CHILLAN III", "id_nodo": 829, "nombre_nodo": "CHIA31-SW9303", "Longitud": -72.12952, "Latitud": -36.6245, "title_nodo": "SW93CHIA31" }, "geometry": { "type": "Point", "coordinates": [ -72.12952, -36.6245 ] } },
{ "type": "Feature", "properties": { "Nemonico OC": "VRIC", "tipo": "SW", "id_emplazamiento": 912001, "nombre_emplazamiento": "VILLARRICA", "id_nodo": 820, "nombre_nodo": "VRIC01-SW9303", "Longitud": -72.225, "Latitud": -39.2837, "title_nodo": "SW93VRIC01" }, "geometry": { "type": "Point", "coordinates": [ -72.225, -39.2837 ] } },
{ "type": "Feature", "properties": { "Nemonico OC": "VRIC", "tipo": "SW", "id_emplazamiento": 912001, "nombre_emplazamiento": "VILLARRICA", "id_nodo": 1688, "nombre_nodo": "OLT-VRIC01", "Longitud": -72.225, "Latitud": -39.2837, "title_nodo": "VRIC_OLT_1" }, "geometry": { "type": "Point", "coordinates": [ -72.225, -39.2837 ] } },
{ "type": "Feature", "properties": { "Nemonico OC": "VRIC", "tipo": "PE", "id_emplazamiento": 912001, "nombre_emplazamiento": "VILLARRICA", "id_nodo": 410, "nombre_nodo": "VILLARICA - PE204VRIC01-L HL4 (CLI DIR)", "Longitud": -72.225, "Latitud": -39.2837, "title_nodo": null }, "geometry": { "type": "Point", "coordinates": [ -72.225, -39.2837 ] } },
{ "type": "Feature", "properties": { "Nemonico OC": "VRIC", "tipo": "SW", "id_emplazamiento": 912001, "nombre_emplazamiento": "VILLARRICA", "id_nodo": 957, "nombre_nodo": "VRIC69-HUAWEI", "Longitud": -72.225, "Latitud": -39.2837, "title_nodo": null }, "geometry": { "type": "Point", "coordinates": [ -72.225, -39.2837 ] } },
{ "type": "Feature", "properties": { "Nemonico OC": "MLCH", "tipo": "PE", "id_emplazamiento": 830501, "nombre_emplazamiento": "MULCHEN", "id_nodo": 338, "nombre_nodo": "MULCHEN - PE96MULC01 HL4 (CLI DIR)", "Longitud": -72.24416, "Latitud": -37.71993, "title_nodo": null }, "geometry": { "type": "Point", "coordinates": [ -72.24416, -37.71993 ] } },
{ "type": "Feature", "properties": { "Nemonico OC": "BULN", "tipo": "SW", "id_emplazamiento": 840201, "nombre_emplazamiento": "BULNES", "id_nodo": 1771, "nombre_nodo": "OLT-BULN-1", "Longitud": -72.2973, "Latitud": -36.74375, "title_nodo": "BULN_OLT_1" }, "geometry": { "type": "Point", "coordinates": [ -72.2973, -36.74375 ] } },
{ "type": "Feature", "properties": { "Nemonico OC": "BULN", "tipo": "SW", "id_emplazamiento": 840201, "nombre_emplazamiento": "BULNES", "id_nodo": 496, "nombre_nodo": "BULN01-SW9303", "Longitud": -72.2973, "Latitud": -36.74375, "title_nodo": "SW93BULN01" }, "geometry": { "type": "Point", "coordinates": [ -72.2973, -36.74375 ] } },
{ "type": "Feature", "properties": { "Nemonico OC": "BULN", "tipo": "PE", "id_emplazamiento": 840201, "nombre_emplazamiento": "BULNES", "id_nodo": 493, "nombre_nodo": "BULNES - PE80BULN01-L", "Longitud": -72.2973, "Latitud": -36.74375, "title_nodo": null }, "geometry": { "type": "Point", "coordinates": [ -72.2973, -36.74375 ] } },
{ "type": "Feature", "properties": { "Nemonico OC": "BULN", "tipo": "SW", "id_emplazamiento": 840201, "nombre_emplazamiento": "BULNES", "id_nodo": 534, "nombre_nodo": "BULN69-HUAWEI", "Longitud": -72.2973, "Latitud": -36.74375, "title_nodo": null }, "geometry": { "type": "Point", "coordinates": [ -72.2973, -36.74375 ] } },
{ "type": "Feature", "properties": { "Nemonico OC": "BULN", "tipo": "SW", "id_emplazamiento": 840201, "nombre_emplazamiento": "BULNES", "id_nodo": 898, "nombre_nodo": "BULN70-HUAWEI", "Longitud": -72.2973, "Latitud": -36.74375, "title_nodo": null }, "geometry": { "type": "Point", "coordinates": [ -72.2973, -36.74375 ] } },
{ "type": "Feature", "properties": { "Nemonico OC": "CAUQ", "tipo": "SW", "id_emplazamiento": 720101, "nombre_emplazamiento": "CAUQUENES II", "id_nodo": 1674, "nombre_nodo": "OLT-CAUQ-1", "Longitud": -72.31332, "Latitud": -35.96635, "title_nodo": "CAUQ_OLT_1" }, "geometry": { "type": "Point", "coordinates": [ -72.31332, -35.96635 ] } },
{ "type": "Feature", "properties": { "Nemonico OC": "CAUQ", "tipo": "SW", "id_emplazamiento": 720101, "nombre_emplazamiento": "CAUQUENES II", "id_nodo": 1570, "nombre_nodo": "CAUQ02-PE40-L", "Longitud": -72.31332, "Latitud": -35.96635, "title_nodo": "PE40CAUQ02-L" }, "geometry": { "type": "Point", "coordinates": [ -72.31332, -35.96635 ] } },
{ "type": "Feature", "properties": { "Nemonico OC": "CAUQ", "tipo": "SW", "id_emplazamiento": 720101, "nombre_emplazamiento": "CAUQUENES II", "id_nodo": 304, "nombre_nodo": "CAUQ01-SW3424", "Longitud": -72.31332, "Latitud": -35.96635, "title_nodo": "SW34CAUQ01" }, "geometry": { "type": "Point", "coordinates": [ -72.31332, -35.96635 ] } },
{ "type": "Feature", "properties": { "Nemonico OC": "CAUQ", "tipo": "SW", "id_emplazamiento": 720101, "nombre_emplazamiento": "CAUQUENES II", "id_nodo": 764, "nombre_nodo": "CAUQ01-SW9303", "Longitud": -72.31332, "Latitud": -35.96635, "title_nodo": "SW93CAUQ01" }, "geometry": { "type": "Point", "coordinates": [ -72.31332, -35.96635 ] } },
{ "type": "Feature", "properties": { "Nemonico OC": "CAUQ", "tipo": "SW", "id_emplazamiento": 720101, "nombre_emplazamiento": "CAUQUENES II", "id_nodo": 1481, "nombre_nodo": "CAUQ69-HUAWEI", "Longitud": -72.31332, "Latitud": -35.96635, "title_nodo": null }, "geometry": { "type": "Point", "coordinates": [ -72.31332, -35.96635 ] } },
{ "type": "Feature", "properties": { "Nemonico OC": "VCTR", "tipo": "SW", "id_emplazamiento": 921101, "nombre_emplazamiento": "VICTORIA", "id_nodo": 837, "nombre_nodo": "VICT01-SW9303", "Longitud": -72.3329, "Latitud": -38.23427, "title_nodo": "SW93VICT01" }, "geometry": { "type": "Point", "coordinates": [ -72.3329, -38.23427 ] } },
{ "type": "Feature", "properties": { "Nemonico OC": "VCTR", "tipo": "SW", "id_emplazamiento": 921101, "nombre_emplazamiento": "VICTORIA", "id_nodo": 1642, "nombre_nodo": "OLT-VCTR-1", "Longitud": -72.3329, "Latitud": -38.23427, "title_nodo": "VCTR_OLT_1" }, "geometry": { "type": "Point", "coordinates": [ -72.3329, -38.23427 ] } },
{ "type": "Feature", "properties": { "Nemonico OC": "VCTR", "tipo": "PE", "id_emplazamiento": 921101, "nombre_emplazamiento": "VICTORIA", "id_nodo": 481, "nombre_nodo": "VICTORIA - PE80VICT01-L", "Longitud": -72.3329, "Latitud": -38.23427, "title_nodo": null }, "geometry": { "type": "Point", "coordinates": [ -72.3329, -38.23427 ] } },
{ "type": "Feature", "properties": { "Nemonico OC": "VCTR", "tipo": "SW", "id_emplazamiento": 921101, "nombre_emplazamiento": "VICTORIA", "id_nodo": 839, "nombre_nodo": "VICT69-HUAWEI", "Longitud": -72.3329, "Latitud": -38.23427, "title_nodo": null }, "geometry": { "type": "Point", "coordinates": [ -72.3329, -38.23427 ] } },
{ "type": "Feature", "properties": { "Nemonico OC": "VCTR", "tipo": "SW", "id_emplazamiento": 921101, "nombre_emplazamiento": "VICTORIA", "id_nodo": 913, "nombre_nodo": "VICT70-HUAWEI", "Longitud": -72.3329, "Latitud": -38.23427, "title_nodo": null }, "geometry": { "type": "Point", "coordinates": [ -72.3329, -38.23427 ] } },
{ "type": "Feature", "properties": { "Nemonico OC": "VCTR", "tipo": "SW", "id_emplazamiento": 921101, "nombre_emplazamiento": "VICTORIA", "id_nodo": 1001, "nombre_nodo": "VICT71-HUAWEI", "Longitud": -72.3329, "Latitud": -38.23427, "title_nodo": null }, "geometry": { "type": "Point", "coordinates": [ -72.3329, -38.23427 ] } },
{ "type": "Feature", "properties": { "Nemonico OC": "LAN3", "tipo": "SW", "id_emplazamiento": 830104, "nombre_emplazamiento": "LOS ANGELES III", "id_nodo": 766, "nombre_nodo": "LANG31-SW9303", "Longitud": -72.33972, "Latitud": -37.44994, "title_nodo": "SW93LANG31" }, "geometry": { "type": "Point", "coordinates": [ -72.33972, -37.44994 ] } },
{ "type": "Feature", "properties": { "Nemonico OC": "LAN3", "tipo": "PE", "id_emplazamiento": 830104, "nombre_emplazamiento": "LOS ANGELES III", "id_nodo": 397, "nombre_nodo": "LOS ANGELES - NB40LANG31", "Longitud": -72.33972, "Latitud": -37.44994, "title_nodo": null }, "geometry": { "type": "Point", "coordinates": [ -72.33972, -37.44994 ] } },
{ "type": "Feature", "properties": { "Nemonico OC": "LAN3", "tipo": "SW", "id_emplazamiento": 830104, "nombre_emplazamiento": "LOS ANGELES III", "id_nodo": 895, "nombre_nodo": "LANG73-HUAWEI", "Longitud": -72.33972, "Latitud": -37.44994, "title_nodo": null }, "geometry": { "type": "Point", "coordinates": [ -72.33972, -37.44994 ] } },
{ "type": "Feature", "properties": { "Nemonico OC": "LANG", "tipo": "SW", "id_emplazamiento": 830101, "nombre_emplazamiento": "LOS ANGELES", "id_nodo": 1310, "nombre_nodo": "ATP-LANG-4", "Longitud": -72.35271, "Latitud": -37.46968, "title_nodo": "LANG_ATP_4" }, "geometry": { "type": "Point", "coordinates": [ -72.35271, -37.46968 ] } },
{ "type": "Feature", "properties": { "Nemonico OC": "LANG", "tipo": "SW", "id_emplazamiento": 830101, "nombre_emplazamiento": "LOS ANGELES", "id_nodo": 1603, "nombre_nodo": "ATP-LANG-5", "Longitud": -72.35271, "Latitud": -37.46968, "title_nodo": "LANG_ATP_5" }, "geometry": { "type": "Point", "coordinates": [ -72.35271, -37.46968 ] } },
{ "type": "Feature", "properties": { "Nemonico OC": "LANG", "tipo": "SW", "id_emplazamiento": 830101, "nombre_emplazamiento": "LOS ANGELES", "id_nodo": 1635, "nombre_nodo": "ATP-LANG-6", "Longitud": -72.35271, "Latitud": -37.46968, "title_nodo": "LANG_ATP_6" }, "geometry": { "type": "Point", "coordinates": [ -72.35271, -37.46968 ] } },
{ "type": "Feature", "properties": { "Nemonico OC": "LANG", "tipo": "SW", "id_emplazamiento": 830101, "nombre_emplazamiento": "LOS ANGELES", "id_nodo": 1668, "nombre_nodo": "OLT-LANG-3", "Longitud": -72.35271, "Latitud": -37.46968, "title_nodo": "LANG_OLT_3" }, "geometry": { "type": "Point", "coordinates": [ -72.35271, -37.46968 ] } },
{ "type": "Feature", "properties": { "Nemonico OC": "LANG", "tipo": "SW", "id_emplazamiento": 830101, "nombre_emplazamiento": "LOS ANGELES", "id_nodo": 1089, "nombre_nodo": "LANG01-PE40", "Longitud": -72.35271, "Latitud": -37.46968, "title_nodo": "PE40LANG01" }, "geometry": { "type": "Point", "coordinates": [ -72.35271, -37.46968 ] } },
{ "type": "Feature", "properties": { "Nemonico OC": "LANG", "tipo": "SW", "id_emplazamiento": 830101, "nombre_emplazamiento": "LOS ANGELES", "id_nodo": 30, "nombre_nodo": "LANG01-SW3624", "Longitud": -72.35271, "Latitud": -37.46968, "title_nodo": "SW36LANG01" }, "geometry": { "type": "Point", "coordinates": [ -72.35271, -37.46968 ] } },
{ "type": "Feature", "properties": { "Nemonico OC": "LANG", "tipo": "SW", "id_emplazamiento": 830101, "nombre_emplazamiento": "LOS ANGELES", "id_nodo": 189, "nombre_nodo": "LANG01-SW3750", "Longitud": -72.35271, "Latitud": -37.46968, "title_nodo": "SW37LANG01" }, "geometry": { "type": "Point", "coordinates": [ -72.35271, -37.46968 ] } },
{ "type": "Feature", "properties": { "Nemonico OC": "LANG", "tipo": "SW", "id_emplazamiento": 830101, "nombre_emplazamiento": "LOS ANGELES", "id_nodo": 218, "nombre_nodo": "LANG02-SW3750", "Longitud": -72.35271, "Latitud": -37.46968, "title_nodo": "SW37LANG02" }, "geometry": { "type": "Point", "coordinates": [ -72.35271, -37.46968 ] } },
{ "type": "Feature", "properties": { "Nemonico OC": "LANG", "tipo": "SW", "id_emplazamiento": 830101, "nombre_emplazamiento": "LOS ANGELES", "id_nodo": 537, "nombre_nodo": "LANG01-SW9303", "Longitud": -72.35271, "Latitud": -37.46968, "title_nodo": "SW93LANG01" }, "geometry": { "type": "Point", "coordinates": [ -72.35271, -37.46968 ] } },
{ "type": "Feature", "properties": { "Nemonico OC": "LANG", "tipo": "SW", "id_emplazamiento": 830101, "nombre_emplazamiento": "LOS ANGELES", "id_nodo": 740, "nombre_nodo": "LANG02-SW9303", "Longitud": -72.35271, "Latitud": -37.46968, "title_nodo": "SW93LANG02" }, "geometry": { "type": "Point", "coordinates": [ -72.35271, -37.46968 ] } },
{ "type": "Feature", "properties": { "Nemonico OC": "LANG", "tipo": "PE", "id_emplazamiento": 830101, "nombre_emplazamiento": "LOS ANGELES", "id_nodo": 156, "nombre_nodo": "LOS ANGELES - LANG69 Huawei", "Longitud": -72.35271, "Latitud": -37.46968, "title_nodo": null }, "geometry": { "type": "Point", "coordinates": [ -72.35271, -37.46968 ] } },
{ "type": "Feature", "properties": { "Nemonico OC": "LANG", "tipo": "PE", "id_emplazamiento": 830101, "nombre_emplazamiento": "LOS ANGELES", "id_nodo": 366, "nombre_nodo": "LOS ANGELES - NB96LANG01 (Cerrado)", "Longitud": -72.35271, "Latitud": -37.46968, "title_nodo": null }, "geometry": { "type": "Point", "coordinates": [ -72.35271, -37.46968 ] } },
{ "type": "Feature", "properties": { "Nemonico OC": "LANG", "tipo": "PE", "id_emplazamiento": 830101, "nombre_emplazamiento": "LOS ANGELES", "id_nodo": 132, "nombre_nodo": "LOS ANGELES - PE06LANG01 (Cerrado)", "Longitud": -72.35271, "Latitud": -37.46968, "title_nodo": null }, "geometry": { "type": "Point", "coordinates": [ -72.35271, -37.46968 ] } },
{ "type": "Feature", "properties": { "Nemonico OC": "LANG", "tipo": "PE", "id_emplazamiento": 830101, "nombre_emplazamiento": "LOS ANGELES", "id_nodo": 201, "nombre_nodo": "LOS ANGELES - PE10LANG01", "Longitud": -72.35271, "Latitud": -37.46968, "title_nodo": null }, "geometry": { "type": "Point", "coordinates": [ -72.35271, -37.46968 ] } },
{ "type": "Feature", "properties": { "Nemonico OC": "LANG", "tipo": "PE", "id_emplazamiento": 830101, "nombre_emplazamiento": "LOS ANGELES", "id_nodo": 118, "nombre_nodo": "LOS ANGELES - PE76LANG01", "Longitud": -72.35271, "Latitud": -37.46968, "title_nodo": null }, "geometry": { "type": "Point", "coordinates": [ -72.35271, -37.46968 ] } },
{ "type": "Feature", "properties": { "Nemonico OC": "LANG", "tipo": "SW", "id_emplazamiento": 830101, "nombre_emplazamiento": "LOS ANGELES", "id_nodo": 1157, "nombre_nodo": "OLT-LANG-2", "Longitud": -72.35271, "Latitud": -37.46968, "title_nodo": null }, "geometry": { "type": "Point", "coordinates": [ -72.35271, -37.46968 ] } },
{ "type": "Feature", "properties": { "Nemonico OC": "LANG", "tipo": "SW", "id_emplazamiento": 830101, "nombre_emplazamiento": "LOS ANGELES", "id_nodo": 103, "nombre_nodo": "LANG69-HUAWEI", "Longitud": -72.35271, "Latitud": -37.46968, "title_nodo": null }, "geometry": { "type": "Point", "coordinates": [ -72.35271, -37.46968 ] } },
{ "type": "Feature", "properties": { "Nemonico OC": "LANG", "tipo": "SW", "id_emplazamiento": 830101, "nombre_emplazamiento": "LOS ANGELES", "id_nodo": 255, "nombre_nodo": "LANG70-HUAWEI", "Longitud": -72.35271, "Latitud": -37.46968, "title_nodo": null }, "geometry": { "type": "Point", "coordinates": [ -72.35271, -37.46968 ] } },
{ "type": "Feature", "properties": { "Nemonico OC": "LANG", "tipo": "SW", "id_emplazamiento": 830101, "nombre_emplazamiento": "LOS ANGELES", "id_nodo": 514, "nombre_nodo": "LANG71-HUAWEI", "Longitud": -72.35271, "Latitud": -37.46968, "title_nodo": null }, "geometry": { "type": "Point", "coordinates": [ -72.35271, -37.46968 ] } },
{ "type": "Feature", "properties": { "Nemonico OC": "LANG", "tipo": "SW", "id_emplazamiento": 830101, "nombre_emplazamiento": "LOS ANGELES", "id_nodo": 707, "nombre_nodo": "LANG72-HUAWEI", "Longitud": -72.35271, "Latitud": -37.46968, "title_nodo": null }, "geometry": { "type": "Point", "coordinates": [ -72.35271, -37.46968 ] } },
{ "type": "Feature", "properties": { "Nemonico OC": "LANG", "tipo": "SW", "id_emplazamiento": 830101, "nombre_emplazamiento": "LOS ANGELES", "id_nodo": 896, "nombre_nodo": "LANG74-HUAWEI", "Longitud": -72.35271, "Latitud": -37.46968, "title_nodo": null }, "geometry": { "type": "Point", "coordinates": [ -72.35271, -37.46968 ] } },
{ "type": "Feature", "properties": { "Nemonico OC": "LANG", "tipo": "SW", "id_emplazamiento": 830101, "nombre_emplazamiento": "LOS ANGELES", "id_nodo": 999, "nombre_nodo": "LANG75-HUAWEI", "Longitud": -72.35271, "Latitud": -37.46968, "title_nodo": null }, "geometry": { "type": "Point", "coordinates": [ -72.35271, -37.46968 ] } },
{ "type": "Feature", "properties": { "Nemonico OC": "LANG", "tipo": "SW", "id_emplazamiento": 830101, "nombre_emplazamiento": "LOS ANGELES", "id_nodo": 1164, "nombre_nodo": "LANG76-HUAWEI", "Longitud": -72.35271, "Latitud": -37.46968, "title_nodo": null }, "geometry": { "type": "Point", "coordinates": [ -72.35271, -37.46968 ] } },
{ "type": "Feature", "properties": { "Nemonico OC": "LANG", "tipo": "SW", "id_emplazamiento": 830101, "nombre_emplazamiento": "LOS ANGELES", "id_nodo": 1409, "nombre_nodo": "LANG77-HUAWEI", "Longitud": -72.35271, "Latitud": -37.46968, "title_nodo": null }, "geometry": { "type": "Point", "coordinates": [ -72.35271, -37.46968 ] } },
{ "type": "Feature", "properties": { "Nemonico OC": "LANG", "tipo": "SW", "id_emplazamiento": 830101, "nombre_emplazamiento": "LOS ANGELES", "id_nodo": 1430, "nombre_nodo": "LANG78-HUAWEI", "Longitud": -72.35271, "Latitud": -37.46968, "title_nodo": null }, "geometry": { "type": "Point", "coordinates": [ -72.35271, -37.46968 ] } },
{ "type": "Feature", "properties": { "Nemonico OC": "LANG", "tipo": "SW", "id_emplazamiento": 830101, "nombre_emplazamiento": "LOS ANGELES", "id_nodo": 1443, "nombre_nodo": "LANG79-HUAWEI", "Longitud": -72.35271, "Latitud": -37.46968, "title_nodo": null }, "geometry": { "type": "Point", "coordinates": [ -72.35271, -37.46968 ] } },
{ "type": "Feature", "properties": { "Nemonico OC": "CABR", "tipo": "SW", "id_emplazamiento": 830301, "nombre_emplazamiento": "CABRERO", "id_nodo": 1535, "nombre_nodo": "OLT-CABR-1", "Longitud": -72.4026, "Latitud": -37.03599, "title_nodo": "CABR-1- OLT" }, "geometry": { "type": "Point", "coordinates": [ -72.4026, -37.03599 ] } },
{ "type": "Feature", "properties": { "Nemonico OC": "CABR", "tipo": "PE", "id_emplazamiento": 830301, "nombre_emplazamiento": "CABRERO", "id_nodo": 394, "nombre_nodo": "CABRERO - PE96CABR01 HL4 (CLI DIR)", "Longitud": -72.4026, "Latitud": -37.03599, "title_nodo": null }, "geometry": { "type": "Point", "coordinates": [ -72.4026, -37.03599 ] } },
{ "type": "Feature", "properties": { "Nemonico OC": "CABR", "tipo": "SW", "id_emplazamiento": 830301, "nombre_emplazamiento": "CABRERO", "id_nodo": 1344, "nombre_nodo": "MSA-CABR-1", "Longitud": -72.4026, "Latitud": -37.03599, "title_nodo": null }, "geometry": { "type": "Point", "coordinates": [ -72.4026, -37.03599 ] } },
{ "type": "Feature", "properties": { "Nemonico OC": "CONS", "tipo": "SW", "id_emplazamiento": 710201, "nombre_emplazamiento": "CONSTITUCION", "id_nodo": 1640, "nombre_nodo": "OLT-CONS-1", "Longitud": -72.4114, "Latitud": -35.33143, "title_nodo": "CONS_OLT_1" }, "geometry": { "type": "Point", "coordinates": [ -72.4114, -35.33143 ] } },
{ "type": "Feature", "properties": { "Nemonico OC": "CONS", "tipo": "SW", "id_emplazamiento": 710201, "nombre_emplazamiento": "CONSTITUCION", "id_nodo": 1113, "nombre_nodo": "CONS01-PE40", "Longitud": -72.4114, "Latitud": -35.33143, "title_nodo": "PE40CONS01" }, "geometry": { "type": "Point", "coordinates": [ -72.4114, -35.33143 ] } },
{ "type": "Feature", "properties": { "Nemonico OC": "CONS", "tipo": "SW", "id_emplazamiento": 710201, "nombre_emplazamiento": "CONSTITUCION", "id_nodo": 721, "nombre_nodo": "CONS01-SW9303", "Longitud": -72.4114, "Latitud": -35.33143, "title_nodo": "SW93CONS01" }, "geometry": { "type": "Point", "coordinates": [ -72.4114, -35.33143 ] } },
{ "type": "Feature", "properties": { "Nemonico OC": "CONS", "tipo": "PE", "id_emplazamiento": 710201, "nombre_emplazamiento": "CONSTITUCION", "id_nodo": 354, "nombre_nodo": "CONSTITUCION PE96CONS01 HL4 (CLI DIR)", "Longitud": -72.4114, "Latitud": -35.33143, "title_nodo": null }, "geometry": { "type": "Point", "coordinates": [ -72.4114, -35.33143 ] } },
{ "type": "Feature", "properties": { "Nemonico OC": "LAUT", "tipo": "SW", "id_emplazamiento": 910801, "nombre_emplazamiento": "LAUTARO", "id_nodo": 1717, "nombre_nodo": "OLT-LAUT-1", "Longitud": -72.43408, "Latitud": -38.53265, "title_nodo": "LAUT_OLT_2" }, "geometry": { "type": "Point", "coordinates": [ -72.43408, -38.53265 ] } },
{ "type": "Feature", "properties": { "Nemonico OC": "LAUT", "tipo": "PE", "id_emplazamiento": 910801, "nombre_emplazamiento": "LAUTARO", "id_nodo": 326, "nombre_nodo": "LAUTARO - PE96LAUT01 HL4 (CLI DIR)", "Longitud": -72.43408, "Latitud": -38.53265, "title_nodo": null }, "geometry": { "type": "Point", "coordinates": [ -72.43408, -38.53265 ] } },
{ "type": "Feature", "properties": { "Nemonico OC": "LAUT", "tipo": "SW", "id_emplazamiento": 910801, "nombre_emplazamiento": "LAUTARO", "id_nodo": 1754, "nombre_nodo": "LAUT69-HUAWEI", "Longitud": -72.43408, "Latitud": -38.53265, "title_nodo": null }, "geometry": { "type": "Point", "coordinates": [ -72.43408, -38.53265 ] } },
{ "type": "Feature", "properties": { "Nemonico OC": "COLL", "tipo": "PE", "id_emplazamiento": 920201, "nombre_emplazamiento": "COLLIPULLI", "id_nodo": 325, "nombre_nodo": "COLLIPULLI - PE96COLL01 HL4 (CLI DIR)", "Longitud": -72.44181, "Latitud": -37.95521, "title_nodo": null }, "geometry": { "type": "Point", "coordinates": [ -72.44181, -37.95521 ] } },
{ "type": "Feature", "properties": { "Nemonico OC": "QLLN", "tipo": "SW", "id_emplazamiento": 841301, "nombre_emplazamiento": "QUILLON", "id_nodo": 1726, "nombre_nodo": "OLT-QLLN-1", "Longitud": -72.47591, "Latitud": -36.74325, "title_nodo": "QLLN_OLT_1" }, "geometry": { "type": "Point", "coordinates": [ -72.47591, -36.74325 ] } },
{ "type": "Feature", "properties": { "Nemonico OC": "QLLN", "tipo": "PE", "id_emplazamiento": 841301, "nombre_emplazamiento": "QUILLON", "id_nodo": 488, "nombre_nodo": "QUILLON - PE80QLLN01-L", "Longitud": -72.47591, "Latitud": -36.74325, "title_nodo": null }, "geometry": { "type": "Point", "coordinates": [ -72.47591, -36.74325 ] } },
{ "type": "Feature", "properties": { "Nemonico OC": "PNAT", "tipo": "SW", "id_emplazamiento": 1240101, "nombre_emplazamiento": "PUERTO NATALES", "id_nodo": 1120, "nombre_nodo": "PNAT01-PE40", "Longitud": -72.50304, "Latitud": -51.72626, "title_nodo": "PE40PNAT01" }, "geometry": { "type": "Point", "coordinates": [ -72.50304, -51.72626 ] } },
{ "type": "Feature", "properties": { "Nemonico OC": "PNAT", "tipo": "SW", "id_emplazamiento": 1240101, "nombre_emplazamiento": "PUERTO NATALES", "id_nodo": 198, "nombre_nodo": "PNAT01-SW3750", "Longitud": -72.50304, "Latitud": -51.72626, "title_nodo": "SW37PNAT01" }, "geometry": { "type": "Point", "coordinates": [ -72.50304, -51.72626 ] } },
{ "type": "Feature", "properties": { "Nemonico OC": "PNAT", "tipo": "SW", "id_emplazamiento": 1240101, "nombre_emplazamiento": "PUERTO NATALES", "id_nodo": 386, "nombre_nodo": "PNAT01-SW6524", "Longitud": -72.50304, "Latitud": -51.72626, "title_nodo": "SW65PNAT01" }, "geometry": { "type": "Point", "coordinates": [ -72.50304, -51.72626 ] } },
{ "type": "Feature", "properties": { "Nemonico OC": "PNAT", "tipo": "SW", "id_emplazamiento": 1240101, "nombre_emplazamiento": "PUERTO NATALES", "id_nodo": 851, "nombre_nodo": "PNAT01-SW9303", "Longitud": -72.50304, "Latitud": -51.72626, "title_nodo": "SW93PNAT01" }, "geometry": { "type": "Point", "coordinates": [ -72.50304, -51.72626 ] } },
{ "type": "Feature", "properties": { "Nemonico OC": "PNAT", "tipo": "PE", "id_emplazamiento": 1240101, "nombre_emplazamiento": "PUERTO NATALES", "id_nodo": 105, "nombre_nodo": "PUERTO NATALES - PE06PNAT01", "Longitud": -72.50304, "Latitud": -51.72626, "title_nodo": null }, "geometry": { "type": "Point", "coordinates": [ -72.50304, -51.72626 ] } },
{ "type": "Feature", "properties": { "Nemonico OC": "PNAT", "tipo": "SW", "id_emplazamiento": 1240101, "nombre_emplazamiento": "PUERTO NATALES", "id_nodo": 1258, "nombre_nodo": "OLT-PNAT01", "Longitud": -72.50304, "Latitud": -51.72626, "title_nodo": null }, "geometry": { "type": "Point", "coordinates": [ -72.50304, -51.72626 ] } },
{ "type": "Feature", "properties": { "Nemonico OC": "PNAT", "tipo": "SW", "id_emplazamiento": 1240101, "nombre_emplazamiento": "PUERTO NATALES", "id_nodo": 1300, "nombre_nodo": "OLT-PNAT02", "Longitud": -72.50304, "Latitud": -51.72626, "title_nodo": null }, "geometry": { "type": "Point", "coordinates": [ -72.50304, -51.72626 ] } },
{ "type": "Feature", "properties": { "Nemonico OC": "TEM1", "tipo": "SW", "id_emplazamiento": 910102, "nombre_emplazamiento": "TEMUCO II-VI-X", "id_nodo": 976, "nombre_nodo": "TEMU01-PE40", "Longitud": -72.5911, "Latitud": -38.73904, "title_nodo": "PE40TEMU01" }, "geometry": { "type": "Point", "coordinates": [ -72.5911, -38.73904 ] } },
{ "type": "Feature", "properties": { "Nemonico OC": "TEM1", "tipo": "SW", "id_emplazamiento": 910102, "nombre_emplazamiento": "TEMUCO II-VI-X", "id_nodo": 1328, "nombre_nodo": "TEMU02-PE40", "Longitud": -72.5911, "Latitud": -38.73904, "title_nodo": "PE40TEMU02" }, "geometry": { "type": "Point", "coordinates": [ -72.5911, -38.73904 ] } },
{ "type": "Feature", "properties": { "Nemonico OC": "TEM1", "tipo": "SW", "id_emplazamiento": 910102, "nombre_emplazamiento": "TEMUCO II-VI-X", "id_nodo": 1531, "nombre_nodo": "TEMU03-PE40-L", "Longitud": -72.5911, "Latitud": -38.73904, "title_nodo": "PE40TEMU03-L" }, "geometry": { "type": "Point", "coordinates": [ -72.5911, -38.73904 ] } },
{ "type": "Feature", "properties": { "Nemonico OC": "TEM1", "tipo": "SW", "id_emplazamiento": 910102, "nombre_emplazamiento": "TEMUCO II-VI-X", "id_nodo": 997, "nombre_nodo": "FTTEMU-SW2303", "Longitud": -72.5911, "Latitud": -38.73904, "title_nodo": "SW23FTTEMU01" }, "geometry": { "type": "Point", "coordinates": [ -72.5911, -38.73904 ] } },
{ "type": "Feature", "properties": { "Nemonico OC": "TEM1", "tipo": "SW", "id_emplazamiento": 910102, "nombre_emplazamiento": "TEMUCO II-VI-X", "id_nodo": 120, "nombre_nodo": "TEMU01-SW3750", "Longitud": -72.5911, "Latitud": -38.73904, "title_nodo": "SW37TEMU01" }, "geometry": { "type": "Point", "coordinates": [ -72.5911, -38.73904 ] } },
{ "type": "Feature", "properties": { "Nemonico OC": "TEM1", "tipo": "SW", "id_emplazamiento": 910102, "nombre_emplazamiento": "TEMUCO II-VI-X", "id_nodo": 159, "nombre_nodo": "TEMU02-SW3750", "Longitud": -72.5911, "Latitud": -38.73904, "title_nodo": "SW37TEMU02" }, "geometry": { "type": "Point", "coordinates": [ -72.5911, -38.73904 ] } },
{ "type": "Feature", "properties": { "Nemonico OC": "TEM1", "tipo": "SW", "id_emplazamiento": 910102, "nombre_emplazamiento": "TEMUCO II-VI-X", "id_nodo": 203, "nombre_nodo": "TEMU03-SW3750", "Longitud": -72.5911, "Latitud": -38.73904, "title_nodo": "SW37TEMU03" }, "geometry": { "type": "Point", "coordinates": [ -72.5911, -38.73904 ] } },
{ "type": "Feature", "properties": { "Nemonico OC": "TEM1", "tipo": "SW", "id_emplazamiento": 910102, "nombre_emplazamiento": "TEMUCO II-VI-X", "id_nodo": 69, "nombre_nodo": "TEMU04-SW3750", "Longitud": -72.5911, "Latitud": -38.73904, "title_nodo": "SW37TEMU04" }, "geometry": { "type": "Point", "coordinates": [ -72.5911, -38.73904 ] } },
{ "type": "Feature", "properties": { "Nemonico OC": "TEM1", "tipo": "SW", "id_emplazamiento": 910102, "nombre_emplazamiento": "TEMUCO II-VI-X", "id_nodo": 281, "nombre_nodo": "TEMU01-SW6524", "Longitud": -72.5911, "Latitud": -38.73904, "title_nodo": "SW65TEMU01" }, "geometry": { "type": "Point", "coordinates": [ -72.5911, -38.73904 ] } },
{ "type": "Feature", "properties": { "Nemonico OC": "TEM1", "tipo": "SW", "id_emplazamiento": 910102, "nombre_emplazamiento": "TEMUCO II-VI-X", "id_nodo": 373, "nombre_nodo": "TEMU01-SW7609", "Longitud": -72.5911, "Latitud": -38.73904, "title_nodo": "SW76TEMU01" }, "geometry": { "type": "Point", "coordinates": [ -72.5911, -38.73904 ] } },
{ "type": "Feature", "properties": { "Nemonico OC": "TEM1", "tipo": "SW", "id_emplazamiento": 910102, "nombre_emplazamiento": "TEMUCO II-VI-X", "id_nodo": 767, "nombre_nodo": "TEMU02-SW9303", "Longitud": -72.5911, "Latitud": -38.73904, "title_nodo": "SW93TEMU02" }, "geometry": { "type": "Point", "coordinates": [ -72.5911, -38.73904 ] } },
{ "type": "Feature", "properties": { "Nemonico OC": "TEM1", "tipo": "SW", "id_emplazamiento": 910102, "nombre_emplazamiento": "TEMUCO II-VI-X", "id_nodo": 868, "nombre_nodo": "TEMU03-SW9303", "Longitud": -72.5911, "Latitud": -38.73904, "title_nodo": "SW93TEMU03" }, "geometry": { "type": "Point", "coordinates": [ -72.5911, -38.73904 ] } },
{ "type": "Feature", "properties": { "Nemonico OC": "TEM1", "tipo": "PE", "id_emplazamiento": 910102, "nombre_emplazamiento": "TEMUCO II-VI-X", "id_nodo": 98, "nombre_nodo": "TEMUCO - NB76TEMU01", "Longitud": -72.5911, "Latitud": -38.73904, "title_nodo": null }, "geometry": { "type": "Point", "coordinates": [ -72.5911, -38.73904 ] } },
{ "type": "Feature", "properties": { "Nemonico OC": "TEM1", "tipo": "PE", "id_emplazamiento": 910102, "nombre_emplazamiento": "TEMUCO II-VI-X", "id_nodo": 172, "nombre_nodo": "TEMUCO - NB76TEMU02", "Longitud": -72.5911, "Latitud": -38.73904, "title_nodo": null }, "geometry": { "type": "Point", "coordinates": [ -72.5911, -38.73904 ] } },
{ "type": "Feature", "properties": { "Nemonico OC": "TEM1", "tipo": "PE", "id_emplazamiento": 910102, "nombre_emplazamiento": "TEMUCO II-VI-X", "id_nodo": 83, "nombre_nodo": "TEMUCO - PE06TEMU02 (Cerrado)", "Longitud": -72.5911, "Latitud": -38.73904, "title_nodo": null }, "geometry": { "type": "Point", "coordinates": [ -72.5911, -38.73904 ] } },
{ "type": "Feature", "properties": { "Nemonico OC": "TEM1", "tipo": "PE", "id_emplazamiento": 910102, "nombre_emplazamiento": "TEMUCO II-VI-X", "id_nodo": 123, "nombre_nodo": "TEMUCO - PE06TEMU03 (Cerrado)", "Longitud": -72.5911, "Latitud": -38.73904, "title_nodo": null }, "geometry": { "type": "Point", "coordinates": [ -72.5911, -38.73904 ] } },
{ "type": "Feature", "properties": { "Nemonico OC": "TEM1", "tipo": "PE", "id_emplazamiento": 910102, "nombre_emplazamiento": "TEMUCO II-VI-X", "id_nodo": 178, "nombre_nodo": "TEMUCO - PE10TEMU01 (Cerrado)", "Longitud": -72.5911, "Latitud": -38.73904, "title_nodo": null }, "geometry": { "type": "Point", "coordinates": [ -72.5911, -38.73904 ] } },
{ "type": "Feature", "properties": { "Nemonico OC": "TEM1", "tipo": "PE", "id_emplazamiento": 910102, "nombre_emplazamiento": "TEMUCO II-VI-X", "id_nodo": 247, "nombre_nodo": "TEMUCO - PE10TEMU02 (Cerrado)", "Longitud": -72.5911, "Latitud": -38.73904, "title_nodo": null }, "geometry": { "type": "Point", "coordinates": [ -72.5911, -38.73904 ] } },
{ "type": "Feature", "properties": { "Nemonico OC": "TEM1", "tipo": "PE", "id_emplazamiento": 910102, "nombre_emplazamiento": "TEMUCO II-VI-X", "id_nodo": 295, "nombre_nodo": "TEMUCO - PE480TEMU01", "Longitud": -72.5911, "Latitud": -38.73904, "title_nodo": null }, "geometry": { "type": "Point", "coordinates": [ -72.5911, -38.73904 ] } },
{ "type": "Feature", "properties": { "Nemonico OC": "TEM1", "tipo": "PE", "id_emplazamiento": 910102, "nombre_emplazamiento": "TEMUCO II-VI-X", "id_nodo": 215, "nombre_nodo": "TEMUCO - PE76QTEM01", "Longitud": -72.5911, "Latitud": -38.73904, "title_nodo": null }, "geometry": { "type": "Point", "coordinates": [ -72.5911, -38.73904 ] } },
{ "type": "Feature", "properties": { "Nemonico OC": "TEM1", "tipo": "PE", "id_emplazamiento": 910102, "nombre_emplazamiento": "TEMUCO II-VI-X", "id_nodo": 170, "nombre_nodo": "TEMUCO - TEMU69 - ALU", "Longitud": -72.5911, "Latitud": -38.73904, "title_nodo": null }, "geometry": { "type": "Point", "coordinates": [ -72.5911, -38.73904 ] } },
{ "type": "Feature", "properties": { "Nemonico OC": "TEM1", "tipo": "PE", "id_emplazamiento": 910102, "nombre_emplazamiento": "TEMUCO II-VI-X", "id_nodo": 220, "nombre_nodo": "TEMUCO - TEMU70 Huawei", "Longitud": -72.5911, "Latitud": -38.73904, "title_nodo": null }, "geometry": { "type": "Point", "coordinates": [ -72.5911, -38.73904 ] } },
{ "type": "Feature", "properties": { "Nemonico OC": "TEM1", "tipo": "PE", "id_emplazamiento": 910102, "nombre_emplazamiento": "TEMUCO II-VI-X", "id_nodo": 282, "nombre_nodo": "TEMUCO - TEMU71 Huawei", "Longitud": -72.5911, "Latitud": -38.73904, "title_nodo": null }, "geometry": { "type": "Point", "coordinates": [ -72.5911, -38.73904 ] } },
{ "type": "Feature", "properties": { "Nemonico OC": "TEM1", "tipo": "SW", "id_emplazamiento": 910102, "nombre_emplazamiento": "TEMUCO II-VI-X", "id_nodo": 1255, "nombre_nodo": "OLT-TEM1-2", "Longitud": -72.5911, "Latitud": -38.73904, "title_nodo": null }, "geometry": { "type": "Point", "coordinates": [ -72.5911, -38.73904 ] } },
{ "type": "Feature", "properties": { "Nemonico OC": "TEM1", "tipo": "SW", "id_emplazamiento": 910102, "nombre_emplazamiento": "TEMUCO II-VI-X", "id_nodo": 1174, "nombre_nodo": "OLT-TEM1-3", "Longitud": -72.5911, "Latitud": -38.73904, "title_nodo": null }, "geometry": { "type": "Point", "coordinates": [ -72.5911, -38.73904 ] } },
{ "type": "Feature", "properties": { "Nemonico OC": "TEM1", "tipo": "SW", "id_emplazamiento": 910102, "nombre_emplazamiento": "TEMUCO II-VI-X", "id_nodo": 1307, "nombre_nodo": "OLT-TEM1-5", "Longitud": -72.5911, "Latitud": -38.73904, "title_nodo": null }, "geometry": { "type": "Point", "coordinates": [ -72.5911, -38.73904 ] } },
{ "type": "Feature", "properties": { "Nemonico OC": "TEM1", "tipo": "SW", "id_emplazamiento": 910102, "nombre_emplazamiento": "TEMUCO II-VI-X", "id_nodo": 122, "nombre_nodo": "TEMU69-HUAWEI", "Longitud": -72.5911, "Latitud": -38.73904, "title_nodo": null }, "geometry": { "type": "Point", "coordinates": [ -72.5911, -38.73904 ] } },
{ "type": "Feature", "properties": { "Nemonico OC": "TEM1", "tipo": "SW", "id_emplazamiento": 910102, "nombre_emplazamiento": "TEMUCO II-VI-X", "id_nodo": 134, "nombre_nodo": "TEMU70-HUAWEI", "Longitud": -72.5911, "Latitud": -38.73904, "title_nodo": null }, "geometry": { "type": "Point", "coordinates": [ -72.5911, -38.73904 ] } },
{ "type": "Feature", "properties": { "Nemonico OC": "TEM1", "tipo": "SW", "id_emplazamiento": 910102, "nombre_emplazamiento": "TEMUCO II-VI-X", "id_nodo": 220, "nombre_nodo": "TEMU71-HUAWEI", "Longitud": -72.5911, "Latitud": -38.73904, "title_nodo": null }, "geometry": { "type": "Point", "coordinates": [ -72.5911, -38.73904 ] } },
{ "type": "Feature", "properties": { "Nemonico OC": "TEM1", "tipo": "SW", "id_emplazamiento": 910102, "nombre_emplazamiento": "TEMUCO II-VI-X", "id_nodo": 319, "nombre_nodo": "TEMU72-HUAWEI", "Longitud": -72.5911, "Latitud": -38.73904, "title_nodo": null }, "geometry": { "type": "Point", "coordinates": [ -72.5911, -38.73904 ] } },
{ "type": "Feature", "properties": { "Nemonico OC": "TEM1", "tipo": "SW", "id_emplazamiento": 910102, "nombre_emplazamiento": "TEMUCO II-VI-X", "id_nodo": 419, "nombre_nodo": "TEMU73-HUAWEI", "Longitud": -72.5911, "Latitud": -38.73904, "title_nodo": null }, "geometry": { "type": "Point", "coordinates": [ -72.5911, -38.73904 ] } },
{ "type": "Feature", "properties": { "Nemonico OC": "TEM1", "tipo": "SW", "id_emplazamiento": 910102, "nombre_emplazamiento": "TEMUCO II-VI-X", "id_nodo": 487, "nombre_nodo": "TEMU74-HUAWEI", "Longitud": -72.5911, "Latitud": -38.73904, "title_nodo": null }, "geometry": { "type": "Point", "coordinates": [ -72.5911, -38.73904 ] } },
{ "type": "Feature", "properties": { "Nemonico OC": "TEM1", "tipo": "SW", "id_emplazamiento": 910102, "nombre_emplazamiento": "TEMUCO II-VI-X", "id_nodo": 533, "nombre_nodo": "TEMU75-ALU", "Longitud": -72.5911, "Latitud": -38.73904, "title_nodo": null }, "geometry": { "type": "Point", "coordinates": [ -72.5911, -38.73904 ] } },
{ "type": "Feature", "properties": { "Nemonico OC": "TEM1", "tipo": "SW", "id_emplazamiento": 910102, "nombre_emplazamiento": "TEMUCO II-VI-X", "id_nodo": 550, "nombre_nodo": "TEMU76-HUAWEI", "Longitud": -72.5911, "Latitud": -38.73904, "title_nodo": null }, "geometry": { "type": "Point", "coordinates": [ -72.5911, -38.73904 ] } },
{ "type": "Feature", "properties": { "Nemonico OC": "TEM1", "tipo": "SW", "id_emplazamiento": 910102, "nombre_emplazamiento": "TEMUCO II-VI-X", "id_nodo": 542, "nombre_nodo": "TEMU77-HUAWEI", "Longitud": -72.5911, "Latitud": -38.73904, "title_nodo": null }, "geometry": { "type": "Point", "coordinates": [ -72.5911, -38.73904 ] } },
{ "type": "Feature", "properties": { "Nemonico OC": "TEM1", "tipo": "SW", "id_emplazamiento": 910102, "nombre_emplazamiento": "TEMUCO II-VI-X", "id_nodo": 681, "nombre_nodo": "TEMU78-HUAWEI", "Longitud": -72.5911, "Latitud": -38.73904, "title_nodo": null }, "geometry": { "type": "Point", "coordinates": [ -72.5911, -38.73904 ] } },
{ "type": "Feature", "properties": { "Nemonico OC": "TEM1", "tipo": "SW", "id_emplazamiento": 910102, "nombre_emplazamiento": "TEMUCO II-VI-X", "id_nodo": 688, "nombre_nodo": "TEMU79-HUAWEI", "Longitud": -72.5911, "Latitud": -38.73904, "title_nodo": null }, "geometry": { "type": "Point", "coordinates": [ -72.5911, -38.73904 ] } },
{ "type": "Feature", "properties": { "Nemonico OC": "TEM1", "tipo": "SW", "id_emplazamiento": 910102, "nombre_emplazamiento": "TEMUCO II-VI-X", "id_nodo": 916, "nombre_nodo": "TEMU80-MMOO", "Longitud": -72.5911, "Latitud": -38.73904, "title_nodo": null }, "geometry": { "type": "Point", "coordinates": [ -72.5911, -38.73904 ] } },
{ "type": "Feature", "properties": { "Nemonico OC": "TEM1", "tipo": "SW", "id_emplazamiento": 910102, "nombre_emplazamiento": "TEMUCO II-VI-X", "id_nodo": 963, "nombre_nodo": "TEMU83-HUAWEI", "Longitud": -72.5911, "Latitud": -38.73904, "title_nodo": null }, "geometry": { "type": "Point", "coordinates": [ -72.5911, -38.73904 ] } },
{ "type": "Feature", "properties": { "Nemonico OC": "TEM1", "tipo": "SW", "id_emplazamiento": 910102, "nombre_emplazamiento": "TEMUCO II-VI-X", "id_nodo": 972, "nombre_nodo": "TEMU84-HUAWEI", "Longitud": -72.5911, "Latitud": -38.73904, "title_nodo": null }, "geometry": { "type": "Point", "coordinates": [ -72.5911, -38.73904 ] } },
{ "type": "Feature", "properties": { "Nemonico OC": "TEM1", "tipo": "SW", "id_emplazamiento": 910102, "nombre_emplazamiento": "TEMUCO II-VI-X", "id_nodo": 1780, "nombre_nodo": "TEMU86-HUAWEI", "Longitud": -72.5911, "Latitud": -38.73904, "title_nodo": null }, "geometry": { "type": "Point", "coordinates": [ -72.5911, -38.73904 ] } },
{ "type": "Feature", "properties": { "Nemonico OC": "PCAS", "tipo": "SW", "id_emplazamiento": 911201, "nombre_emplazamiento": "PADRE LAS CASAS", "id_nodo": 1622, "nombre_nodo": "PLCA02-PE40-L", "Longitud": -72.59704, "Latitud": -38.76146, "title_nodo": "PE40PLCA02-L" }, "geometry": { "type": "Point", "coordinates": [ -72.59704, -38.76146 ] } },
{ "type": "Feature", "properties": { "Nemonico OC": "PCAS", "tipo": "SW", "id_emplazamiento": 911201, "nombre_emplazamiento": "PADRE LAS CASAS", "id_nodo": 377, "nombre_nodo": "PLCA01-SW3750", "Longitud": -72.59704, "Latitud": -38.76146, "title_nodo": "SW37PLCA01" }, "geometry": { "type": "Point", "coordinates": [ -72.59704, -38.76146 ] } },
{ "type": "Feature", "properties": { "Nemonico OC": "PCAS", "tipo": "SW", "id_emplazamiento": 911201, "nombre_emplazamiento": "PADRE LAS CASAS", "id_nodo": 755, "nombre_nodo": "PLCA01-SW9303", "Longitud": -72.59704, "Latitud": -38.76146, "title_nodo": "SW93PLCA01" }, "geometry": { "type": "Point", "coordinates": [ -72.59704, -38.76146 ] } },
{ "type": "Feature", "properties": { "Nemonico OC": "TEM3", "tipo": "SW", "id_emplazamiento": 910109, "nombre_emplazamiento": "TEMUCO III-VIII", "id_nodo": 684, "nombre_nodo": "TEMU31-SW9303", "Longitud": -72.62848, "Latitud": -38.73663, "title_nodo": "SW93TEMU31" }, "geometry": { "type": "Point", "coordinates": [ -72.62848, -38.73663 ] } },
{ "type": "Feature", "properties": { "Nemonico OC": "TEM3", "tipo": "SW", "id_emplazamiento": 910109, "nombre_emplazamiento": "TEMUCO III-VIII", "id_nodo": 908, "nombre_nodo": "TEMU32-SW9303", "Longitud": -72.62848, "Latitud": -38.73663, "title_nodo": "SW93TEMU32" }, "geometry": { "type": "Point", "coordinates": [ -72.62848, -38.73663 ] } },
{ "type": "Feature", "properties": { "Nemonico OC": "TEM3", "tipo": "PE", "id_emplazamiento": 910109, "nombre_emplazamiento": "TEMUCO III-VIII", "id_nodo": 415, "nombre_nodo": "TEMUCO - PE204TEMU31-L (CLI DIR)", "Longitud": -72.62848, "Latitud": -38.73663, "title_nodo": null }, "geometry": { "type": "Point", "coordinates": [ -72.62848, -38.73663 ] } },
{ "type": "Feature", "properties": { "Nemonico OC": "TEM3", "tipo": "PE", "id_emplazamiento": 910109, "nombre_emplazamiento": "TEMUCO III-VIII", "id_nodo": 291, "nombre_nodo": "TEMUCO - PE480TEMU31", "Longitud": -72.62848, "Latitud": -38.73663, "title_nodo": null }, "geometry": { "type": "Point", "coordinates": [ -72.62848, -38.73663 ] } },
{ "type": "Feature", "properties": { "Nemonico OC": "TEM3", "tipo": "SW", "id_emplazamiento": 910109, "nombre_emplazamiento": "TEMUCO III-VIII", "id_nodo": 1276, "nombre_nodo": "OLT-TEM3-2", "Longitud": -72.62848, "Latitud": -38.73663, "title_nodo": null }, "geometry": { "type": "Point", "coordinates": [ -72.62848, -38.73663 ] } },
{ "type": "Feature", "properties": { "Nemonico OC": "TEM3", "tipo": "SW", "id_emplazamiento": 910109, "nombre_emplazamiento": "TEMUCO III-VIII", "id_nodo": 1309, "nombre_nodo": "OLT-TEM3-5", "Longitud": -72.62848, "Latitud": -38.73663, "title_nodo": null }, "geometry": { "type": "Point", "coordinates": [ -72.62848, -38.73663 ] } },
{ "type": "Feature", "properties": { "Nemonico OC": "LNCH", "tipo": "SW", "id_emplazamiento": 910901, "nombre_emplazamiento": "LONCOCHE", "id_nodo": 1739, "nombre_nodo": "OLT-LNCH-1", "Longitud": -72.63072, "Latitud": -39.37128, "title_nodo": "LNCH_OLT_1" }, "geometry": { "type": "Point", "coordinates": [ -72.63072, -39.37128 ] } },
{ "type": "Feature", "properties": { "Nemonico OC": "LNCH", "tipo": "PE", "id_emplazamiento": 910901, "nombre_emplazamiento": "LONCOCHE", "id_nodo": 480, "nombre_nodo": "LONCOCHE - PE80LCCH-L", "Longitud": -72.63072, "Latitud": -39.37128, "title_nodo": null }, "geometry": { "type": "Point", "coordinates": [ -72.63072, -39.37128 ] } },
{ "type": "Feature", "properties": { "Nemonico OC": "TEM4", "tipo": "SW", "id_emplazamiento": 910104, "nombre_emplazamiento": "TEMUCO IV-VII", "id_nodo": 804, "nombre_nodo": "TEMU41-SW9303", "Longitud": -72.63623, "Latitud": -38.75589, "title_nodo": "SW93TEMU41" }, "geometry": { "type": "Point", "coordinates": [ -72.63623, -38.75589 ] } },
{ "type": "Feature", "properties": { "Nemonico OC": "TEM4", "tipo": "SW", "id_emplazamiento": 910104, "nombre_emplazamiento": "TEMUCO IV-VII", "id_nodo": 1281, "nombre_nodo": "OLT-TEM4-1", "Longitud": -72.63623, "Latitud": -38.75589, "title_nodo": "TEM4_OLT_1" }, "geometry": { "type": "Point", "coordinates": [ -72.63623, -38.75589 ] } },
{ "type": "Feature", "properties": { "Nemonico OC": "TEM4", "tipo": "SW", "id_emplazamiento": 910104, "nombre_emplazamiento": "TEMUCO IV-VII", "id_nodo": 1673, "nombre_nodo": "OLT-TEM4-2", "Longitud": -72.63623, "Latitud": -38.75589, "title_nodo": "TEM4_OLT_2" }, "geometry": { "type": "Point", "coordinates": [ -72.63623, -38.75589 ] } },
{ "type": "Feature", "properties": { "Nemonico OC": "TEM4", "tipo": "PE", "id_emplazamiento": 910104, "nombre_emplazamiento": "TEMUCO IV-VII", "id_nodo": 361, "nombre_nodo": "TEMUCO - PE96TEMU41 HL4 (CLI DIR)", "Longitud": -72.63623, "Latitud": -38.75589, "title_nodo": null }, "geometry": { "type": "Point", "coordinates": [ -72.63623, -38.75589 ] } },
{ "type": "Feature", "properties": { "Nemonico OC": "TEM4", "tipo": "SW", "id_emplazamiento": 910104, "nombre_emplazamiento": "TEMUCO IV-VII", "id_nodo": 920, "nombre_nodo": "TEMU81-HUAWEI", "Longitud": -72.63623, "Latitud": -38.75589, "title_nodo": null }, "geometry": { "type": "Point", "coordinates": [ -72.63623, -38.75589 ] } },
{ "type": "Feature", "properties": { "Nemonico OC": "TEM4", "tipo": "SW", "id_emplazamiento": 910104, "nombre_emplazamiento": "TEMUCO IV-VII", "id_nodo": 935, "nombre_nodo": "TEMU82-HUAWEI", "Longitud": -72.63623, "Latitud": -38.75589, "title_nodo": null }, "geometry": { "type": "Point", "coordinates": [ -72.63623, -38.75589 ] } },
{ "type": "Feature", "properties": { "Nemonico OC": "TEM4", "tipo": "SW", "id_emplazamiento": 910104, "nombre_emplazamiento": "TEMUCO IV-VII", "id_nodo": 1354, "nombre_nodo": "TEMU85-HUAWEI", "Longitud": -72.63623, "Latitud": -38.75589, "title_nodo": null }, "geometry": { "type": "Point", "coordinates": [ -72.63623, -38.75589 ] } },
{ "type": "Feature", "properties": { "Nemonico OC": "TEM4", "tipo": "SW", "id_emplazamiento": 910101, "nombre_emplazamiento": "TEMUCO V-IX", "id_nodo": 435, "nombre_nodo": "TEMU51-SW40E", "Longitud": -72.63623, "Latitud": -38.75589, "title_nodo": "SW40TEMU51" }, "geometry": { "type": "Point", "coordinates": [ -72.63623, -38.75589 ] } },
{ "type": "Feature", "properties": { "Nemonico OC": "TEM4", "tipo": "SW", "id_emplazamiento": 910101, "nombre_emplazamiento": "TEMUCO V-IX", "id_nodo": 802, "nombre_nodo": "TEMU51-SW9303", "Longitud": -72.63623, "Latitud": -38.75589, "title_nodo": "SW93TEMU51" }, "geometry": { "type": "Point", "coordinates": [ -72.63623, -38.75589 ] } },
{ "type": "Feature", "properties": { "Nemonico OC": "TEM4", "tipo": "SW", "id_emplazamiento": 910101, "nombre_emplazamiento": "TEMUCO V-IX", "id_nodo": 1278, "nombre_nodo": "OLT-TEM5-1", "Longitud": -72.63623, "Latitud": -38.75589, "title_nodo": "TEM5_OLT_1" }, "geometry": { "type": "Point", "coordinates": [ -72.63623, -38.75589 ] } },
{ "type": "Feature", "properties": { "Nemonico OC": "TEM4", "tipo": "SW", "id_emplazamiento": 910101, "nombre_emplazamiento": "TEMUCO V-IX", "id_nodo": 1727, "nombre_nodo": "OLT-TEM5-2", "Longitud": -72.63623, "Latitud": -38.75589, "title_nodo": "TEM5_OLT_2" }, "geometry": { "type": "Point", "coordinates": [ -72.63623, -38.75589 ] } },
{ "type": "Feature", "properties": { "Nemonico OC": "TEM4", "tipo": "PE", "id_emplazamiento": 910101, "nombre_emplazamiento": "TEMUCO V-IX", "id_nodo": 393, "nombre_nodo": "TEMUCO - PE96TEMU51 HL4 (CLI DIR)", "Longitud": -72.63623, "Latitud": -38.75589, "title_nodo": null }, "geometry": { "type": "Point", "coordinates": [ -72.63623, -38.75589 ] } },
{ "type": "Feature", "properties": { "Nemonico OC": "PTRU", "tipo": "SW", "id_emplazamiento": 911401, "nombre_emplazamiento": "PITRUFQUEN", "id_nodo": 1672, "nombre_nodo": "OLT-PTRU-1", "Longitud": -72.639, "Latitud": -38.9855, "title_nodo": "PTRU_OLT_1" }, "geometry": { "type": "Point", "coordinates": [ -72.639, -38.9855 ] } },
{ "type": "Feature", "properties": { "Nemonico OC": "PTRU", "tipo": "PE", "id_emplazamiento": 911401, "nombre_emplazamiento": "PITRUFQUEN", "id_nodo": 333, "nombre_nodo": "PITRUFQUEN - PE96PITR01 HL4 (CLI DIR)", "Longitud": -72.639, "Latitud": -38.9855, "title_nodo": null }, "geometry": { "type": "Point", "coordinates": [ -72.639, -38.9855 ] } },
{ "type": "Feature", "properties": { "Nemonico OC": "GORB", "tipo": "SW", "id_emplazamiento": 910701, "nombre_emplazamiento": "GORBEA", "id_nodo": 1725, "nombre_nodo": "OLT-GORB-1", "Longitud": -72.67124, "Latitud": -39.10427, "title_nodo": "GORB_OLT_1" }, "geometry": { "type": "Point", "coordinates": [ -72.67124, -39.10427 ] } },
{ "type": "Feature", "properties": { "Nemonico OC": "GORB", "tipo": "PE", "id_emplazamiento": 910701, "nombre_emplazamiento": "GORBEA", "id_nodo": 485, "nombre_nodo": "GORBEA - PE80GORB01-L", "Longitud": -72.67124, "Latitud": -39.10427, "title_nodo": null }, "geometry": { "type": "Point", "coordinates": [ -72.67124, -39.10427 ] } },
{ "type": "Feature", "properties": { "Nemonico OC": "ANGO", "tipo": "SW", "id_emplazamiento": 920101, "nombre_emplazamiento": "ANGOL", "id_nodo": 1724, "nombre_nodo": "OLT-ANGO-1", "Longitud": -72.7116, "Latitud": -37.79861, "title_nodo": "ANGO_OLT_1" }, "geometry": { "type": "Point", "coordinates": [ -72.7116, -37.79861 ] } },
{ "type": "Feature", "properties": { "Nemonico OC": "ANGO", "tipo": "SW", "id_emplazamiento": 920101, "nombre_emplazamiento": "ANGOL", "id_nodo": 836, "nombre_nodo": "ANGO01-SW9303", "Longitud": -72.7116, "Latitud": -37.79861, "title_nodo": "SW93ANGO01" }, "geometry": { "type": "Point", "coordinates": [ -72.7116, -37.79861 ] } },
{ "type": "Feature", "properties": { "Nemonico OC": "ANGO", "tipo": "PE", "id_emplazamiento": 920101, "nombre_emplazamiento": "ANGOL", "id_nodo": 420, "nombre_nodo": "ANGOL - PE204ANGO01-L (CLI DIR)", "Longitud": -72.7116, "Latitud": -37.79861, "title_nodo": null }, "geometry": { "type": "Point", "coordinates": [ -72.7116, -37.79861 ] } },
{ "type": "Feature", "properties": { "Nemonico OC": "VPER", "tipo": "SW", "id_emplazamiento": 1010101, "nombre_emplazamiento": "PUERTO MONTT (Vicente Perez R.)", "id_nodo": 1035, "nombre_nodo": "PMON01-PE40", "Longitud": -72.94948, "Latitud": -41.47316, "title_nodo": "PE40PMON01" }, "geometry": { "type": "Point", "coordinates": [ -72.94948, -41.47316 ] } },
{ "type": "Feature", "properties": { "Nemonico OC": "VPER", "tipo": "SW", "id_emplazamiento": 1010101, "nombre_emplazamiento": "PUERTO MONTT (Vicente Perez R.)", "id_nodo": 1530, "nombre_nodo": "PMON02-PE40-L", "Longitud": -72.94948, "Latitud": -41.47316, "title_nodo": "PE40PMON02-L" }, "geometry": { "type": "Point", "coordinates": [ -72.94948, -41.47316 ] } },
{ "type": "Feature", "properties": { "Nemonico OC": "VPER", "tipo": "SW", "id_emplazamiento": 1010101, "nombre_emplazamiento": "PUERTO MONTT (Vicente Perez R.)", "id_nodo": 137, "nombre_nodo": "PMON01-SW3750", "Longitud": -72.94948, "Latitud": -41.47316, "title_nodo": "SW37PMON01" }, "geometry": { "type": "Point", "coordinates": [ -72.94948, -41.47316 ] } },
{ "type": "Feature", "properties": { "Nemonico OC": "VPER", "tipo": "SW", "id_emplazamiento": 1010101, "nombre_emplazamiento": "PUERTO MONTT (Vicente Perez R.)", "id_nodo": 205, "nombre_nodo": "PMON02-SW3750", "Longitud": -72.94948, "Latitud": -41.47316, "title_nodo": "SW37PMON02" }, "geometry": { "type": "Point", "coordinates": [ -72.94948, -41.47316 ] } },
{ "type": "Feature", "properties": { "Nemonico OC": "VPER", "tipo": "SW", "id_emplazamiento": 1010101, "nombre_emplazamiento": "PUERTO MONTT (Vicente Perez R.)", "id_nodo": 57, "nombre_nodo": "PMON03-SW3750", "Longitud": -72.94948, "Latitud": -41.47316, "title_nodo": "SW37PMON03" }, "geometry": { "type": "Point", "coordinates": [ -72.94948, -41.47316 ] } },
{ "type": "Feature", "properties": { "Nemonico OC": "VPER", "tipo": "SW", "id_emplazamiento": 1010101, "nombre_emplazamiento": "PUERTO MONTT (Vicente Perez R.)", "id_nodo": 363, "nombre_nodo": "PMON01-SW6524", "Longitud": -72.94948, "Latitud": -41.47316, "title_nodo": "SW65PMON01" }, "geometry": { "type": "Point", "coordinates": [ -72.94948, -41.47316 ] } },
{ "type": "Feature", "properties": { "Nemonico OC": "VPER", "tipo": "SW", "id_emplazamiento": 1010101, "nombre_emplazamiento": "PUERTO MONTT (Vicente Perez R.)", "id_nodo": 535, "nombre_nodo": "PMON01-SW9303", "Longitud": -72.94948, "Latitud": -41.47316, "title_nodo": "SW93PMON01" }, "geometry": { "type": "Point", "coordinates": [ -72.94948, -41.47316 ] } },
{ "type": "Feature", "properties": { "Nemonico OC": "VPER", "tipo": "SW", "id_emplazamiento": 1010101, "nombre_emplazamiento": "PUERTO MONTT (Vicente Perez R.)", "id_nodo": 756, "nombre_nodo": "PMON02-SW9303", "Longitud": -72.94948, "Latitud": -41.47316, "title_nodo": "SW93PMON02" }, "geometry": { "type": "Point", "coordinates": [ -72.94948, -41.47316 ] } },
{ "type": "Feature", "properties": { "Nemonico OC": "VPER", "tipo": "SW", "id_emplazamiento": 1010101, "nombre_emplazamiento": "PUERTO MONTT (Vicente Perez R.)", "id_nodo": 1713, "nombre_nodo": "OLT-VPER-2", "Longitud": -72.94948, "Latitud": -41.47316, "title_nodo": "VPER_OLT_2" }, "geometry": { "type": "Point", "coordinates": [ -72.94948, -41.47316 ] } },
{ "type": "Feature", "properties": { "Nemonico OC": "VPER", "tipo": "SW", "id_emplazamiento": 1010101, "nombre_emplazamiento": "PUERTO MONTT (Vicente Perez R.)", "id_nodo": 1701, "nombre_nodo": "OLT-VPER-3", "Longitud": -72.94948, "Latitud": -41.47316, "title_nodo": "VPER_OLT_3" }, "geometry": { "type": "Point", "coordinates": [ -72.94948, -41.47316 ] } },
{ "type": "Feature", "properties": { "Nemonico OC": "VPER", "tipo": "SW", "id_emplazamiento": 1010101, "nombre_emplazamiento": "PUERTO MONTT (Vicente Perez R.)", "id_nodo": 1695, "nombre_nodo": "OLT-VPER-4", "Longitud": -72.94948, "Latitud": -41.47316, "title_nodo": "VPER_OLT_4" }, "geometry": { "type": "Point", "coordinates": [ -72.94948, -41.47316 ] } },
{ "type": "Feature", "properties": { "Nemonico OC": "VPER", "tipo": "SW", "id_emplazamiento": 1010101, "nombre_emplazamiento": "PUERTO MONTT (Vicente Perez R.)", "id_nodo": 1694, "nombre_nodo": "OLT-VPER-5", "Longitud": -72.94948, "Latitud": -41.47316, "title_nodo": "VPER_OLT_5" }, "geometry": { "type": "Point", "coordinates": [ -72.94948, -41.47316 ] } },
{ "type": "Feature", "properties": { "Nemonico OC": "VPER", "tipo": "SW", "id_emplazamiento": 1010101, "nombre_emplazamiento": "PUERTO MONTT (Vicente Perez R.)", "id_nodo": 1823, "nombre_nodo": "OLT-VPER-6", "Longitud": -72.94948, "Latitud": -41.47316, "title_nodo": "VPER_OLT_6" }, "geometry": { "type": "Point", "coordinates": [ -72.94948, -41.47316 ] } },
{ "type": "Feature", "properties": { "Nemonico OC": "VPER", "tipo": "SW", "id_emplazamiento": 1010101, "nombre_emplazamiento": "PUERTO MONTT (Vicente Perez R.)", "id_nodo": 1812, "nombre_nodo": "OLT-VPER-7", "Longitud": -72.94948, "Latitud": -41.47316, "title_nodo": "VPER_OLT_7" }, "geometry": { "type": "Point", "coordinates": [ -72.94948, -41.47316 ] } },
{ "type": "Feature", "properties": { "Nemonico OC": "VPER", "tipo": "PE", "id_emplazamiento": 1010101, "nombre_emplazamiento": "PUERTO MONTT (Vicente Perez R.)", "id_nodo": 121, "nombre_nodo": "PUERTO MONTT - NB76PMON01", "Longitud": -72.94948, "Latitud": -41.47316, "title_nodo": null }, "geometry": { "type": "Point", "coordinates": [ -72.94948, -41.47316 ] } },
{ "type": "Feature", "properties": { "Nemonico OC": "VPER", "tipo": "PE", "id_emplazamiento": 1010101, "nombre_emplazamiento": "PUERTO MONTT (Vicente Perez R.)", "id_nodo": 143, "nombre_nodo": "PUERTO MONTT - NB76PMON02", "Longitud": -72.94948, "Latitud": -41.47316, "title_nodo": null }, "geometry": { "type": "Point", "coordinates": [ -72.94948, -41.47316 ] } },
{ "type": "Feature", "properties": { "Nemonico OC": "VPER", "tipo": "PE", "id_emplazamiento": 1010101, "nombre_emplazamiento": "PUERTO MONTT (Vicente Perez R.)", "id_nodo": 348, "nombre_nodo": "PUERTO MONTT - NB96PMON01", "Longitud": -72.94948, "Latitud": -41.47316, "title_nodo": null }, "geometry": { "type": "Point", "coordinates": [ -72.94948, -41.47316 ] } },
{ "type": "Feature", "properties": { "Nemonico OC": "VPER", "tipo": "PE", "id_emplazamiento": 1010101, "nombre_emplazamiento": "PUERTO MONTT (Vicente Perez R.)", "id_nodo": 82, "nombre_nodo": "PUERTO MONTT - PE06PMON01 (Cerrado)", "Longitud": -72.94948, "Latitud": -41.47316, "title_nodo": null }, "geometry": { "type": "Point", "coordinates": [ -72.94948, -41.47316 ] } },
{ "type": "Feature", "properties": { "Nemonico OC": "VPER", "tipo": "PE", "id_emplazamiento": 1010101, "nombre_emplazamiento": "PUERTO MONTT (Vicente Perez R.)", "id_nodo": 222, "nombre_nodo": "PUERTO MONTT - PE06PMON02", "Longitud": -72.94948, "Latitud": -41.47316, "title_nodo": null }, "geometry": { "type": "Point", "coordinates": [ -72.94948, -41.47316 ] } },
{ "type": "Feature", "properties": { "Nemonico OC": "VPER", "tipo": "PE", "id_emplazamiento": 1010101, "nombre_emplazamiento": "PUERTO MONTT (Vicente Perez R.)", "id_nodo": 195, "nombre_nodo": "PUERTO MONTT - PE10PMON01 (Cerrado)", "Longitud": -72.94948, "Latitud": -41.47316, "title_nodo": null }, "geometry": { "type": "Point", "coordinates": [ -72.94948, -41.47316 ] } },
{ "type": "Feature", "properties": { "Nemonico OC": "VPER", "tipo": "PE", "id_emplazamiento": 1010101, "nombre_emplazamiento": "PUERTO MONTT (Vicente Perez R.)", "id_nodo": 272, "nombre_nodo": "PUERTO MONTT - PE480CARD01", "Longitud": -72.94948, "Latitud": -41.47316, "title_nodo": null }, "geometry": { "type": "Point", "coordinates": [ -72.94948, -41.47316 ] } },
{ "type": "Feature", "properties": { "Nemonico OC": "VPER", "tipo": "PE", "id_emplazamiento": 1010101, "nombre_emplazamiento": "PUERTO MONTT (Vicente Perez R.)", "id_nodo": 293, "nombre_nodo": "PUERTO MONTT - PE480PMON01", "Longitud": -72.94948, "Latitud": -41.47316, "title_nodo": null }, "geometry": { "type": "Point", "coordinates": [ -72.94948, -41.47316 ] } },
{ "type": "Feature", "properties": { "Nemonico OC": "VPER", "tipo": "PE", "id_emplazamiento": 1010101, "nombre_emplazamiento": "PUERTO MONTT (Vicente Perez R.)", "id_nodo": 377, "nombre_nodo": "PUERTO MONTT - PE96PMON01 HL4 (CLI DIR)", "Longitud": -72.94948, "Latitud": -41.47316, "title_nodo": null }, "geometry": { "type": "Point", "coordinates": [ -72.94948, -41.47316 ] } },
{ "type": "Feature", "properties": { "Nemonico OC": "VPER", "tipo": "PE", "id_emplazamiento": 1010101, "nombre_emplazamiento": "PUERTO MONTT (Vicente Perez R.)", "id_nodo": 198, "nombre_nodo": "PUERTO MONTT - PMON69 Huawei", "Longitud": -72.94948, "Latitud": -41.47316, "title_nodo": null }, "geometry": { "type": "Point", "coordinates": [ -72.94948, -41.47316 ] } },
{ "type": "Feature", "properties": { "Nemonico OC": "VPER", "tipo": "PE", "id_emplazamiento": 1010101, "nombre_emplazamiento": "PUERTO MONTT (Vicente Perez R.)", "id_nodo": 221, "nombre_nodo": "PUERTO MONTT - PMON72 Huawei", "Longitud": -72.94948, "Latitud": -41.47316, "title_nodo": null }, "geometry": { "type": "Point", "coordinates": [ -72.94948, -41.47316 ] } },
{ "type": "Feature", "properties": { "Nemonico OC": "VPER", "tipo": "SW", "id_emplazamiento": 1010101, "nombre_emplazamiento": "PUERTO MONTT (Vicente Perez R.)", "id_nodo": 179, "nombre_nodo": "PMON01-CNT...", "Longitud": -72.94948, "Latitud": -41.47316, "title_nodo": null }, "geometry": { "type": "Point", "coordinates": [ -72.94948, -41.47316 ] } },
{ "type": "Feature", "properties": { "Nemonico OC": "VPER", "tipo": "SW", "id_emplazamiento": 1010101, "nombre_emplazamiento": "PUERTO MONTT (Vicente Perez R.)", "id_nodo": 749, "nombre_nodo": "PMON01-CTR", "Longitud": -72.94948, "Latitud": -41.47316, "title_nodo": null }, "geometry": { "type": "Point", "coordinates": [ -72.94948, -41.47316 ] } },
{ "type": "Feature", "properties": { "Nemonico OC": "VPER", "tipo": "SW", "id_emplazamiento": 1010101, "nombre_emplazamiento": "PUERTO MONTT (Vicente Perez R.)", "id_nodo": 225, "nombre_nodo": "PMON69-HUAWEI", "Longitud": -72.94948, "Latitud": -41.47316, "title_nodo": null }, "geometry": { "type": "Point", "coordinates": [ -72.94948, -41.47316 ] } },
{ "type": "Feature", "properties": { "Nemonico OC": "VPER", "tipo": "SW", "id_emplazamiento": 1010101, "nombre_emplazamiento": "PUERTO MONTT (Vicente Perez R.)", "id_nodo": 375, "nombre_nodo": "PMON70-HUAWEI", "Longitud": -72.94948, "Latitud": -41.47316, "title_nodo": null }, "geometry": { "type": "Point", "coordinates": [ -72.94948, -41.47316 ] } },
{ "type": "Feature", "properties": { "Nemonico OC": "VPER", "tipo": "SW", "id_emplazamiento": 1010101, "nombre_emplazamiento": "PUERTO MONTT (Vicente Perez R.)", "id_nodo": 379, "nombre_nodo": "PMON71-HUAWEI", "Longitud": -72.94948, "Latitud": -41.47316, "title_nodo": null }, "geometry": { "type": "Point", "coordinates": [ -72.94948, -41.47316 ] } },
{ "type": "Feature", "properties": { "Nemonico OC": "NIMP", "tipo": "SW", "id_emplazamiento": 911101, "nombre_emplazamiento": "NUEVA IMPERIAL", "id_nodo": 1683, "nombre_nodo": "OLT-NIMP-1", "Longitud": -72.95291, "Latitud": -38.74544, "title_nodo": "NIMP_OLT_1" }, "geometry": { "type": "Point", "coordinates": [ -72.95291, -38.74544 ] } },
{ "type": "Feature", "properties": { "Nemonico OC": "NIMP", "tipo": "PE", "id_emplazamiento": 911101, "nombre_emplazamiento": "NUEVA IMPERIAL", "id_nodo": 399, "nombre_nodo": "NUEVA IMPERIAL - NIMP69 Huawei", "Longitud": -72.95291, "Latitud": -38.74544, "title_nodo": null }, "geometry": { "type": "Point", "coordinates": [ -72.95291, -38.74544 ] } },
{ "type": "Feature", "properties": { "Nemonico OC": "NIMP", "tipo": "PE", "id_emplazamiento": 911101, "nombre_emplazamiento": "NUEVA IMPERIAL", "id_nodo": 332, "nombre_nodo": "NUEVA IMPERIAL - PE96NIMP01 HL4 (CLI DIR)", "Longitud": -72.95291, "Latitud": -38.74544, "title_nodo": null }, "geometry": { "type": "Point", "coordinates": [ -72.95291, -38.74544 ] } },
{ "type": "Feature", "properties": { "Nemonico OC": "TOME", "tipo": "SW", "id_emplazamiento": 811101, "nombre_emplazamiento": "TOME", "id_nodo": 1612, "nombre_nodo": "OLT-TOME-1", "Longitud": -72.95725, "Latitud": -36.61979, "title_nodo": "TOME-1- OLT" }, "geometry": { "type": "Point", "coordinates": [ -72.95725, -36.61979 ] } },
{ "type": "Feature", "properties": { "Nemonico OC": "TOME", "tipo": "PE", "id_emplazamiento": 811101, "nombre_emplazamiento": "TOME", "id_nodo": 471, "nombre_nodo": "TOME - PE80TOME01-L", "Longitud": -72.95725, "Latitud": -36.61979, "title_nodo": null }, "geometry": { "type": "Point", "coordinates": [ -72.95725, -36.61979 ] } },
{ "type": "Feature", "properties": { "Nemonico OC": "COST", "tipo": "SW", "id_emplazamiento": 1010102, "nombre_emplazamiento": "PUERTO VARAS (Costanera)", "id_nodo": 1721, "nombre_nodo": "OLT-COST-2", "Longitud": -72.9789, "Latitud": -41.3244, "title_nodo": "COST_OLT_2" }, "geometry": { "type": "Point", "coordinates": [ -72.9789, -41.3244 ] } },
{ "type": "Feature", "properties": { "Nemonico OC": "COST", "tipo": "SW", "id_emplazamiento": 1010102, "nombre_emplazamiento": "PUERTO VARAS (Costanera)", "id_nodo": 791, "nombre_nodo": "PVAR01-SW9303", "Longitud": -72.9789, "Latitud": -41.3244, "title_nodo": "SW93PVAR01" }, "geometry": { "type": "Point", "coordinates": [ -72.9789, -41.3244 ] } },
{ "type": "Feature", "properties": { "Nemonico OC": "COST", "tipo": "PE", "id_emplazamiento": 1010102, "nombre_emplazamiento": "PUERTO VARAS (Costanera)", "id_nodo": 362, "nombre_nodo": "PUERTO VARAS - PE96PVAR01 HL5 solo L2", "Longitud": -72.9789, "Latitud": -41.3244, "title_nodo": null }, "geometry": { "type": "Point", "coordinates": [ -72.9789, -41.3244 ] } },
{ "type": "Feature", "properties": { "Nemonico OC": "COST", "tipo": "SW", "id_emplazamiento": 1010102, "nombre_emplazamiento": "PUERTO VARAS (Costanera)", "id_nodo": 865, "nombre_nodo": "PVAR69-HUAWEI", "Longitud": -72.9789, "Latitud": -41.3244, "title_nodo": null }, "geometry": { "type": "Point", "coordinates": [ -72.9789, -41.3244 ] } },
{ "type": "Feature", "properties": { "Nemonico OC": "COST", "tipo": "SW", "id_emplazamiento": 1010102, "nombre_emplazamiento": "PUERTO VARAS (Costanera)", "id_nodo": 1743, "nombre_nodo": "PVAR70-HUAWEI", "Longitud": -72.9789, "Latitud": -41.3244, "title_nodo": null }, "geometry": { "type": "Point", "coordinates": [ -72.9789, -41.3244 ] } },
{ "type": "Feature", "properties": { "Nemonico OC": "PENC", "tipo": "SW", "id_emplazamiento": 810701, "nombre_emplazamiento": "PENCO", "id_nodo": 1569, "nombre_nodo": "PENC02-PE40-L", "Longitud": -72.99372, "Latitud": -36.73686, "title_nodo": "PE40PENC02-L" }, "geometry": { "type": "Point", "coordinates": [ -72.99372, -36.73686 ] } },
{ "type": "Feature", "properties": { "Nemonico OC": "PENC", "tipo": "SW", "id_emplazamiento": 810701, "nombre_emplazamiento": "PENCO", "id_nodo": 1644, "nombre_nodo": "OLT-PENC-1", "Longitud": -72.99372, "Latitud": -36.73686, "title_nodo": "PENC_OLT_1" }, "geometry": { "type": "Point", "coordinates": [ -72.99372, -36.73686 ] } },
{ "type": "Feature", "properties": { "Nemonico OC": "BNOR", "tipo": "SW", "id_emplazamiento": 810111, "nombre_emplazamiento": "BARRIO NORTE", "id_nodo": 1733, "nombre_nodo": "BNOR02-PE40-L", "Longitud": -73.02174, "Latitud": -36.8177, "title_nodo": "PE40BNOR02-L" }, "geometry": { "type": "Point", "coordinates": [ -73.02174, -36.8177 ] } },
{ "type": "Feature", "properties": { "Nemonico OC": "BNOR", "tipo": "SW", "id_emplazamiento": 810111, "nombre_emplazamiento": "BARRIO NORTE", "id_nodo": 298, "nombre_nodo": "BNOR01-SW6524", "Longitud": -73.02174, "Latitud": -36.8177, "title_nodo": "SW65BNOR01" }, "geometry": { "type": "Point", "coordinates": [ -73.02174, -36.8177 ] } },
{ "type": "Feature", "properties": { "Nemonico OC": "BNOR", "tipo": "SW", "id_emplazamiento": 810111, "nombre_emplazamiento": "BARRIO NORTE", "id_nodo": 727, "nombre_nodo": "BNOR01-SW9303", "Longitud": -73.02174, "Latitud": -36.8177, "title_nodo": "SW93BNOR01" }, "geometry": { "type": "Point", "coordinates": [ -73.02174, -36.8177 ] } },
{ "type": "Feature", "properties": { "Nemonico OC": "BNOR", "tipo": "PE", "id_emplazamiento": 810111, "nombre_emplazamiento": "BARRIO NORTE", "id_nodo": 264, "nombre_nodo": "BARRIO NORTE - PE480BNOR01", "Longitud": -73.02174, "Latitud": -36.8177, "title_nodo": null }, "geometry": { "type": "Point", "coordinates": [ -73.02174, -36.8177 ] } },
{ "type": "Feature", "properties": { "Nemonico OC": "CHI1", "tipo": "PE", "id_emplazamiento": 810304, "nombre_emplazamiento": "CHIGUAYANTE III", "id_nodo": 408, "nombre_nodo": "CHIGUAYANTE - PE204CHIG31-L HL4 (CLI DIR)", "Longitud": -73.02959, "Latitud": -36.90961, "title_nodo": null }, "geometry": { "type": "Point", "coordinates": [ -73.02959, -36.90961 ] } },
{ "type": "Feature", "properties": { "Nemonico OC": "CHI1", "tipo": "SW", "id_emplazamiento": 810303, "nombre_emplazamiento": "CHIGUAYANTE II-IV", "id_nodo": 1431, "nombre_nodo": "OLT-CHI1-2", "Longitud": -73.02959, "Latitud": -36.90961, "title_nodo": "CHI1-2- OLT" }, "geometry": { "type": "Point", "coordinates": [ -73.02959, -36.90961 ] } },
{ "type": "Feature", "properties": { "Nemonico OC": "CHI1", "tipo": "SW", "id_emplazamiento": 810303, "nombre_emplazamiento": "CHIGUAYANTE II-IV", "id_nodo": 1449, "nombre_nodo": "OLT-CHI1-3", "Longitud": -73.02959, "Latitud": -36.90961, "title_nodo": "CHI1-3- OLT" }, "geometry": { "type": "Point", "coordinates": [ -73.02959, -36.90961 ] } },
{ "type": "Feature", "properties": { "Nemonico OC": "CHI1", "tipo": "SW", "id_emplazamiento": 810303, "nombre_emplazamiento": "CHIGUAYANTE II-IV", "id_nodo": 1090, "nombre_nodo": "CHIG21-PE40", "Longitud": -73.02959, "Latitud": -36.90961, "title_nodo": "PE40CHIG21" }, "geometry": { "type": "Point", "coordinates": [ -73.02959, -36.90961 ] } },
{ "type": "Feature", "properties": { "Nemonico OC": "CHI1", "tipo": "SW", "id_emplazamiento": 810303, "nombre_emplazamiento": "CHIGUAYANTE II-IV", "id_nodo": 309, "nombre_nodo": "CGU201-SW6524", "Longitud": -73.02959, "Latitud": -36.90961, "title_nodo": "SW65CGU201" }, "geometry": { "type": "Point", "coordinates": [ -73.02959, -36.90961 ] } },
{ "type": "Feature", "properties": { "Nemonico OC": "CHI1", "tipo": "SW", "id_emplazamiento": 810303, "nombre_emplazamiento": "CHIGUAYANTE II-IV", "id_nodo": 718, "nombre_nodo": "CHIG21-SW9303", "Longitud": -73.02959, "Latitud": -36.90961, "title_nodo": "SW93CHIG21" }, "geometry": { "type": "Point", "coordinates": [ -73.02959, -36.90961 ] } },
{ "type": "Feature", "properties": { "Nemonico OC": "ANDL", "tipo": "SW", "id_emplazamiento": 810116, "nombre_emplazamiento": "ANDALIEN", "id_nodo": 480, "nombre_nodo": "ANDA01-SW9303", "Longitud": -73.03143, "Latitud": -36.79958, "title_nodo": "SW93ANDA01" }, "geometry": { "type": "Point", "coordinates": [ -73.03143, -36.79958 ] } },
{ "type": "Feature", "properties": { "Nemonico OC": "CON2", "tipo": "SW", "id_emplazamiento": 810113, "nombre_emplazamiento": "CONCEPCION II", "id_nodo": 1371, "nombre_nodo": "OLT-CON2-9", "Longitud": -73.05405, "Latitud": -36.82141, "title_nodo": "CON2_OLT_9" }, "geometry": { "type": "Point", "coordinates": [ -73.05405, -36.82141 ] } },
{ "type": "Feature", "properties": { "Nemonico OC": "CON2", "tipo": "SW", "id_emplazamiento": 810113, "nombre_emplazamiento": "CONCEPCION II", "id_nodo": 1487, "nombre_nodo": "OLT-CON2-8", "Longitud": -73.05405, "Latitud": -36.82141, "title_nodo": "CON2-8- OLT" }, "geometry": { "type": "Point", "coordinates": [ -73.05405, -36.82141 ] } },
{ "type": "Feature", "properties": { "Nemonico OC": "CON2", "tipo": "SW", "id_emplazamiento": 810113, "nombre_emplazamiento": "CONCEPCION II", "id_nodo": 1038, "nombre_nodo": "CONC01-PE40", "Longitud": -73.05405, "Latitud": -36.82141, "title_nodo": "PE40CONC01" }, "geometry": { "type": "Point", "coordinates": [ -73.05405, -36.82141 ] } },
{ "type": "Feature", "properties": { "Nemonico OC": "CON2", "tipo": "SW", "id_emplazamiento": 810113, "nombre_emplazamiento": "CONCEPCION II", "id_nodo": 245, "nombre_nodo": "CONC04-SW3750", "Longitud": -73.05405, "Latitud": -36.82141, "title_nodo": "SW37CONC04" }, "geometry": { "type": "Point", "coordinates": [ -73.05405, -36.82141 ] } },
{ "type": "Feature", "properties": { "Nemonico OC": "CON2", "tipo": "SW", "id_emplazamiento": 810113, "nombre_emplazamiento": "CONCEPCION II", "id_nodo": 374, "nombre_nodo": "CONC01-SW7609", "Longitud": -73.05405, "Latitud": -36.82141, "title_nodo": "SW76CONC01" }, "geometry": { "type": "Point", "coordinates": [ -73.05405, -36.82141 ] } },
{ "type": "Feature", "properties": { "Nemonico OC": "CON2", "tipo": "SW", "id_emplazamiento": 810113, "nombre_emplazamiento": "CONCEPCION II", "id_nodo": 1020, "nombre_nodo": "CONC01-SW9303", "Longitud": -73.05405, "Latitud": -36.82141, "title_nodo": "SW93CONC01" }, "geometry": { "type": "Point", "coordinates": [ -73.05405, -36.82141 ] } },
{ "type": "Feature", "properties": { "Nemonico OC": "CON2", "tipo": "SW", "id_emplazamiento": 810113, "nombre_emplazamiento": "CONCEPCION II", "id_nodo": 590, "nombre_nodo": "CONC02-SW9303", "Longitud": -73.05405, "Latitud": -36.82141, "title_nodo": "SW93CONC02" }, "geometry": { "type": "Point", "coordinates": [ -73.05405, -36.82141 ] } },
{ "type": "Feature", "properties": { "Nemonico OC": "CON2", "tipo": "SW", "id_emplazamiento": 810113, "nombre_emplazamiento": "CONCEPCION II", "id_nodo": 828, "nombre_nodo": "CONC03-SW9303", "Longitud": -73.05405, "Latitud": -36.82141, "title_nodo": "SW93CONC03" }, "geometry": { "type": "Point", "coordinates": [ -73.05405, -36.82141 ] } },
{ "type": "Feature", "properties": { "Nemonico OC": "CON2", "tipo": "PE", "id_emplazamiento": 810113, "nombre_emplazamiento": "CONCEPCION II", "id_nodo": 319, "nombre_nodo": "CONCEPCION - NB40CONC01", "Longitud": -73.05405, "Latitud": -36.82141, "title_nodo": null }, "geometry": { "type": "Point", "coordinates": [ -73.05405, -36.82141 ] } },
{ "type": "Feature", "properties": { "Nemonico OC": "CON2", "tipo": "PE", "id_emplazamiento": 810113, "nombre_emplazamiento": "CONCEPCION II", "id_nodo": 177, "nombre_nodo": "CONCEPCION - PE10CONC01 (Cerrado)", "Longitud": -73.05405, "Latitud": -36.82141, "title_nodo": null }, "geometry": { "type": "Point", "coordinates": [ -73.05405, -36.82141 ] } },
{ "type": "Feature", "properties": { "Nemonico OC": "CON2", "tipo": "PE", "id_emplazamiento": 810113, "nombre_emplazamiento": "CONCEPCION II", "id_nodo": 305, "nombre_nodo": "CONCEPCION - PE40CCON01 y 02", "Longitud": -73.05405, "Latitud": -36.82141, "title_nodo": null }, "geometry": { "type": "Point", "coordinates": [ -73.05405, -36.82141 ] } },
{ "type": "Feature", "properties": { "Nemonico OC": "CON2", "tipo": "PE", "id_emplazamiento": 810113, "nombre_emplazamiento": "CONCEPCION II", "id_nodo": 254, "nombre_nodo": "CONCEPCION - PE76QCNC01 (ELIMINADO)", "Longitud": -73.05405, "Latitud": -36.82141, "title_nodo": null }, "geometry": { "type": "Point", "coordinates": [ -73.05405, -36.82141 ] } },
{ "type": "Feature", "properties": { "Nemonico OC": "CON2", "tipo": "PE", "id_emplazamiento": 810113, "nombre_emplazamiento": "CONCEPCION II", "id_nodo": 216, "nombre_nodo": "CONCEPCION - PE76QCNC02", "Longitud": -73.05405, "Latitud": -36.82141, "title_nodo": null }, "geometry": { "type": "Point", "coordinates": [ -73.05405, -36.82141 ] } },
{ "type": "Feature", "properties": { "Nemonico OC": "CON2", "tipo": "PE", "id_emplazamiento": 810113, "nombre_emplazamiento": "CONCEPCION II", "id_nodo": 241, "nombre_nodo": "CONCEPCION - PE96CONC01", "Longitud": -73.05405, "Latitud": -36.82141, "title_nodo": null }, "geometry": { "type": "Point", "coordinates": [ -73.05405, -36.82141 ] } },
{ "type": "Feature", "properties": { "Nemonico OC": "CON2", "tipo": "PE", "id_emplazamiento": 810113, "nombre_emplazamiento": "CONCEPCION II", "id_nodo": 452, "nombre_nodo": "CONCEPCION - PE96CONC02-L HL4 (CLI DIR)", "Longitud": -73.05405, "Latitud": -36.82141, "title_nodo": null }, "geometry": { "type": "Point", "coordinates": [ -73.05405, -36.82141 ] } },
{ "type": "Feature", "properties": { "Nemonico OC": "CON2", "tipo": "SW", "id_emplazamiento": 810113, "nombre_emplazamiento": "CONCEPCION II", "id_nodo": 1216, "nombre_nodo": "OLT-CON2-3", "Longitud": -73.05405, "Latitud": -36.82141, "title_nodo": null }, "geometry": { "type": "Point", "coordinates": [ -73.05405, -36.82141 ] } },
{ "type": "Feature", "properties": { "Nemonico OC": "CON2", "tipo": "SW", "id_emplazamiento": 810113, "nombre_emplazamiento": "CONCEPCION II", "id_nodo": 1141, "nombre_nodo": "OLT-CON2-4", "Longitud": -73.05405, "Latitud": -36.82141, "title_nodo": null }, "geometry": { "type": "Point", "coordinates": [ -73.05405, -36.82141 ] } },
{ "type": "Feature", "properties": { "Nemonico OC": "CON2", "tipo": "SW", "id_emplazamiento": 810113, "nombre_emplazamiento": "CONCEPCION II", "id_nodo": 1154, "nombre_nodo": "OLT-CON2-5", "Longitud": -73.05405, "Latitud": -36.82141, "title_nodo": null }, "geometry": { "type": "Point", "coordinates": [ -73.05405, -36.82141 ] } },
{ "type": "Feature", "properties": { "Nemonico OC": "CON2", "tipo": "SW", "id_emplazamiento": 810113, "nombre_emplazamiento": "CONCEPCION II", "id_nodo": 1153, "nombre_nodo": "OLT-CON2-6", "Longitud": -73.05405, "Latitud": -36.82141, "title_nodo": null }, "geometry": { "type": "Point", "coordinates": [ -73.05405, -36.82141 ] } },
{ "type": "Feature", "properties": { "Nemonico OC": "CON2", "tipo": "SW", "id_emplazamiento": 810113, "nombre_emplazamiento": "CONCEPCION II", "id_nodo": 1275, "nombre_nodo": "OLT-CON2-7", "Longitud": -73.05405, "Latitud": -36.82141, "title_nodo": null }, "geometry": { "type": "Point", "coordinates": [ -73.05405, -36.82141 ] } },
{ "type": "Feature", "properties": { "Nemonico OC": "CON2", "tipo": "SW", "id_emplazamiento": 810113, "nombre_emplazamiento": "CONCEPCION II", "id_nodo": 279, "nombre_nodo": "CONC74-HUAWEI", "Longitud": -73.05405, "Latitud": -36.82141, "title_nodo": null }, "geometry": { "type": "Point", "coordinates": [ -73.05405, -36.82141 ] } },
{ "type": "Feature", "properties": { "Nemonico OC": "CON2", "tipo": "SW", "id_emplazamiento": 810113, "nombre_emplazamiento": "CONCEPCION II", "id_nodo": 614, "nombre_nodo": "CONC75-HUAWEI", "Longitud": -73.05405, "Latitud": -36.82141, "title_nodo": null }, "geometry": { "type": "Point", "coordinates": [ -73.05405, -36.82141 ] } },
{ "type": "Feature", "properties": { "Nemonico OC": "CON2", "tipo": "SW", "id_emplazamiento": 810113, "nombre_emplazamiento": "CONCEPCION II", "id_nodo": 648, "nombre_nodo": "CONC76-HUAWEI", "Longitud": -73.05405, "Latitud": -36.82141, "title_nodo": null }, "geometry": { "type": "Point", "coordinates": [ -73.05405, -36.82141 ] } },
{ "type": "Feature", "properties": { "Nemonico OC": "CON2", "tipo": "SW", "id_emplazamiento": 810113, "nombre_emplazamiento": "CONCEPCION II", "id_nodo": 757, "nombre_nodo": "CONC77-HUAWEI", "Longitud": -73.05405, "Latitud": -36.82141, "title_nodo": null }, "geometry": { "type": "Point", "coordinates": [ -73.05405, -36.82141 ] } },
{ "type": "Feature", "properties": { "Nemonico OC": "CON2", "tipo": "SW", "id_emplazamiento": 810113, "nombre_emplazamiento": "CONCEPCION II", "id_nodo": 777, "nombre_nodo": "CONC78-GTD", "Longitud": -73.05405, "Latitud": -36.82141, "title_nodo": null }, "geometry": { "type": "Point", "coordinates": [ -73.05405, -36.82141 ] } },
{ "type": "Feature", "properties": { "Nemonico OC": "CON2", "tipo": "SW", "id_emplazamiento": 810113, "nombre_emplazamiento": "CONCEPCION II", "id_nodo": 969, "nombre_nodo": "CONC79-HUAWEI", "Longitud": -73.05405, "Latitud": -36.82141, "title_nodo": null }, "geometry": { "type": "Point", "coordinates": [ -73.05405, -36.82141 ] } },
{ "type": "Feature", "properties": { "Nemonico OC": "CON2", "tipo": "SW", "id_emplazamiento": 810113, "nombre_emplazamiento": "CONCEPCION II", "id_nodo": 1017, "nombre_nodo": "CONC80-HUAWEI", "Longitud": -73.05405, "Latitud": -36.82141, "title_nodo": null }, "geometry": { "type": "Point", "coordinates": [ -73.05405, -36.82141 ] } },
{ "type": "Feature", "properties": { "Nemonico OC": "CON2", "tipo": "SW", "id_emplazamiento": 810113, "nombre_emplazamiento": "CONCEPCION II", "id_nodo": 1318, "nombre_nodo": "CONC81-HUAWEI", "Longitud": -73.05405, "Latitud": -36.82141, "title_nodo": null }, "geometry": { "type": "Point", "coordinates": [ -73.05405, -36.82141 ] } },
{ "type": "Feature", "properties": { "Nemonico OC": "CON2", "tipo": "SW", "id_emplazamiento": 810113, "nombre_emplazamiento": "CONCEPCION II", "id_nodo": 1761, "nombre_nodo": "CONC82-HUAWEI", "Longitud": -73.05405, "Latitud": -36.82141, "title_nodo": null }, "geometry": { "type": "Point", "coordinates": [ -73.05405, -36.82141 ] } },
{ "type": "Feature", "properties": { "Nemonico OC": "CON2", "tipo": "SW", "id_emplazamiento": 810102, "nombre_emplazamiento": "CONCEPCION V", "id_nodo": 93, "nombre_nodo": "CONC01-SW3550", "Longitud": -73.05405, "Latitud": -36.82141, "title_nodo": "SW35CONC01" }, "geometry": { "type": "Point", "coordinates": [ -73.05405, -36.82141 ] } },
{ "type": "Feature", "properties": { "Nemonico OC": "CON2", "tipo": "PE", "id_emplazamiento": 810102, "nombre_emplazamiento": "CONCEPCION V", "id_nodo": 138, "nombre_nodo": "CONCEPCION - CONC69 - Huawei", "Longitud": -73.05405, "Latitud": -36.82141, "title_nodo": null }, "geometry": { "type": "Point", "coordinates": [ -73.05405, -36.82141 ] } },
{ "type": "Feature", "properties": { "Nemonico OC": "CON2", "tipo": "PE", "id_emplazamiento": 810102, "nombre_emplazamiento": "CONCEPCION V", "id_nodo": 311, "nombre_nodo": "CONCEPCION - CONC79 Huawei", "Longitud": -73.05405, "Latitud": -36.82141, "title_nodo": null }, "geometry": { "type": "Point", "coordinates": [ -73.05405, -36.82141 ] } },
{ "type": "Feature", "properties": { "Nemonico OC": "CON2", "tipo": "PE", "id_emplazamiento": 810102, "nombre_emplazamiento": "CONCEPCION V", "id_nodo": 320, "nombre_nodo": "CONCEPCION - CONC81 Huawei", "Longitud": -73.05405, "Latitud": -36.82141, "title_nodo": null }, "geometry": { "type": "Point", "coordinates": [ -73.05405, -36.82141 ] } },
{ "type": "Feature", "properties": { "Nemonico OC": "CON2", "tipo": "PE", "id_emplazamiento": 810102, "nombre_emplazamiento": "CONCEPCION V", "id_nodo": 97, "nombre_nodo": "CONCEPCION - NB76CONC01", "Longitud": -73.05405, "Latitud": -36.82141, "title_nodo": null }, "geometry": { "type": "Point", "coordinates": [ -73.05405, -36.82141 ] } },
{ "type": "Feature", "properties": { "Nemonico OC": "CON2", "tipo": "PE", "id_emplazamiento": 810102, "nombre_emplazamiento": "CONCEPCION V", "id_nodo": 196, "nombre_nodo": "CONCEPCION - NB76CONC02", "Longitud": -73.05405, "Latitud": -36.82141, "title_nodo": null }, "geometry": { "type": "Point", "coordinates": [ -73.05405, -36.82141 ] } },
{ "type": "Feature", "properties": { "Nemonico OC": "CON2", "tipo": "PE", "id_emplazamiento": 810102, "nombre_emplazamiento": "CONCEPCION V", "id_nodo": 64, "nombre_nodo": "CONCEPCION - PE06CONC01 (Cerrado)", "Longitud": -73.05405, "Latitud": -36.82141, "title_nodo": null }, "geometry": { "type": "Point", "coordinates": [ -73.05405, -36.82141 ] } },
{ "type": "Feature", "properties": { "Nemonico OC": "CON2", "tipo": "PE", "id_emplazamiento": 810102, "nombre_emplazamiento": "CONCEPCION V", "id_nodo": 77, "nombre_nodo": "CONCEPCION - PE06CONC02 (Cerrado)", "Longitud": -73.05405, "Latitud": -36.82141, "title_nodo": null }, "geometry": { "type": "Point", "coordinates": [ -73.05405, -36.82141 ] } },
{ "type": "Feature", "properties": { "Nemonico OC": "CON2", "tipo": "PE", "id_emplazamiento": 810102, "nombre_emplazamiento": "CONCEPCION V", "id_nodo": 124, "nombre_nodo": "CONCEPCION - PE06CONC03 (Cerrado)", "Longitud": -73.05405, "Latitud": -36.82141, "title_nodo": null }, "geometry": { "type": "Point", "coordinates": [ -73.05405, -36.82141 ] } },
{ "type": "Feature", "properties": { "Nemonico OC": "CON2", "tipo": "PE", "id_emplazamiento": 810102, "nombre_emplazamiento": "CONCEPCION V", "id_nodo": 212, "nombre_nodo": "CONCEPCION - PE10CONC02 (Cerrado)", "Longitud": -73.05405, "Latitud": -36.82141, "title_nodo": null }, "geometry": { "type": "Point", "coordinates": [ -73.05405, -36.82141 ] } },
{ "type": "Feature", "properties": { "Nemonico OC": "CON2", "tipo": "SW", "id_emplazamiento": 810102, "nombre_emplazamiento": "CONCEPCION V", "id_nodo": 100, "nombre_nodo": "CONC69-HUAWEI", "Longitud": -73.05405, "Latitud": -36.82141, "title_nodo": null }, "geometry": { "type": "Point", "coordinates": [ -73.05405, -36.82141 ] } },
{ "type": "Feature", "properties": { "Nemonico OC": "CON2", "tipo": "SW", "id_emplazamiento": 810102, "nombre_emplazamiento": "CONCEPCION V", "id_nodo": 143, "nombre_nodo": "CONC70-HUAWEI", "Longitud": -73.05405, "Latitud": -36.82141, "title_nodo": null }, "geometry": { "type": "Point", "coordinates": [ -73.05405, -36.82141 ] } },
{ "type": "Feature", "properties": { "Nemonico OC": "CON2", "tipo": "SW", "id_emplazamiento": 810102, "nombre_emplazamiento": "CONCEPCION V", "id_nodo": 147, "nombre_nodo": "CONC71-HUAWEI", "Longitud": -73.05405, "Latitud": -36.82141, "title_nodo": null }, "geometry": { "type": "Point", "coordinates": [ -73.05405, -36.82141 ] } },
{ "type": "Feature", "properties": { "Nemonico OC": "CON2", "tipo": "SW", "id_emplazamiento": 810102, "nombre_emplazamiento": "CONCEPCION V", "id_nodo": 182, "nombre_nodo": "CONC72-HUAWEI", "Longitud": -73.05405, "Latitud": -36.82141, "title_nodo": null }, "geometry": { "type": "Point", "coordinates": [ -73.05405, -36.82141 ] } },
{ "type": "Feature", "properties": { "Nemonico OC": "CON2", "tipo": "SW", "id_emplazamiento": 810102, "nombre_emplazamiento": "CONCEPCION V", "id_nodo": 226, "nombre_nodo": "CONC73-HUAWEI", "Longitud": -73.05405, "Latitud": -36.82141, "title_nodo": null }, "geometry": { "type": "Point", "coordinates": [ -73.05405, -36.82141 ] } },
{ "type": "Feature", "properties": { "Nemonico OC": "LSAN", "tipo": "SW", "id_emplazamiento": 810119, "nombre_emplazamiento": "LOMAS SAN ANDRES", "id_nodo": 1109, "nombre_nodo": "OLT-LSAN-2", "Longitud": -73.05545, "Latitud": -36.79426, "title_nodo": "LSAN_ OLT_2" }, "geometry": { "type": "Point", "coordinates": [ -73.05545, -36.79426 ] } },
{ "type": "Feature", "properties": { "Nemonico OC": "LSAN", "tipo": "SW", "id_emplazamiento": 810119, "nombre_emplazamiento": "LOMAS SAN ANDRES", "id_nodo": 1253, "nombre_nodo": "OLT-LSAN-3", "Longitud": -73.05545, "Latitud": -36.79426, "title_nodo": "LSAN_ OLT_3" }, "geometry": { "type": "Point", "coordinates": [ -73.05545, -36.79426 ] } },
{ "type": "Feature", "properties": { "Nemonico OC": "LSAN", "tipo": "SW", "id_emplazamiento": 810119, "nombre_emplazamiento": "LOMAS SAN ANDRES", "id_nodo": 1378, "nombre_nodo": "OLT-LSAN-5", "Longitud": -73.05545, "Latitud": -36.79426, "title_nodo": "LSAN_ OLT_5" }, "geometry": { "type": "Point", "coordinates": [ -73.05545, -36.79426 ] } },
{ "type": "Feature", "properties": { "Nemonico OC": "LSAN", "tipo": "SW", "id_emplazamiento": 810119, "nombre_emplazamiento": "LOMAS SAN ANDRES", "id_nodo": 1767, "nombre_nodo": "OLT-LSAN-6", "Longitud": -73.05545, "Latitud": -36.79426, "title_nodo": "LSAN_ OLT_6" }, "geometry": { "type": "Point", "coordinates": [ -73.05545, -36.79426 ] } },
{ "type": "Feature", "properties": { "Nemonico OC": "LSAN", "tipo": "SW", "id_emplazamiento": 810119, "nombre_emplazamiento": "LOMAS SAN ANDRES", "id_nodo": 1082, "nombre_nodo": "LSAN01-PE40", "Longitud": -73.05545, "Latitud": -36.79426, "title_nodo": "PE40LSAN01" }, "geometry": { "type": "Point", "coordinates": [ -73.05545, -36.79426 ] } },
{ "type": "Feature", "properties": { "Nemonico OC": "LSAN", "tipo": "SW", "id_emplazamiento": 810119, "nombre_emplazamiento": "LOMAS SAN ANDRES", "id_nodo": 296, "nombre_nodo": "LSAN01-SW6524", "Longitud": -73.05545, "Latitud": -36.79426, "title_nodo": "SW65LSAN01" }, "geometry": { "type": "Point", "coordinates": [ -73.05545, -36.79426 ] } },
{ "type": "Feature", "properties": { "Nemonico OC": "LSAN", "tipo": "SW", "id_emplazamiento": 810119, "nombre_emplazamiento": "LOMAS SAN ANDRES", "id_nodo": 591, "nombre_nodo": "LSAN01-SW9303", "Longitud": -73.05545, "Latitud": -36.79426, "title_nodo": "SW93LSAN01" }, "geometry": { "type": "Point", "coordinates": [ -73.05545, -36.79426 ] } },
{ "type": "Feature", "properties": { "Nemonico OC": "LSAN", "tipo": "SW", "id_emplazamiento": 810119, "nombre_emplazamiento": "LOMAS SAN ANDRES", "id_nodo": 925, "nombre_nodo": "LSAN02-SW9303", "Longitud": -73.05545, "Latitud": -36.79426, "title_nodo": "SW93LSAN02" }, "geometry": { "type": "Point", "coordinates": [ -73.05545, -36.79426 ] } },
{ "type": "Feature", "properties": { "Nemonico OC": "LHIG", "tipo": "SW", "id_emplazamiento": 811003, "nombre_emplazamiento": "LAS HIGUERAS", "id_nodo": 1436, "nombre_nodo": "OLT-LHIG-2", "Longitud": -73.09667, "Latitud": -36.7504, "title_nodo": "LHIG-2- OLT" }, "geometry": { "type": "Point", "coordinates": [ -73.09667, -36.7504 ] } },
{ "type": "Feature", "properties": { "Nemonico OC": "LHIG", "tipo": "SW", "id_emplazamiento": 811003, "nombre_emplazamiento": "LAS HIGUERAS", "id_nodo": 1081, "nombre_nodo": "HIGU01-PE40", "Longitud": -73.09667, "Latitud": -36.7504, "title_nodo": "PE40HIGU01" }, "geometry": { "type": "Point", "coordinates": [ -73.09667, -36.7504 ] } },
{ "type": "Feature", "properties": { "Nemonico OC": "LHIG", "tipo": "SW", "id_emplazamiento": 811003, "nombre_emplazamiento": "LAS HIGUERAS", "id_nodo": 343, "nombre_nodo": "HIGU01-SW6524", "Longitud": -73.09667, "Latitud": -36.7504, "title_nodo": "SW65HIGU01" }, "geometry": { "type": "Point", "coordinates": [ -73.09667, -36.7504 ] } },
{ "type": "Feature", "properties": { "Nemonico OC": "LHIG", "tipo": "SW", "id_emplazamiento": 811003, "nombre_emplazamiento": "LAS HIGUERAS", "id_nodo": 717, "nombre_nodo": "HIGU01-SW9303", "Longitud": -73.09667, "Latitud": -36.7504, "title_nodo": "SW93HIGU01" }, "geometry": { "type": "Point", "coordinates": [ -73.09667, -36.7504 ] } },
{ "type": "Feature", "properties": { "Nemonico OC": "TALC", "tipo": "SW", "id_emplazamiento": 811005, "nombre_emplazamiento": "TALCAHUANO", "id_nodo": 1095, "nombre_nodo": "THUA01-PE40", "Longitud": -73.1093, "Latitud": -36.71786, "title_nodo": "PE40THUA01" }, "geometry": { "type": "Point", "coordinates": [ -73.1093, -36.71786 ] } },
{ "type": "Feature", "properties": { "Nemonico OC": "TALC", "tipo": "SW", "id_emplazamiento": 811005, "nombre_emplazamiento": "TALCAHUANO", "id_nodo": 474, "nombre_nodo": "THUA01-SW3424", "Longitud": -73.1093, "Latitud": -36.71786, "title_nodo": "SW34THUA01" }, "geometry": { "type": "Point", "coordinates": [ -73.1093, -36.71786 ] } },
{ "type": "Feature", "properties": { "Nemonico OC": "TALC", "tipo": "SW", "id_emplazamiento": 811005, "nombre_emplazamiento": "TALCAHUANO", "id_nodo": 258, "nombre_nodo": "THUA01-SW3750", "Longitud": -73.1093, "Latitud": -36.71786, "title_nodo": "SW37THUA01" }, "geometry": { "type": "Point", "coordinates": [ -73.1093, -36.71786 ] } },
{ "type": "Feature", "properties": { "Nemonico OC": "TALC", "tipo": "SW", "id_emplazamiento": 811005, "nombre_emplazamiento": "TALCAHUANO", "id_nodo": 660, "nombre_nodo": "THUA01-SW9303", "Longitud": -73.1093, "Latitud": -36.71786, "title_nodo": "SW93THUA01" }, "geometry": { "type": "Point", "coordinates": [ -73.1093, -36.71786 ] } },
{ "type": "Feature", "properties": { "Nemonico OC": "TALC", "tipo": "SW", "id_emplazamiento": 811005, "nombre_emplazamiento": "TALCAHUANO", "id_nodo": 897, "nombre_nodo": "THUA02-SW9303", "Longitud": -73.1093, "Latitud": -36.71786, "title_nodo": "SW93THUA02" }, "geometry": { "type": "Point", "coordinates": [ -73.1093, -36.71786 ] } },
{ "type": "Feature", "properties": { "Nemonico OC": "TALC", "tipo": "SW", "id_emplazamiento": 811005, "nombre_emplazamiento": "TALCAHUANO", "id_nodo": 691, "nombre_nodo": "THUA69-HUAWEI", "Longitud": -73.1093, "Latitud": -36.71786, "title_nodo": null }, "geometry": { "type": "Point", "coordinates": [ -73.1093, -36.71786 ] } },
{ "type": "Feature", "properties": { "Nemonico OC": "RDAM", "tipo": "SW", "id_emplazamiento": 1030101, "nombre_emplazamiento": "RIO DAMAS (Osorno)", "id_nodo": 1150, "nombre_nodo": "OSOR01-PE40", "Longitud": -73.12857, "Latitud": -40.57627, "title_nodo": "PE40OSOR01" }, "geometry": { "type": "Point", "coordinates": [ -73.12857, -40.57627 ] } },
{ "type": "Feature", "properties": { "Nemonico OC": "RDAM", "tipo": "SW", "id_emplazamiento": 1030101, "nombre_emplazamiento": "RIO DAMAS (Osorno)", "id_nodo": 1648, "nombre_nodo": "OLT-RDAM-2", "Longitud": -73.12857, "Latitud": -40.57627, "title_nodo": "RDAM_OLT_2" }, "geometry": { "type": "Point", "coordinates": [ -73.12857, -40.57627 ] } },
{ "type": "Feature", "properties": { "Nemonico OC": "RDAM", "tipo": "SW", "id_emplazamiento": 1030101, "nombre_emplazamiento": "RIO DAMAS (Osorno)", "id_nodo": 1750, "nombre_nodo": "OLT-RDAM-3", "Longitud": -73.12857, "Latitud": -40.57627, "title_nodo": "RDAM_OLT_3" }, "geometry": { "type": "Point", "coordinates": [ -73.12857, -40.57627 ] } },
{ "type": "Feature", "properties": { "Nemonico OC": "RDAM", "tipo": "SW", "id_emplazamiento": 1030101, "nombre_emplazamiento": "RIO DAMAS (Osorno)", "id_nodo": 1819, "nombre_nodo": "OLT-RDAM-4", "Longitud": -73.12857, "Latitud": -40.57627, "title_nodo": "RDAM_OLT_4" }, "geometry": { "type": "Point", "coordinates": [ -73.12857, -40.57627 ] } },
{ "type": "Feature", "properties": { "Nemonico OC": "RDAM", "tipo": "SW", "id_emplazamiento": 1030101, "nombre_emplazamiento": "RIO DAMAS (Osorno)", "id_nodo": 1583, "nombre_nodo": "OLT-RDAM-5", "Longitud": -73.12857, "Latitud": -40.57627, "title_nodo": "RDAM_OLT_5" }, "geometry": { "type": "Point", "coordinates": [ -73.12857, -40.57627 ] } },
{ "type": "Feature", "properties": { "Nemonico OC": "RDAM", "tipo": "SW", "id_emplazamiento": 1030101, "nombre_emplazamiento": "RIO DAMAS (Osorno)", "id_nodo": 136, "nombre_nodo": "OSOR01-SW3750", "Longitud": -73.12857, "Latitud": -40.57627, "title_nodo": "SW37OSOR01" }, "geometry": { "type": "Point", "coordinates": [ -73.12857, -40.57627 ] } },
{ "type": "Feature", "properties": { "Nemonico OC": "RDAM", "tipo": "SW", "id_emplazamiento": 1030101, "nombre_emplazamiento": "RIO DAMAS (Osorno)", "id_nodo": 36, "nombre_nodo": "OSOR02-SW3750", "Longitud": -73.12857, "Latitud": -40.57627, "title_nodo": "SW37OSOR02" }, "geometry": { "type": "Point", "coordinates": [ -73.12857, -40.57627 ] } },
{ "type": "Feature", "properties": { "Nemonico OC": "RDAM", "tipo": "SW", "id_emplazamiento": 1030101, "nombre_emplazamiento": "RIO DAMAS (Osorno)", "id_nodo": 583, "nombre_nodo": "OSOR01-SW40E", "Longitud": -73.12857, "Latitud": -40.57627, "title_nodo": "SW40OSOR01" }, "geometry": { "type": "Point", "coordinates": [ -73.12857, -40.57627 ] } },
{ "type": "Feature", "properties": { "Nemonico OC": "RDAM", "tipo": "SW", "id_emplazamiento": 1030101, "nombre_emplazamiento": "RIO DAMAS (Osorno)", "id_nodo": 230, "nombre_nodo": "OSOR01-SW6524", "Longitud": -73.12857, "Latitud": -40.57627, "title_nodo": "SW65OSOR01" }, "geometry": { "type": "Point", "coordinates": [ -73.12857, -40.57627 ] } },
{ "type": "Feature", "properties": { "Nemonico OC": "RDAM", "tipo": "SW", "id_emplazamiento": 1030101, "nombre_emplazamiento": "RIO DAMAS (Osorno)", "id_nodo": 393, "nombre_nodo": "OSOR02-SW6524", "Longitud": -73.12857, "Latitud": -40.57627, "title_nodo": "SW65OSOR02" }, "geometry": { "type": "Point", "coordinates": [ -73.12857, -40.57627 ] } },
{ "type": "Feature", "properties": { "Nemonico OC": "RDAM", "tipo": "SW", "id_emplazamiento": 1030101, "nombre_emplazamiento": "RIO DAMAS (Osorno)", "id_nodo": 817, "nombre_nodo": "OSOR01-SW9303", "Longitud": -73.12857, "Latitud": -40.57627, "title_nodo": "SW93OSOR01" }, "geometry": { "type": "Point", "coordinates": [ -73.12857, -40.57627 ] } },
{ "type": "Feature", "properties": { "Nemonico OC": "RDAM", "tipo": "PE", "id_emplazamiento": 1030101, "nombre_emplazamiento": "RIO DAMAS (Osorno)", "id_nodo": 316, "nombre_nodo": "OSORNO - NB90OSOR01", "Longitud": -73.12857, "Latitud": -40.57627, "title_nodo": null }, "geometry": { "type": "Point", "coordinates": [ -73.12857, -40.57627 ] } },
{ "type": "Feature", "properties": { "Nemonico OC": "RDAM", "tipo": "PE", "id_emplazamiento": 1030101, "nombre_emplazamiento": "RIO DAMAS (Osorno)", "id_nodo": 155, "nombre_nodo": "OSORNO - PE06OSOR01 (Cerrado)", "Longitud": -73.12857, "Latitud": -40.57627, "title_nodo": null }, "geometry": { "type": "Point", "coordinates": [ -73.12857, -40.57627 ] } },
{ "type": "Feature", "properties": { "Nemonico OC": "RDAM", "tipo": "PE", "id_emplazamiento": 1030101, "nombre_emplazamiento": "RIO DAMAS (Osorno)", "id_nodo": 193, "nombre_nodo": "OSORNO - PE06OSOR02", "Longitud": -73.12857, "Latitud": -40.57627, "title_nodo": null }, "geometry": { "type": "Point", "coordinates": [ -73.12857, -40.57627 ] } },
{ "type": "Feature", "properties": { "Nemonico OC": "RDAM", "tipo": "PE", "id_emplazamiento": 1030101, "nombre_emplazamiento": "RIO DAMAS (Osorno)", "id_nodo": 213, "nombre_nodo": "OSORNO - PE10OSOR01", "Longitud": -73.12857, "Latitud": -40.57627, "title_nodo": null }, "geometry": { "type": "Point", "coordinates": [ -73.12857, -40.57627 ] } },
{ "type": "Feature", "properties": { "Nemonico OC": "RDAM", "tipo": "SW", "id_emplazamiento": 1030101, "nombre_emplazamiento": "RIO DAMAS (Osorno)", "id_nodo": 138, "nombre_nodo": "OSOR69-HUAWEI", "Longitud": -73.12857, "Latitud": -40.57627, "title_nodo": null }, "geometry": { "type": "Point", "coordinates": [ -73.12857, -40.57627 ] } },
{ "type": "Feature", "properties": { "Nemonico OC": "RDAM", "tipo": "SW", "id_emplazamiento": 1030101, "nombre_emplazamiento": "RIO DAMAS (Osorno)", "id_nodo": 181, "nombre_nodo": "OSOR70-HUAWEI", "Longitud": -73.12857, "Latitud": -40.57627, "title_nodo": null }, "geometry": { "type": "Point", "coordinates": [ -73.12857, -40.57627 ] } },
{ "type": "Feature", "properties": { "Nemonico OC": "RDAM", "tipo": "SW", "id_emplazamiento": 1030101, "nombre_emplazamiento": "RIO DAMAS (Osorno)", "id_nodo": 274, "nombre_nodo": "OSOR71-HUAWEI", "Longitud": -73.12857, "Latitud": -40.57627, "title_nodo": null }, "geometry": { "type": "Point", "coordinates": [ -73.12857, -40.57627 ] } },
{ "type": "Feature", "properties": { "Nemonico OC": "RDAM", "tipo": "SW", "id_emplazamiento": 1030101, "nombre_emplazamiento": "RIO DAMAS (Osorno)", "id_nodo": 706, "nombre_nodo": "OSOR72-HUAWEI", "Longitud": -73.12857, "Latitud": -40.57627, "title_nodo": null }, "geometry": { "type": "Point", "coordinates": [ -73.12857, -40.57627 ] } },
{ "type": "Feature", "properties": { "Nemonico OC": "RDAM", "tipo": "SW", "id_emplazamiento": 1030101, "nombre_emplazamiento": "RIO DAMAS (Osorno)", "id_nodo": 950, "nombre_nodo": "OSOR73-HUAWEI", "Longitud": -73.12857, "Latitud": -40.57627, "title_nodo": null }, "geometry": { "type": "Point", "coordinates": [ -73.12857, -40.57627 ] } },
{ "type": "Feature", "properties": { "Nemonico OC": "RDAM", "tipo": "SW", "id_emplazamiento": 1030101, "nombre_emplazamiento": "RIO DAMAS (Osorno)", "id_nodo": 1442, "nombre_nodo": "OSOR74-HUAWEI", "Longitud": -73.12857, "Latitud": -40.57627, "title_nodo": null }, "geometry": { "type": "Point", "coordinates": [ -73.12857, -40.57627 ] } },
{ "type": "Feature", "properties": { "Nemonico OC": "RDAM", "tipo": "SW", "id_emplazamiento": 1030101, "nombre_emplazamiento": "RIO DAMAS (Osorno)", "id_nodo": 1510, "nombre_nodo": "OSOR75-HUAWEI", "Longitud": -73.12857, "Latitud": -40.57627, "title_nodo": null }, "geometry": { "type": "Point", "coordinates": [ -73.12857, -40.57627 ] } },
{ "type": "Feature", "properties": { "Nemonico OC": "LCOR", "tipo": "SW", "id_emplazamiento": 810115, "nombre_emplazamiento": "LOMAS COLORADAS", "id_nodo": 1585, "nombre_nodo": "LCOL02-PE40-L", "Longitud": -73.13976, "Latitud": -36.88662, "title_nodo": "PE40LCOL02-L" }, "geometry": { "type": "Point", "coordinates": [ -73.13976, -36.88662 ] } },
{ "type": "Feature", "properties": { "Nemonico OC": "LCOR", "tipo": "SW", "id_emplazamiento": 810115, "nombre_emplazamiento": "LOMAS COLORADAS", "id_nodo": 714, "nombre_nodo": "LCOL01-SW9303", "Longitud": -73.13976, "Latitud": -36.88662, "title_nodo": "SW93LCOL01" }, "geometry": { "type": "Point", "coordinates": [ -73.13976, -36.88662 ] } },
{ "type": "Feature", "properties": { "Nemonico OC": "COR1", "tipo": "SW", "id_emplazamiento": 810202, "nombre_emplazamiento": "CORONEL", "id_nodo": 959, "nombre_nodo": "CRNL21-SW9303", "Longitud": -73.14768, "Latitud": -37.02803, "title_nodo": "SW93CRNL21" }, "geometry": { "type": "Point", "coordinates": [ -73.14768, -37.02803 ] } },
{ "type": "Feature", "properties": { "Nemonico OC": "COR1", "tipo": "PE", "id_emplazamiento": 810202, "nombre_emplazamiento": "CORONEL", "id_nodo": 470, "nombre_nodo": "CORONEL - PE80CRNL21-L", "Longitud": -73.14768, "Latitud": -37.02803, "title_nodo": null }, "geometry": { "type": "Point", "coordinates": [ -73.14768, -37.02803 ] } },
{ "type": "Feature", "properties": { "Nemonico OC": "COR1", "tipo": "SW", "id_emplazamiento": 810201, "nombre_emplazamiento": "CORONEL III", "id_nodo": 722, "nombre_nodo": "CRNL31-SW9303", "Longitud": -73.14768, "Latitud": -37.02803, "title_nodo": "SW93CRNL31" }, "geometry": { "type": "Point", "coordinates": [ -73.14768, -37.02803 ] } },
{ "type": "Feature", "properties": { "Nemonico OC": "COR1", "tipo": "SW", "id_emplazamiento": 810201, "nombre_emplazamiento": "CORONEL III", "id_nodo": 924, "nombre_nodo": "CRNL32-SW9303", "Longitud": -73.14768, "Latitud": -37.02803, "title_nodo": "SW93CRNL32" }, "geometry": { "type": "Point", "coordinates": [ -73.14768, -37.02803 ] } },
{ "type": "Feature", "properties": { "Nemonico OC": "COR1", "tipo": "SW", "id_emplazamiento": 810201, "nombre_emplazamiento": "CORONEL III", "id_nodo": 792, "nombre_nodo": "CRNL69-HUAWEI", "Longitud": -73.14768, "Latitud": -37.02803, "title_nodo": null }, "geometry": { "type": "Point", "coordinates": [ -73.14768, -37.02803 ] } },
{ "type": "Feature", "properties": { "Nemonico OC": "LOTA", "tipo": "SW", "id_emplazamiento": 810601, "nombre_emplazamiento": "LOTA", "id_nodo": 834, "nombre_nodo": "LOTA01-SW9303", "Longitud": -73.15567, "Latitud": -37.09534, "title_nodo": "SW93LOTA01" }, "geometry": { "type": "Point", "coordinates": [ -73.15567, -37.09534 ] } },
{ "type": "Feature", "properties": { "Nemonico OC": "LOTA", "tipo": "PE", "id_emplazamiento": 810601, "nombre_emplazamiento": "LOTA", "id_nodo": 358, "nombre_nodo": "LOTA - PE96LOTA01 HL5 solo L2", "Longitud": -73.15567, "Latitud": -37.09534, "title_nodo": null }, "geometry": { "type": "Point", "coordinates": [ -73.15567, -37.09534 ] } },
{ "type": "Feature", "properties": { "Nemonico OC": "PIES", "tipo": "SW", "id_emplazamiento": 810101, "nombre_emplazamiento": "PARQUE IND ESCUADRON CONCEP", "id_nodo": 715, "nombre_nodo": "PIES01-SW9303", "Longitud": -73.1566, "Latitud": -36.95031, "title_nodo": "SW93PIES01" }, "geometry": { "type": "Point", "coordinates": [ -73.1566, -36.95031 ] } },
{ "type": "Feature", "properties": { "Nemonico OC": "TORE", "tipo": "SW", "id_emplazamiento": 1050101, "nombre_emplazamiento": "TORREONES", "id_nodo": 1151, "nombre_nodo": "VALD01-PE40", "Longitud": -73.24032, "Latitud": -39.81583, "title_nodo": "PE40VALD01" }, "geometry": { "type": "Point", "coordinates": [ -73.24032, -39.81583 ] } },
{ "type": "Feature", "properties": { "Nemonico OC": "TORE", "tipo": "SW", "id_emplazamiento": 1050101, "nombre_emplazamiento": "TORREONES", "id_nodo": 70, "nombre_nodo": "VALD01-SW3750", "Longitud": -73.24032, "Latitud": -39.81583, "title_nodo": "SW37VALD01" }, "geometry": { "type": "Point", "coordinates": [ -73.24032, -39.81583 ] } },
{ "type": "Feature", "properties": { "Nemonico OC": "TORE", "tipo": "SW", "id_emplazamiento": 1050101, "nombre_emplazamiento": "TORREONES", "id_nodo": 240, "nombre_nodo": "VALD01-SW6524", "Longitud": -73.24032, "Latitud": -39.81583, "title_nodo": "SW65VALD01" }, "geometry": { "type": "Point", "coordinates": [ -73.24032, -39.81583 ] } },
{ "type": "Feature", "properties": { "Nemonico OC": "TORE", "tipo": "SW", "id_emplazamiento": 1050101, "nombre_emplazamiento": "TORREONES", "id_nodo": 394, "nombre_nodo": "VALD02-SW6524", "Longitud": -73.24032, "Latitud": -39.81583, "title_nodo": "SW65VALD02" }, "geometry": { "type": "Point", "coordinates": [ -73.24032, -39.81583 ] } },
{ "type": "Feature", "properties": { "Nemonico OC": "TORE", "tipo": "SW", "id_emplazamiento": 1050101, "nombre_emplazamiento": "TORREONES", "id_nodo": 637, "nombre_nodo": "VALD01-SW9303", "Longitud": -73.24032, "Latitud": -39.81583, "title_nodo": "SW93VALD01" }, "geometry": { "type": "Point", "coordinates": [ -73.24032, -39.81583 ] } },
{ "type": "Feature", "properties": { "Nemonico OC": "TORE", "tipo": "SW", "id_emplazamiento": 1050101, "nombre_emplazamiento": "TORREONES", "id_nodo": 797, "nombre_nodo": "VALD02-SW9303", "Longitud": -73.24032, "Latitud": -39.81583, "title_nodo": "SW93VALD02" }, "geometry": { "type": "Point", "coordinates": [ -73.24032, -39.81583 ] } },
{ "type": "Feature", "properties": { "Nemonico OC": "TORE", "tipo": "SW", "id_emplazamiento": 1050101, "nombre_emplazamiento": "TORREONES", "id_nodo": 1426, "nombre_nodo": "OLT-TORE-2", "Longitud": -73.24032, "Latitud": -39.81583, "title_nodo": "TORE_OLT_2" }, "geometry": { "type": "Point", "coordinates": [ -73.24032, -39.81583 ] } },
{ "type": "Feature", "properties": { "Nemonico OC": "TORE", "tipo": "SW", "id_emplazamiento": 1050101, "nombre_emplazamiento": "TORREONES", "id_nodo": 1385, "nombre_nodo": "OLT-TORE-3", "Longitud": -73.24032, "Latitud": -39.81583, "title_nodo": "TORE_OLT_3" }, "geometry": { "type": "Point", "coordinates": [ -73.24032, -39.81583 ] } },
{ "type": "Feature", "properties": { "Nemonico OC": "TORE", "tipo": "SW", "id_emplazamiento": 1050101, "nombre_emplazamiento": "TORREONES", "id_nodo": 1697, "nombre_nodo": "OLT-TORE-4", "Longitud": -73.24032, "Latitud": -39.81583, "title_nodo": "TORE_OLT_4" }, "geometry": { "type": "Point", "coordinates": [ -73.24032, -39.81583 ] } },
{ "type": "Feature", "properties": { "Nemonico OC": "TORE", "tipo": "SW", "id_emplazamiento": 1050101, "nombre_emplazamiento": "TORREONES", "id_nodo": 1817, "nombre_nodo": "OLT-TORE-5", "Longitud": -73.24032, "Latitud": -39.81583, "title_nodo": "TORE_OLT_5" }, "geometry": { "type": "Point", "coordinates": [ -73.24032, -39.81583 ] } },
{ "type": "Feature", "properties": { "Nemonico OC": "TORE", "tipo": "SW", "id_emplazamiento": 1050101, "nombre_emplazamiento": "TORREONES", "id_nodo": 1762, "nombre_nodo": "OLT-TORE-6", "Longitud": -73.24032, "Latitud": -39.81583, "title_nodo": "TORE_OLT_6" }, "geometry": { "type": "Point", "coordinates": [ -73.24032, -39.81583 ] } },
{ "type": "Feature", "properties": { "Nemonico OC": "TORE", "tipo": "PE", "id_emplazamiento": 1050101, "nombre_emplazamiento": "TORREONES", "id_nodo": 364, "nombre_nodo": "VALDIVIA - NB96VALD01 (Cerrado)", "Longitud": -73.24032, "Latitud": -39.81583, "title_nodo": null }, "geometry": { "type": "Point", "coordinates": [ -73.24032, -39.81583 ] } },
{ "type": "Feature", "properties": { "Nemonico OC": "TORE", "tipo": "PE", "id_emplazamiento": 1050101, "nombre_emplazamiento": "TORREONES", "id_nodo": 154, "nombre_nodo": "VALDIVIA - PE06VALD01 (Cerrado)", "Longitud": -73.24032, "Latitud": -39.81583, "title_nodo": null }, "geometry": { "type": "Point", "coordinates": [ -73.24032, -39.81583 ] } },
{ "type": "Feature", "properties": { "Nemonico OC": "TORE", "tipo": "PE", "id_emplazamiento": 1050101, "nombre_emplazamiento": "TORREONES", "id_nodo": 199, "nombre_nodo": "VALDIVIA - PE10VALD01", "Longitud": -73.24032, "Latitud": -39.81583, "title_nodo": null }, "geometry": { "type": "Point", "coordinates": [ -73.24032, -39.81583 ] } },
{ "type": "Feature", "properties": { "Nemonico OC": "TORE", "tipo": "SW", "id_emplazamiento": 1050101, "nombre_emplazamiento": "TORREONES", "id_nodo": 211, "nombre_nodo": "VALD69-HUAWEI", "Longitud": -73.24032, "Latitud": -39.81583, "title_nodo": null }, "geometry": { "type": "Point", "coordinates": [ -73.24032, -39.81583 ] } },
{ "type": "Feature", "properties": { "Nemonico OC": "TORE", "tipo": "SW", "id_emplazamiento": 1050101, "nombre_emplazamiento": "TORREONES", "id_nodo": 328, "nombre_nodo": "VALD70-HUAWEI", "Longitud": -73.24032, "Latitud": -39.81583, "title_nodo": null }, "geometry": { "type": "Point", "coordinates": [ -73.24032, -39.81583 ] } },
{ "type": "Feature", "properties": { "Nemonico OC": "ARAU", "tipo": "SW", "id_emplazamiento": 820201, "nombre_emplazamiento": "ARAUCO", "id_nodo": 1625, "nombre_nodo": "OLT-ARAU-1", "Longitud": -73.32001, "Latitud": -37.24605, "title_nodo": "ARAU_OUT_1" }, "geometry": { "type": "Point", "coordinates": [ -73.32001, -37.24605 ] } },
{ "type": "Feature", "properties": { "Nemonico OC": "ARAU", "tipo": "SW", "id_emplazamiento": 820201, "nombre_emplazamiento": "ARAUCO", "id_nodo": 1784, "nombre_nodo": "OLT-ARAU-2", "Longitud": -73.32001, "Latitud": -37.24605, "title_nodo": "ARAU_OUT_2" }, "geometry": { "type": "Point", "coordinates": [ -73.32001, -37.24605 ] } },
{ "type": "Feature", "properties": { "Nemonico OC": "ARAU", "tipo": "SW", "id_emplazamiento": 820201, "nombre_emplazamiento": "ARAUCO", "id_nodo": 1617, "nombre_nodo": "ARAU02-PE40-L", "Longitud": -73.32001, "Latitud": -37.24605, "title_nodo": "PE40ARAU02-L" }, "geometry": { "type": "Point", "coordinates": [ -73.32001, -37.24605 ] } },
{ "type": "Feature", "properties": { "Nemonico OC": "ARAU", "tipo": "SW", "id_emplazamiento": 820201, "nombre_emplazamiento": "ARAUCO", "id_nodo": 266, "nombre_nodo": "ARAU01-SW3424", "Longitud": -73.32001, "Latitud": -37.24605, "title_nodo": "SW34ARAU01" }, "geometry": { "type": "Point", "coordinates": [ -73.32001, -37.24605 ] } },
{ "type": "Feature", "properties": { "Nemonico OC": "ARAU", "tipo": "SW", "id_emplazamiento": 820201, "nombre_emplazamiento": "ARAUCO", "id_nodo": 735, "nombre_nodo": "ARAU01-SW9303", "Longitud": -73.32001, "Latitud": -37.24605, "title_nodo": "SW93ARAU01" }, "geometry": { "type": "Point", "coordinates": [ -73.32001, -37.24605 ] } },
{ "type": "Feature", "properties": { "Nemonico OC": "ARAU", "tipo": "SW", "id_emplazamiento": 820201, "nombre_emplazamiento": "ARAUCO", "id_nodo": 547, "nombre_nodo": "ARAU69-HUAWEI", "Longitud": -73.32001, "Latitud": -37.24605, "title_nodo": null }, "geometry": { "type": "Point", "coordinates": [ -73.32001, -37.24605 ] } },
{ "type": "Feature", "properties": { "Nemonico OC": "CRHU", "tipo": "SW", "id_emplazamiento": 820501, "nombre_emplazamiento": "CURANILAHUE", "id_nodo": 573, "nombre_nodo": "CURA01-SW9303", "Longitud": -73.34423, "Latitud": -37.47654, "title_nodo": "SW93CURA01" }, "geometry": { "type": "Point", "coordinates": [ -73.34423, -37.47654 ] } },
{ "type": "Feature", "properties": { "Nemonico OC": "CRHU", "tipo": "SW", "id_emplazamiento": 820501, "nombre_emplazamiento": "CURANILAHUE", "id_nodo": 668, "nombre_nodo": "CURA70-HUAWEI", "Longitud": -73.34423, "Latitud": -37.47654, "title_nodo": null }, "geometry": { "type": "Point", "coordinates": [ -73.34423, -37.47654 ] } },
{ "type": "Feature", "properties": { "Nemonico OC": "CNTE", "tipo": "SW", "id_emplazamiento": 820301, "nombre_emplazamiento": "CANETE", "id_nodo": 1595, "nombre_nodo": "OLT-CNTE-1", "Longitud": -73.39887, "Latitud": -37.80114, "title_nodo": "CNTE_OLT_1" }, "geometry": { "type": "Point", "coordinates": [ -73.39887, -37.80114 ] } },
{ "type": "Feature", "properties": { "Nemonico OC": "CNTE", "tipo": "SW", "id_emplazamiento": 820301, "nombre_emplazamiento": "CANETE", "id_nodo": 1584, "nombre_nodo": "CANE02-PE40-L", "Longitud": -73.39887, "Latitud": -37.80114, "title_nodo": "PE40CANE02-L" }, "geometry": { "type": "Point", "coordinates": [ -73.39887, -37.80114 ] } },
{ "type": "Feature", "properties": { "Nemonico OC": "CNTE", "tipo": "SW", "id_emplazamiento": 820301, "nombre_emplazamiento": "CANETE", "id_nodo": 835, "nombre_nodo": "CANE01-SW9303", "Longitud": -73.39887, "Latitud": -37.80114, "title_nodo": "SW93CANE01" }, "geometry": { "type": "Point", "coordinates": [ -73.39887, -37.80114 ] } },
{ "type": "Feature", "properties": { "Nemonico OC": "CNTE", "tipo": "SW", "id_emplazamiento": 820301, "nombre_emplazamiento": "CANETE", "id_nodo": 910, "nombre_nodo": "CANE69-HUAWEI", "Longitud": -73.39887, "Latitud": -37.80114, "title_nodo": null }, "geometry": { "type": "Point", "coordinates": [ -73.39887, -37.80114 ] } },
{ "type": "Feature", "properties": { "Nemonico OC": "CNTE", "tipo": "SW", "id_emplazamiento": 820301, "nombre_emplazamiento": "CANETE", "id_nodo": 1361, "nombre_nodo": "CANE70-HUAWEI", "Longitud": -73.39887, "Latitud": -37.80114, "title_nodo": null }, "geometry": { "type": "Point", "coordinates": [ -73.39887, -37.80114 ] } }
]
}
